#pragma once
// GENERATED by tools/avriella/build_toys.py (also writes assets/avriella/toys.blend). Do not edit by hand: change the build script and run it again.
//
// Avriella's favourite toys in the N64 style: a stuffed Bluey and a little television. Each is a few stiff parts joined at pivots, so the game
// poses them with a few angles (DrawToy in RoyaleMod.cpp). Game units, Y up, facing +Z, standing on y = 0. A part's vertices are in its own space
// (its pivot at the origin); `ox, oy, oz` is where that pivot sits relative to its parent's pivot (the parent always comes earlier in the list).
#include <cstdint>

namespace royale {
namespace avriella_toys {

// A vertex: position, normal (x127), texel coordinate (1/32 texels). A batch: up to 32 vertices loaded together, the texture they use and the triangles drawn
// from them (indices within the batch; `firstVert` counts from the start of the model's vertex list). A part owns a run of vertices and of batches.
struct Vert { float x, y, z; int8_t nx, ny, nz; int16_t s, t; };
struct Batch { uint8_t texture; uint16_t firstVert; uint8_t vertCount; uint16_t firstTri; uint16_t triCount; };
struct Part { int8_t parent; float ox, oy, oz; uint16_t firstVert, vertCount; uint16_t firstBatch, batchCount; };

// Textures (RGBA16, big-endian 5-5-5-1). 0 the plush's colour swatches, 1 the smile, 2 the TV's colour swatches, then the pictures on the TV:
// Bluey cheering (two frames), static (two frames) and the switched-off glass. The TV's screen batch uses kTexScreen; the game swaps in the picture it wants.
enum Tex : uint8_t { kTexPlush = 0, kTexMouth = 1, kTexTv = 2, kTexScreen = 3, kTexBlueyA = 3, kTexBlueyB = 4, kTexStaticA = 5, kTexStaticB = 6, kTexOff = 7, kTexLaptop = 8, kTexKeys = 9, kTexCount = 10 };
struct TexInfo { const uint8_t* data; int w, h; };
alignas(8) inline constexpr uint8_t kTex0[4096] = {   // plush_pal 64x32
    0x5C, 0xF5, 0x54, 0xB5, 0x5D, 0x37, 0x54, 0xB5, 0x5C, 0xF7, 0x5C, 0xF5, 0x54, 0xB5, 0x5C, 0xF7, 0xB6, 0xFD, 0xB6, 0xBD, 0xBE, 0xFD, 0xBE, 0xFF, 0xB6, 0xBD, 0xBE, 0xFD, 0xAE, 0x7B, 0xBE, 0xFD,
    0x32, 0x23, 0x29, 0xE1, 0x29, 0xE1, 0x2A, 0x21, 0x2A, 0x21, 0x32, 0x23, 0x29, 0xE1, 0x3A, 0x65, 0xED, 0xD9, 0xED, 0xD9, 0xF6, 0x1B, 0xF6, 0x1D, 0xF6, 0x1D, 0xEE, 0x1B, 0xF6, 0x1B, 0xF6, 0x1D,
    0x08, 0x45, 0x18, 0xC9, 0x08, 0x45, 0x10, 0x87, 0x18, 0xC9, 0x10, 0x87, 0x10, 0x87, 0x10, 0x87, 0xF7, 0xBD, 0xF7, 0xBD, 0xEF, 0x7B, 0xF7, 0xBD, 0xFF, 0xFF, 0xF7, 0xBD, 0xEF, 0x7B, 0xFF, 0xFF,
    0xF4, 0x65, 0xEC, 0x23, 0xEC, 0x23, 0xF4, 0x65, 0xEC, 0x23, 0xEC, 0x23, 0xEC, 0x63, 0xF4, 0x65, 0x3B, 0xAF, 0x4C, 0x33, 0x4C, 0x33, 0x4B, 0xF1, 0x4C, 0x33, 0x4C, 0x33, 0x43, 0xAF, 0x43, 0xF1,
    0x54, 0xB5, 0x5C, 0xF7, 0x54, 0xB5, 0x54, 0xB5, 0x5C, 0xF5, 0x65, 0x37, 0x54, 0xB5, 0x5C, 0xF5, 0xBE, 0xFD, 0xBE, 0xFF, 0xBE, 0xFD, 0xB6, 0xBB, 0xB6, 0xBD, 0xBE, 0xFD, 0xAE, 0x7B, 0xB6, 0xBD,
    0x32, 0x63, 0x2A, 0x21, 0x2A, 0x23, 0x32, 0x23, 0x32, 0x23, 0x2A, 0x21, 0x3A, 0x65, 0x3A, 0x65, 0xED, 0xD9, 0xF6, 0x1B, 0xF6, 0x1D, 0xF6, 0x1D, 0xF6, 0x1D, 0xEE, 0x1B, 0xED, 0xD9, 0xF6, 0x1D,
    0x10, 0x87, 0x18, 0xC9, 0x08, 0x45, 0x10, 0x87, 0x10, 0x87, 0x10, 0x87, 0x18, 0xC9, 0x10, 0x87, 0xFF, 0xFF, 0xFF, 0xFF, 0xF7, 0xBD, 0xF7, 0xBD, 0xEF, 0x7B, 0xFF, 0xFF, 0xF7, 0xBD, 0xF7, 0xBD,
    0xE4, 0x23, 0xF4, 0x65, 0xEC, 0x63, 0xEC, 0x23, 0xEC, 0x23, 0xE4, 0x23, 0xE3, 0xE1, 0xE3, 0xE1, 0x43, 0xF1, 0x4C, 0x33, 0x4C, 0x33, 0x4C, 0x33, 0x4B, 0xF1, 0x4C, 0x33, 0x4C, 0x33, 0x4C, 0x33,
    0x5C, 0xF7, 0x65, 0x39, 0x5C, 0xF7, 0x5C, 0xF5, 0x65, 0x39, 0x54, 0xB5, 0x65, 0x37, 0x5C, 0xF5, 0xB6, 0xBB, 0xAE, 0xBB, 0xAE, 0x7B, 0xBE, 0xFD, 0xB6, 0xBB, 0xB6, 0xBB, 0xB6, 0xBD, 0xBE, 0xFF,
    0x32, 0x23, 0x32, 0x23, 0x29, 0xE1, 0x2A, 0x21, 0x32, 0x23, 0x2A, 0x23, 0x3A, 0x65, 0x2A, 0x21, 0xED, 0xDB, 0xF6, 0x1D, 0xF6, 0x5D, 0xED, 0xDB, 0xED, 0xDB, 0xF6, 0x5D, 0xF6, 0x1D, 0xED, 0xD9,
    0x10, 0x87, 0x18, 0xC9, 0x18, 0xC9, 0x10, 0x87, 0x10, 0x87, 0x10, 0x87, 0x10, 0x87, 0x18, 0xC9, 0xF7, 0xBD, 0xFF, 0xFF, 0xFF, 0xFF, 0xF7, 0xBD, 0xF7, 0xBD, 0xFF, 0xFF, 0xFF, 0xFF, 0xFF, 0xFF,
    0xE3, 0xE1, 0xEC, 0x65, 0xE4, 0x23, 0xE3, 0xE1, 0xE3, 0xE1, 0xF4, 0x65, 0xF4, 0x65, 0xEC, 0x23, 0x43, 0xF1, 0x3B, 0xAF, 0x43, 0xAF, 0x43, 0xF1, 0x43, 0xAF, 0x4C, 0x33, 0x43, 0xF1, 0x4B, 0xF1,
    0x54, 0xB5, 0x54, 0xB5, 0x5C, 0xF5, 0x65, 0x37, 0x54, 0xF5, 0x5C, 0xF7, 0x5D, 0x37, 0x5C, 0xF5, 0xAE, 0x7B, 0xB6, 0xBD, 0xB6, 0xBD, 0xBE, 0xFF, 0xBE, 0xFD, 0xBE, 0xFF, 0xB6, 0xBB, 0xB6, 0xBD,
    0x29, 0xE1, 0x3A, 0x65, 0x32, 0x23, 0x2A, 0x21, 0x32, 0x23, 0x29, 0xE1, 0x32, 0x23, 0x3A, 0x65, 0xED, 0xD9, 0xED, 0xD9, 0xF6, 0x1D, 0xF6, 0x1D, 0xED, 0xD9, 0xF6, 0x1D, 0xF6, 0x5D, 0xF6, 0x1B,
    0x10, 0x87, 0x10, 0x87, 0x10, 0x87, 0x18, 0xC9, 0x18, 0xC9, 0x18, 0xC9, 0x18, 0xC9, 0x10, 0x87, 0xEF, 0x7B, 0xEF, 0x7B, 0xFF, 0xFF, 0xF7, 0xBD, 0xEF, 0x7B, 0xFF, 0xFF, 0xFF, 0xFF, 0xFF, 0xFF,
    0xE4, 0x23, 0xE4, 0x21, 0xE4, 0x23, 0xEC, 0x23, 0xE3, 0xE1, 0xEC, 0x23, 0xE4, 0x23, 0xF4, 0x65, 0x4B, 0xF1, 0x4C, 0x33, 0x43, 0xF1, 0x3B, 0xAF, 0x4C, 0x33, 0x4C, 0x33, 0x43, 0xF1, 0x43, 0xF1,
    0x5C, 0xF7, 0x54, 0xB5, 0x54, 0xB5, 0x5C, 0xF5, 0x65, 0x37, 0x5C, 0xF7, 0x5C, 0xF5, 0x5C, 0xF7, 0xB6, 0xBB, 0xBE, 0xFF, 0xBE, 0xFF, 0xB6, 0xBB, 0xB6, 0xBB, 0xB6, 0xBB, 0xB6, 0xBB, 0xB6, 0xBD,
    0x3A, 0x65, 0x32, 0x63, 0x2A, 0x23, 0x32, 0x23, 0x2A, 0x21, 0x32, 0x65, 0x32, 0x23, 0x32, 0x65, 0xED, 0xDB, 0xF6, 0x1B, 0xED, 0xD9, 0xE5, 0xD9, 0xF6, 0x5D, 0xF6, 0x1B, 0xF6, 0x1B, 0xF6, 0x5D,
    0x10, 0x87, 0x18, 0xC9, 0x18, 0xC9, 0x08, 0x45, 0x08, 0x45, 0x10, 0x87, 0x08, 0x45, 0x10, 0x87, 0xEF, 0x7B, 0xFF, 0xFF, 0xEF, 0x7B, 0xFF, 0xFF, 0xF7, 0xBD, 0xF7, 0xBD, 0xF7, 0xBD, 0xFF, 0xFF,
    0xF4, 0x65, 0xEC, 0x23, 0xE4, 0x21, 0xF4, 0x65, 0xE4, 0x23, 0xEC, 0x23, 0xE3, 0xE1, 0xEC, 0x23, 0x4C, 0x33, 0x3B, 0xAF, 0x4C, 0x33, 0x43, 0xF1, 0x3B, 0xAF, 0x43, 0xF1, 0x4C, 0x33, 0x43, 0xF1,
    0x5C, 0xF7, 0x5C, 0xF5, 0x65, 0x37, 0x65, 0x37, 0x5C, 0xF5, 0x5C, 0xF7, 0x5C, 0xF7, 0x65, 0x37, 0xBE, 0xFD, 0xB6, 0xBB, 0xAE, 0x7B, 0xB6, 0xBD, 0xB6, 0xBB, 0xB6, 0xBD, 0xBE, 0xFF, 0xBE, 0xFD,
    0x32, 0x23, 0x2A, 0x21, 0x3A, 0x65, 0x3A, 0x65, 0x3A, 0x65, 0x3A, 0x65, 0x3A, 0x65, 0x32, 0x65, 0xED, 0xDB, 0xF6, 0x1D, 0xF6, 0x1D, 0xED, 0xD9, 0xED, 0xD9, 0xED, 0xDB, 0xED, 0xD9, 0xF6, 0x1B,
    0x08, 0x45, 0x18, 0xC7, 0x18, 0xC9, 0x18, 0xC9, 0x08, 0x45, 0x18, 0xC9, 0x18, 0xC7, 0x08, 0x45, 0xF7, 0xBD, 0xF7, 0xBD, 0xF7, 0xBD, 0xF7, 0xBD, 0xF7, 0xBD, 0xF7, 0xBD, 0xEF, 0x7B, 0xF7, 0xBD,
    0xEC, 0x23, 0xEC, 0x23, 0xE3, 0xE1, 0xEC, 0x23, 0xE3, 0xE1, 0xE4, 0x23, 0xE3, 0xE1, 0xEC, 0x23, 0x4C, 0x33, 0x4C, 0x33, 0x43, 0xF1, 0x43, 0xF1, 0x43, 0xF1, 0x4C, 0x33, 0x4C, 0x33, 0x4B, 0xF1,
    0x65, 0x37, 0x5C, 0xF5, 0x65, 0x39, 0x54, 0xB5, 0x5C, 0xF5, 0x65, 0x37, 0x54, 0xB5, 0x5C, 0xF7, 0xB6, 0xBD, 0xBE, 0xFD, 0xBE, 0xFD, 0xAE, 0x7B, 0xBE, 0xFF, 0xBE, 0xFD, 0xBE, 0xFF, 0xBE, 0xFD,
    0x2A, 0x21, 0x32, 0x23, 0x32, 0x23, 0x29, 0xE1, 0x29, 0xE1, 0x2A, 0x23, 0x2A, 0x23, 0x32, 0x63, 0xED, 0xD9, 0xED, 0xDB, 0xED, 0xD9, 0xF6, 0x1D, 0xED, 0xDB, 0xED, 0xDB, 0xF6, 0x1B, 0xF6, 0x1D,
    0x18, 0xC9, 0x18, 0xC9, 0x10, 0x85, 0x18, 0xC9, 0x10, 0x87, 0x10, 0x87, 0x18, 0xC9, 0x18, 0xC9, 0xF7, 0xBD, 0xF7, 0xBD, 0xFF, 0xFF, 0xF7, 0xBD, 0xF7, 0xBD, 0xF7, 0xBD, 0xF7, 0xBD, 0xEF, 0x7B,
    0xE3, 0xE1, 0xE3, 0xE1, 0xE4, 0x23, 0xE4, 0x21, 0xEC, 0x23, 0xEC, 0x23, 0xEC, 0x65, 0xEC, 0x23, 0x4B, 0xF1, 0x3B, 0xAF, 0x43, 0xAF, 0x43, 0xF1, 0x4C, 0x33, 0x43, 0xF1, 0x4B, 0xF1, 0x3B, 0xAF,
    0x54, 0xB5, 0x65, 0x37, 0x65, 0x37, 0x5C, 0xF7, 0x65, 0x37, 0x5C, 0xF5, 0x65, 0x37, 0x5C, 0xF7, 0xB6, 0xBD, 0xB6, 0xBD, 0xAE, 0x7B, 0xBE, 0xFD, 0xAE, 0x7B, 0xAE, 0x7B, 0xB6, 0xBB, 0xB6, 0xBB,
    0x3A, 0x65, 0x32, 0x23, 0x3A, 0x65, 0x3A, 0x65, 0x3A, 0x65, 0x32, 0x23, 0x2A, 0x21, 0x2A, 0x21, 0xED, 0xDB, 0xF6, 0x1D, 0xEE, 0x1B, 0xF6, 0x1B, 0xF6, 0x1B, 0xE5, 0xD9, 0xED, 0xDB, 0xED, 0xD9,
    0x08, 0x45, 0x10, 0x87, 0x10, 0x87, 0x10, 0x87, 0x10, 0x85, 0x10, 0x87, 0x18, 0xC9, 0x08, 0x45, 0xF7, 0xBD, 0xEF, 0x7B, 0xFF, 0xFF, 0xF7, 0xBD, 0xF7, 0xBD, 0xF7, 0xBD, 0xFF, 0xFF, 0xF7, 0xBD,
    0xEC, 0x65, 0xF4, 0x65, 0xEC, 0x23, 0xE4, 0x23, 0xF4, 0x65, 0xE3, 0xE1, 0xEC, 0x65, 0xEC, 0x23, 0x3B, 0xAF, 0x43, 0xF1, 0x4C, 0x33, 0x4C, 0x33, 0x4C, 0x33, 0x43, 0xF1, 0x43, 0xF1, 0x43, 0xF1,
    0x00, 0x01, 0x00, 0x01, 0x00, 0x01, 0x00, 0x01, 0x00, 0x01, 0x00, 0x01, 0x00, 0x01, 0x00, 0x01, 0x00, 0x01, 0x00, 0x01, 0x00, 0x01, 0x00, 0x01, 0x00, 0x01, 0x00, 0x01, 0x00, 0x01, 0x00, 0x01,
    0x00, 0x01, 0x00, 0x01, 0x00, 0x01, 0x00, 0x01, 0x00, 0x01, 0x00, 0x01, 0x00, 0x01, 0x00, 0x01, 0x00, 0x01, 0x00, 0x01, 0x00, 0x01, 0x00, 0x01, 0x00, 0x01, 0x00, 0x01, 0x00, 0x01, 0x00, 0x01,
    0x00, 0x01, 0x00, 0x01, 0x00, 0x01, 0x00, 0x01, 0x00, 0x01, 0x00, 0x01, 0x00, 0x01, 0x00, 0x01, 0x00, 0x01, 0x00, 0x01, 0x00, 0x01, 0x00, 0x01, 0x00, 0x01, 0x00, 0x01, 0x00, 0x01, 0x00, 0x01,
    0x00, 0x01, 0x00, 0x01, 0x00, 0x01, 0x00, 0x01, 0x00, 0x01, 0x00, 0x01, 0x00, 0x01, 0x00, 0x01, 0x00, 0x01, 0x00, 0x01, 0x00, 0x01, 0x00, 0x01, 0x00, 0x01, 0x00, 0x01, 0x00, 0x01, 0x00, 0x01,
    0x00, 0x01, 0x00, 0x01, 0x00, 0x01, 0x00, 0x01, 0x00, 0x01, 0x00, 0x01, 0x00, 0x01, 0x00, 0x01, 0x00, 0x01, 0x00, 0x01, 0x00, 0x01, 0x00, 0x01, 0x00, 0x01, 0x00, 0x01, 0x00, 0x01, 0x00, 0x01,
    0x00, 0x01, 0x00, 0x01, 0x00, 0x01, 0x00, 0x01, 0x00, 0x01, 0x00, 0x01, 0x00, 0x01, 0x00, 0x01, 0x00, 0x01, 0x00, 0x01, 0x00, 0x01, 0x00, 0x01, 0x00, 0x01, 0x00, 0x01, 0x00, 0x01, 0x00, 0x01,
    0x00, 0x01, 0x00, 0x01, 0x00, 0x01, 0x00, 0x01, 0x00, 0x01, 0x00, 0x01, 0x00, 0x01, 0x00, 0x01, 0x00, 0x01, 0x00, 0x01, 0x00, 0x01, 0x00, 0x01, 0x00, 0x01, 0x00, 0x01, 0x00, 0x01, 0x00, 0x01,
    0x00, 0x01, 0x00, 0x01, 0x00, 0x01, 0x00, 0x01, 0x00, 0x01, 0x00, 0x01, 0x00, 0x01, 0x00, 0x01, 0x00, 0x01, 0x00, 0x01, 0x00, 0x01, 0x00, 0x01, 0x00, 0x01, 0x00, 0x01, 0x00, 0x01, 0x00, 0x01,
    0x00, 0x01, 0x00, 0x01, 0x00, 0x01, 0x00, 0x01, 0x00, 0x01, 0x00, 0x01, 0x00, 0x01, 0x00, 0x01, 0x00, 0x01, 0x00, 0x01, 0x00, 0x01, 0x00, 0x01, 0x00, 0x01, 0x00, 0x01, 0x00, 0x01, 0x00, 0x01,
    0x00, 0x01, 0x00, 0x01, 0x00, 0x01, 0x00, 0x01, 0x00, 0x01, 0x00, 0x01, 0x00, 0x01, 0x00, 0x01, 0x00, 0x01, 0x00, 0x01, 0x00, 0x01, 0x00, 0x01, 0x00, 0x01, 0x00, 0x01, 0x00, 0x01, 0x00, 0x01,
    0x00, 0x01, 0x00, 0x01, 0x00, 0x01, 0x00, 0x01, 0x00, 0x01, 0x00, 0x01, 0x00, 0x01, 0x00, 0x01, 0x00, 0x01, 0x00, 0x01, 0x00, 0x01, 0x00, 0x01, 0x00, 0x01, 0x00, 0x01, 0x00, 0x01, 0x00, 0x01,
    0x00, 0x01, 0x00, 0x01, 0x00, 0x01, 0x00, 0x01, 0x00, 0x01, 0x00, 0x01, 0x00, 0x01, 0x00, 0x01, 0x00, 0x01, 0x00, 0x01, 0x00, 0x01, 0x00, 0x01, 0x00, 0x01, 0x00, 0x01, 0x00, 0x01, 0x00, 0x01,
    0x00, 0x01, 0x00, 0x01, 0x00, 0x01, 0x00, 0x01, 0x00, 0x01, 0x00, 0x01, 0x00, 0x01, 0x00, 0x01, 0x00, 0x01, 0x00, 0x01, 0x00, 0x01, 0x00, 0x01, 0x00, 0x01, 0x00, 0x01, 0x00, 0x01, 0x00, 0x01,
    0x00, 0x01, 0x00, 0x01, 0x00, 0x01, 0x00, 0x01, 0x00, 0x01, 0x00, 0x01, 0x00, 0x01, 0x00, 0x01, 0x00, 0x01, 0x00, 0x01, 0x00, 0x01, 0x00, 0x01, 0x00, 0x01, 0x00, 0x01, 0x00, 0x01, 0x00, 0x01,
    0x00, 0x01, 0x00, 0x01, 0x00, 0x01, 0x00, 0x01, 0x00, 0x01, 0x00, 0x01, 0x00, 0x01, 0x00, 0x01, 0x00, 0x01, 0x00, 0x01, 0x00, 0x01, 0x00, 0x01, 0x00, 0x01, 0x00, 0x01, 0x00, 0x01, 0x00, 0x01,
    0x00, 0x01, 0x00, 0x01, 0x00, 0x01, 0x00, 0x01, 0x00, 0x01, 0x00, 0x01, 0x00, 0x01, 0x00, 0x01, 0x00, 0x01, 0x00, 0x01, 0x00, 0x01, 0x00, 0x01, 0x00, 0x01, 0x00, 0x01, 0x00, 0x01, 0x00, 0x01,
    0x00, 0x01, 0x00, 0x01, 0x00, 0x01, 0x00, 0x01, 0x00, 0x01, 0x00, 0x01, 0x00, 0x01, 0x00, 0x01, 0x00, 0x01, 0x00, 0x01, 0x00, 0x01, 0x00, 0x01, 0x00, 0x01, 0x00, 0x01, 0x00, 0x01, 0x00, 0x01,
    0x00, 0x01, 0x00, 0x01, 0x00, 0x01, 0x00, 0x01, 0x00, 0x01, 0x00, 0x01, 0x00, 0x01, 0x00, 0x01, 0x00, 0x01, 0x00, 0x01, 0x00, 0x01, 0x00, 0x01, 0x00, 0x01, 0x00, 0x01, 0x00, 0x01, 0x00, 0x01,
    0x00, 0x01, 0x00, 0x01, 0x00, 0x01, 0x00, 0x01, 0x00, 0x01, 0x00, 0x01, 0x00, 0x01, 0x00, 0x01, 0x00, 0x01, 0x00, 0x01, 0x00, 0x01, 0x00, 0x01, 0x00, 0x01, 0x00, 0x01, 0x00, 0x01, 0x00, 0x01,
    0x00, 0x01, 0x00, 0x01, 0x00, 0x01, 0x00, 0x01, 0x00, 0x01, 0x00, 0x01, 0x00, 0x01, 0x00, 0x01, 0x00, 0x01, 0x00, 0x01, 0x00, 0x01, 0x00, 0x01, 0x00, 0x01, 0x00, 0x01, 0x00, 0x01, 0x00, 0x01,
    0x00, 0x01, 0x00, 0x01, 0x00, 0x01, 0x00, 0x01, 0x00, 0x01, 0x00, 0x01, 0x00, 0x01, 0x00, 0x01, 0x00, 0x01, 0x00, 0x01, 0x00, 0x01, 0x00, 0x01, 0x00, 0x01, 0x00, 0x01, 0x00, 0x01, 0x00, 0x01,
    0x00, 0x01, 0x00, 0x01, 0x00, 0x01, 0x00, 0x01, 0x00, 0x01, 0x00, 0x01, 0x00, 0x01, 0x00, 0x01, 0x00, 0x01, 0x00, 0x01, 0x00, 0x01, 0x00, 0x01, 0x00, 0x01, 0x00, 0x01, 0x00, 0x01, 0x00, 0x01,
    0x00, 0x01, 0x00, 0x01, 0x00, 0x01, 0x00, 0x01, 0x00, 0x01, 0x00, 0x01, 0x00, 0x01, 0x00, 0x01, 0x00, 0x01, 0x00, 0x01, 0x00, 0x01, 0x00, 0x01, 0x00, 0x01, 0x00, 0x01, 0x00, 0x01, 0x00, 0x01,
    0x00, 0x01, 0x00, 0x01, 0x00, 0x01, 0x00, 0x01, 0x00, 0x01, 0x00, 0x01, 0x00, 0x01, 0x00, 0x01, 0x00, 0x01, 0x00, 0x01, 0x00, 0x01, 0x00, 0x01, 0x00, 0x01, 0x00, 0x01, 0x00, 0x01, 0x00, 0x01,
    0x00, 0x01, 0x00, 0x01, 0x00, 0x01, 0x00, 0x01, 0x00, 0x01, 0x00, 0x01, 0x00, 0x01, 0x00, 0x01, 0x00, 0x01, 0x00, 0x01, 0x00, 0x01, 0x00, 0x01, 0x00, 0x01, 0x00, 0x01, 0x00, 0x01, 0x00, 0x01,
    0x00, 0x01, 0x00, 0x01, 0x00, 0x01, 0x00, 0x01, 0x00, 0x01, 0x00, 0x01, 0x00, 0x01, 0x00, 0x01, 0x00, 0x01, 0x00, 0x01, 0x00, 0x01, 0x00, 0x01, 0x00, 0x01, 0x00, 0x01, 0x00, 0x01, 0x00, 0x01,
    0x00, 0x01, 0x00, 0x01, 0x00, 0x01, 0x00, 0x01, 0x00, 0x01, 0x00, 0x01, 0x00, 0x01, 0x00, 0x01, 0x00, 0x01, 0x00, 0x01, 0x00, 0x01, 0x00, 0x01, 0x00, 0x01, 0x00, 0x01, 0x00, 0x01, 0x00, 0x01,
    0x00, 0x01, 0x00, 0x01, 0x00, 0x01, 0x00, 0x01, 0x00, 0x01, 0x00, 0x01, 0x00, 0x01, 0x00, 0x01, 0x00, 0x01, 0x00, 0x01, 0x00, 0x01, 0x00, 0x01, 0x00, 0x01, 0x00, 0x01, 0x00, 0x01, 0x00, 0x01,
    0x00, 0x01, 0x00, 0x01, 0x00, 0x01, 0x00, 0x01, 0x00, 0x01, 0x00, 0x01, 0x00, 0x01, 0x00, 0x01, 0x00, 0x01, 0x00, 0x01, 0x00, 0x01, 0x00, 0x01, 0x00, 0x01, 0x00, 0x01, 0x00, 0x01, 0x00, 0x01,
    0x00, 0x01, 0x00, 0x01, 0x00, 0x01, 0x00, 0x01, 0x00, 0x01, 0x00, 0x01, 0x00, 0x01, 0x00, 0x01, 0x00, 0x01, 0x00, 0x01, 0x00, 0x01, 0x00, 0x01, 0x00, 0x01, 0x00, 0x01, 0x00, 0x01, 0x00, 0x01,
    0x00, 0x01, 0x00, 0x01, 0x00, 0x01, 0x00, 0x01, 0x00, 0x01, 0x00, 0x01, 0x00, 0x01, 0x00, 0x01, 0x00, 0x01, 0x00, 0x01, 0x00, 0x01, 0x00, 0x01, 0x00, 0x01, 0x00, 0x01, 0x00, 0x01, 0x00, 0x01,
    0x00, 0x01, 0x00, 0x01, 0x00, 0x01, 0x00, 0x01, 0x00, 0x01, 0x00, 0x01, 0x00, 0x01, 0x00, 0x01, 0x00, 0x01, 0x00, 0x01, 0x00, 0x01, 0x00, 0x01, 0x00, 0x01, 0x00, 0x01, 0x00, 0x01, 0x00, 0x01,
    0x00, 0x01, 0x00, 0x01, 0x00, 0x01, 0x00, 0x01, 0x00, 0x01, 0x00, 0x01, 0x00, 0x01, 0x00, 0x01, 0x00, 0x01, 0x00, 0x01, 0x00, 0x01, 0x00, 0x01, 0x00, 0x01, 0x00, 0x01, 0x00, 0x01, 0x00, 0x01,
    0x00, 0x01, 0x00, 0x01, 0x00, 0x01, 0x00, 0x01, 0x00, 0x01, 0x00, 0x01, 0x00, 0x01, 0x00, 0x01, 0x00, 0x01, 0x00, 0x01, 0x00, 0x01, 0x00, 0x01, 0x00, 0x01, 0x00, 0x01, 0x00, 0x01, 0x00, 0x01,
    0x00, 0x01, 0x00, 0x01, 0x00, 0x01, 0x00, 0x01, 0x00, 0x01, 0x00, 0x01, 0x00, 0x01, 0x00, 0x01, 0x00, 0x01, 0x00, 0x01, 0x00, 0x01, 0x00, 0x01, 0x00, 0x01, 0x00, 0x01, 0x00, 0x01, 0x00, 0x01,
    0x00, 0x01, 0x00, 0x01, 0x00, 0x01, 0x00, 0x01, 0x00, 0x01, 0x00, 0x01, 0x00, 0x01, 0x00, 0x01, 0x00, 0x01, 0x00, 0x01, 0x00, 0x01, 0x00, 0x01, 0x00, 0x01, 0x00, 0x01, 0x00, 0x01, 0x00, 0x01,
    0x00, 0x01, 0x00, 0x01, 0x00, 0x01, 0x00, 0x01, 0x00, 0x01, 0x00, 0x01, 0x00, 0x01, 0x00, 0x01, 0x00, 0x01, 0x00, 0x01, 0x00, 0x01, 0x00, 0x01, 0x00, 0x01, 0x00, 0x01, 0x00, 0x01, 0x00, 0x01,
    0x00, 0x01, 0x00, 0x01, 0x00, 0x01, 0x00, 0x01, 0x00, 0x01, 0x00, 0x01, 0x00, 0x01, 0x00, 0x01, 0x00, 0x01, 0x00, 0x01, 0x00, 0x01, 0x00, 0x01, 0x00, 0x01, 0x00, 0x01, 0x00, 0x01, 0x00, 0x01,
    0x00, 0x01, 0x00, 0x01, 0x00, 0x01, 0x00, 0x01, 0x00, 0x01, 0x00, 0x01, 0x00, 0x01, 0x00, 0x01, 0x00, 0x01, 0x00, 0x01, 0x00, 0x01, 0x00, 0x01, 0x00, 0x01, 0x00, 0x01, 0x00, 0x01, 0x00, 0x01,
    0x00, 0x01, 0x00, 0x01, 0x00, 0x01, 0x00, 0x01, 0x00, 0x01, 0x00, 0x01, 0x00, 0x01, 0x00, 0x01, 0x00, 0x01, 0x00, 0x01, 0x00, 0x01, 0x00, 0x01, 0x00, 0x01, 0x00, 0x01, 0x00, 0x01, 0x00, 0x01,
    0x00, 0x01, 0x00, 0x01, 0x00, 0x01, 0x00, 0x01, 0x00, 0x01, 0x00, 0x01, 0x00, 0x01, 0x00, 0x01, 0x00, 0x01, 0x00, 0x01, 0x00, 0x01, 0x00, 0x01, 0x00, 0x01, 0x00, 0x01, 0x00, 0x01, 0x00, 0x01,
    0x00, 0x01, 0x00, 0x01, 0x00, 0x01, 0x00, 0x01, 0x00, 0x01, 0x00, 0x01, 0x00, 0x01, 0x00, 0x01, 0x00, 0x01, 0x00, 0x01, 0x00, 0x01, 0x00, 0x01, 0x00, 0x01, 0x00, 0x01, 0x00, 0x01, 0x00, 0x01,
    0x00, 0x01, 0x00, 0x01, 0x00, 0x01, 0x00, 0x01, 0x00, 0x01, 0x00, 0x01, 0x00, 0x01, 0x00, 0x01, 0x00, 0x01, 0x00, 0x01, 0x00, 0x01, 0x00, 0x01, 0x00, 0x01, 0x00, 0x01, 0x00, 0x01, 0x00, 0x01,
    0x00, 0x01, 0x00, 0x01, 0x00, 0x01, 0x00, 0x01, 0x00, 0x01, 0x00, 0x01, 0x00, 0x01, 0x00, 0x01, 0x00, 0x01, 0x00, 0x01, 0x00, 0x01, 0x00, 0x01, 0x00, 0x01, 0x00, 0x01, 0x00, 0x01, 0x00, 0x01,
    0x00, 0x01, 0x00, 0x01, 0x00, 0x01, 0x00, 0x01, 0x00, 0x01, 0x00, 0x01, 0x00, 0x01, 0x00, 0x01, 0x00, 0x01, 0x00, 0x01, 0x00, 0x01, 0x00, 0x01, 0x00, 0x01, 0x00, 0x01, 0x00, 0x01, 0x00, 0x01,
    0x00, 0x01, 0x00, 0x01, 0x00, 0x01, 0x00, 0x01, 0x00, 0x01, 0x00, 0x01, 0x00, 0x01, 0x00, 0x01, 0x00, 0x01, 0x00, 0x01, 0x00, 0x01, 0x00, 0x01, 0x00, 0x01, 0x00, 0x01, 0x00, 0x01, 0x00, 0x01,
    0x00, 0x01, 0x00, 0x01, 0x00, 0x01, 0x00, 0x01, 0x00, 0x01, 0x00, 0x01, 0x00, 0x01, 0x00, 0x01, 0x00, 0x01, 0x00, 0x01, 0x00, 0x01, 0x00, 0x01, 0x00, 0x01, 0x00, 0x01, 0x00, 0x01, 0x00, 0x01,
    0x00, 0x01, 0x00, 0x01, 0x00, 0x01, 0x00, 0x01, 0x00, 0x01, 0x00, 0x01, 0x00, 0x01, 0x00, 0x01, 0x00, 0x01, 0x00, 0x01, 0x00, 0x01, 0x00, 0x01, 0x00, 0x01, 0x00, 0x01, 0x00, 0x01, 0x00, 0x01,
    0x00, 0x01, 0x00, 0x01, 0x00, 0x01, 0x00, 0x01, 0x00, 0x01, 0x00, 0x01, 0x00, 0x01, 0x00, 0x01, 0x00, 0x01, 0x00, 0x01, 0x00, 0x01, 0x00, 0x01, 0x00, 0x01, 0x00, 0x01, 0x00, 0x01, 0x00, 0x01,
    0x00, 0x01, 0x00, 0x01, 0x00, 0x01, 0x00, 0x01, 0x00, 0x01, 0x00, 0x01, 0x00, 0x01, 0x00, 0x01, 0x00, 0x01, 0x00, 0x01, 0x00, 0x01, 0x00, 0x01, 0x00, 0x01, 0x00, 0x01, 0x00, 0x01, 0x00, 0x01,
    0x00, 0x01, 0x00, 0x01, 0x00, 0x01, 0x00, 0x01, 0x00, 0x01, 0x00, 0x01, 0x00, 0x01, 0x00, 0x01, 0x00, 0x01, 0x00, 0x01, 0x00, 0x01, 0x00, 0x01, 0x00, 0x01, 0x00, 0x01, 0x00, 0x01, 0x00, 0x01,
    0x00, 0x01, 0x00, 0x01, 0x00, 0x01, 0x00, 0x01, 0x00, 0x01, 0x00, 0x01, 0x00, 0x01, 0x00, 0x01, 0x00, 0x01, 0x00, 0x01, 0x00, 0x01, 0x00, 0x01, 0x00, 0x01, 0x00, 0x01, 0x00, 0x01, 0x00, 0x01,
    0x00, 0x01, 0x00, 0x01, 0x00, 0x01, 0x00, 0x01, 0x00, 0x01, 0x00, 0x01, 0x00, 0x01, 0x00, 0x01, 0x00, 0x01, 0x00, 0x01, 0x00, 0x01, 0x00, 0x01, 0x00, 0x01, 0x00, 0x01, 0x00, 0x01, 0x00, 0x01,
    0x00, 0x01, 0x00, 0x01, 0x00, 0x01, 0x00, 0x01, 0x00, 0x01, 0x00, 0x01, 0x00, 0x01, 0x00, 0x01, 0x00, 0x01, 0x00, 0x01, 0x00, 0x01, 0x00, 0x01, 0x00, 0x01, 0x00, 0x01, 0x00, 0x01, 0x00, 0x01,
    0x00, 0x01, 0x00, 0x01, 0x00, 0x01, 0x00, 0x01, 0x00, 0x01, 0x00, 0x01, 0x00, 0x01, 0x00, 0x01, 0x00, 0x01, 0x00, 0x01, 0x00, 0x01, 0x00, 0x01, 0x00, 0x01, 0x00, 0x01, 0x00, 0x01, 0x00, 0x01,
    0x00, 0x01, 0x00, 0x01, 0x00, 0x01, 0x00, 0x01, 0x00, 0x01, 0x00, 0x01, 0x00, 0x01, 0x00, 0x01, 0x00, 0x01, 0x00, 0x01, 0x00, 0x01, 0x00, 0x01, 0x00, 0x01, 0x00, 0x01, 0x00, 0x01, 0x00, 0x01,
    0x00, 0x01, 0x00, 0x01, 0x00, 0x01, 0x00, 0x01, 0x00, 0x01, 0x00, 0x01, 0x00, 0x01, 0x00, 0x01, 0x00, 0x01, 0x00, 0x01, 0x00, 0x01, 0x00, 0x01, 0x00, 0x01, 0x00, 0x01, 0x00, 0x01, 0x00, 0x01,
    0x00, 0x01, 0x00, 0x01, 0x00, 0x01, 0x00, 0x01, 0x00, 0x01, 0x00, 0x01, 0x00, 0x01, 0x00, 0x01, 0x00, 0x01, 0x00, 0x01, 0x00, 0x01, 0x00, 0x01, 0x00, 0x01, 0x00, 0x01, 0x00, 0x01, 0x00, 0x01,
    0x00, 0x01, 0x00, 0x01, 0x00, 0x01, 0x00, 0x01, 0x00, 0x01, 0x00, 0x01, 0x00, 0x01, 0x00, 0x01, 0x00, 0x01, 0x00, 0x01, 0x00, 0x01, 0x00, 0x01, 0x00, 0x01, 0x00, 0x01, 0x00, 0x01, 0x00, 0x01,
    0x00, 0x01, 0x00, 0x01, 0x00, 0x01, 0x00, 0x01, 0x00, 0x01, 0x00, 0x01, 0x00, 0x01, 0x00, 0x01, 0x00, 0x01, 0x00, 0x01, 0x00, 0x01, 0x00, 0x01, 0x00, 0x01, 0x00, 0x01, 0x00, 0x01, 0x00, 0x01,
    0x00, 0x01, 0x00, 0x01, 0x00, 0x01, 0x00, 0x01, 0x00, 0x01, 0x00, 0x01, 0x00, 0x01, 0x00, 0x01, 0x00, 0x01, 0x00, 0x01, 0x00, 0x01, 0x00, 0x01, 0x00, 0x01, 0x00, 0x01, 0x00, 0x01, 0x00, 0x01,
    0x00, 0x01, 0x00, 0x01, 0x00, 0x01, 0x00, 0x01, 0x00, 0x01, 0x00, 0x01, 0x00, 0x01, 0x00, 0x01, 0x00, 0x01, 0x00, 0x01, 0x00, 0x01, 0x00, 0x01, 0x00, 0x01, 0x00, 0x01, 0x00, 0x01, 0x00, 0x01,
    0x00, 0x01, 0x00, 0x01, 0x00, 0x01, 0x00, 0x01, 0x00, 0x01, 0x00, 0x01, 0x00, 0x01, 0x00, 0x01, 0x00, 0x01, 0x00, 0x01, 0x00, 0x01, 0x00, 0x01, 0x00, 0x01, 0x00, 0x01, 0x00, 0x01, 0x00, 0x01,
    0x00, 0x01, 0x00, 0x01, 0x00, 0x01, 0x00, 0x01, 0x00, 0x01, 0x00, 0x01, 0x00, 0x01, 0x00, 0x01, 0x00, 0x01, 0x00, 0x01, 0x00, 0x01, 0x00, 0x01, 0x00, 0x01, 0x00, 0x01, 0x00, 0x01, 0x00, 0x01,
    0x00, 0x01, 0x00, 0x01, 0x00, 0x01, 0x00, 0x01, 0x00, 0x01, 0x00, 0x01, 0x00, 0x01, 0x00, 0x01, 0x00, 0x01, 0x00, 0x01, 0x00, 0x01, 0x00, 0x01, 0x00, 0x01, 0x00, 0x01, 0x00, 0x01, 0x00, 0x01,
    0x00, 0x01, 0x00, 0x01, 0x00, 0x01, 0x00, 0x01, 0x00, 0x01, 0x00, 0x01, 0x00, 0x01, 0x00, 0x01, 0x00, 0x01, 0x00, 0x01, 0x00, 0x01, 0x00, 0x01, 0x00, 0x01, 0x00, 0x01, 0x00, 0x01, 0x00, 0x01,
    0x00, 0x01, 0x00, 0x01, 0x00, 0x01, 0x00, 0x01, 0x00, 0x01, 0x00, 0x01, 0x00, 0x01, 0x00, 0x01, 0x00, 0x01, 0x00, 0x01, 0x00, 0x01, 0x00, 0x01, 0x00, 0x01, 0x00, 0x01, 0x00, 0x01, 0x00, 0x01,
    0x00, 0x01, 0x00, 0x01, 0x00, 0x01, 0x00, 0x01, 0x00, 0x01, 0x00, 0x01, 0x00, 0x01, 0x00, 0x01, 0x00, 0x01, 0x00, 0x01, 0x00, 0x01, 0x00, 0x01, 0x00, 0x01, 0x00, 0x01, 0x00, 0x01, 0x00, 0x01,
    0x00, 0x01, 0x00, 0x01, 0x00, 0x01, 0x00, 0x01, 0x00, 0x01, 0x00, 0x01, 0x00, 0x01, 0x00, 0x01, 0x00, 0x01, 0x00, 0x01, 0x00, 0x01, 0x00, 0x01, 0x00, 0x01, 0x00, 0x01, 0x00, 0x01, 0x00, 0x01,
    0x00, 0x01, 0x00, 0x01, 0x00, 0x01, 0x00, 0x01, 0x00, 0x01, 0x00, 0x01, 0x00, 0x01, 0x00, 0x01, 0x00, 0x01, 0x00, 0x01, 0x00, 0x01, 0x00, 0x01, 0x00, 0x01, 0x00, 0x01, 0x00, 0x01, 0x00, 0x01,
    0x00, 0x01, 0x00, 0x01, 0x00, 0x01, 0x00, 0x01, 0x00, 0x01, 0x00, 0x01, 0x00, 0x01, 0x00, 0x01, 0x00, 0x01, 0x00, 0x01, 0x00, 0x01, 0x00, 0x01, 0x00, 0x01, 0x00, 0x01, 0x00, 0x01, 0x00, 0x01,
    0x00, 0x01, 0x00, 0x01, 0x00, 0x01, 0x00, 0x01, 0x00, 0x01, 0x00, 0x01, 0x00, 0x01, 0x00, 0x01, 0x00, 0x01, 0x00, 0x01, 0x00, 0x01, 0x00, 0x01, 0x00, 0x01, 0x00, 0x01, 0x00, 0x01, 0x00, 0x01,
    0x00, 0x01, 0x00, 0x01, 0x00, 0x01, 0x00, 0x01, 0x00, 0x01, 0x00, 0x01, 0x00, 0x01, 0x00, 0x01, 0x00, 0x01, 0x00, 0x01, 0x00, 0x01, 0x00, 0x01, 0x00, 0x01, 0x00, 0x01, 0x00, 0x01, 0x00, 0x01,
    0x00, 0x01, 0x00, 0x01, 0x00, 0x01, 0x00, 0x01, 0x00, 0x01, 0x00, 0x01, 0x00, 0x01, 0x00, 0x01, 0x00, 0x01, 0x00, 0x01, 0x00, 0x01, 0x00, 0x01, 0x00, 0x01, 0x00, 0x01, 0x00, 0x01, 0x00, 0x01,
    0x00, 0x01, 0x00, 0x01, 0x00, 0x01, 0x00, 0x01, 0x00, 0x01, 0x00, 0x01, 0x00, 0x01, 0x00, 0x01, 0x00, 0x01, 0x00, 0x01, 0x00, 0x01, 0x00, 0x01, 0x00, 0x01, 0x00, 0x01, 0x00, 0x01, 0x00, 0x01,
    0x00, 0x01, 0x00, 0x01, 0x00, 0x01, 0x00, 0x01, 0x00, 0x01, 0x00, 0x01, 0x00, 0x01, 0x00, 0x01, 0x00, 0x01, 0x00, 0x01, 0x00, 0x01, 0x00, 0x01, 0x00, 0x01, 0x00, 0x01, 0x00, 0x01, 0x00, 0x01,
    0x00, 0x01, 0x00, 0x01, 0x00, 0x01, 0x00, 0x01, 0x00, 0x01, 0x00, 0x01, 0x00, 0x01, 0x00, 0x01, 0x00, 0x01, 0x00, 0x01, 0x00, 0x01, 0x00, 0x01, 0x00, 0x01, 0x00, 0x01, 0x00, 0x01, 0x00, 0x01,
    0x00, 0x01, 0x00, 0x01, 0x00, 0x01, 0x00, 0x01, 0x00, 0x01, 0x00, 0x01, 0x00, 0x01, 0x00, 0x01, 0x00, 0x01, 0x00, 0x01, 0x00, 0x01, 0x00, 0x01, 0x00, 0x01, 0x00, 0x01, 0x00, 0x01, 0x00, 0x01,
    0x00, 0x01, 0x00, 0x01, 0x00, 0x01, 0x00, 0x01, 0x00, 0x01, 0x00, 0x01, 0x00, 0x01, 0x00, 0x01, 0x00, 0x01, 0x00, 0x01, 0x00, 0x01, 0x00, 0x01, 0x00, 0x01, 0x00, 0x01, 0x00, 0x01, 0x00, 0x01,
    0x00, 0x01, 0x00, 0x01, 0x00, 0x01, 0x00, 0x01, 0x00, 0x01, 0x00, 0x01, 0x00, 0x01, 0x00, 0x01, 0x00, 0x01, 0x00, 0x01, 0x00, 0x01, 0x00, 0x01, 0x00, 0x01, 0x00, 0x01, 0x00, 0x01, 0x00, 0x01,
    0x00, 0x01, 0x00, 0x01, 0x00, 0x01, 0x00, 0x01, 0x00, 0x01, 0x00, 0x01, 0x00, 0x01, 0x00, 0x01, 0x00, 0x01, 0x00, 0x01, 0x00, 0x01, 0x00, 0x01, 0x00, 0x01, 0x00, 0x01, 0x00, 0x01, 0x00, 0x01,
    0x00, 0x01, 0x00, 0x01, 0x00, 0x01, 0x00, 0x01, 0x00, 0x01, 0x00, 0x01, 0x00, 0x01, 0x00, 0x01, 0x00, 0x01, 0x00, 0x01, 0x00, 0x01, 0x00, 0x01, 0x00, 0x01, 0x00, 0x01, 0x00, 0x01, 0x00, 0x01,
    0x00, 0x01, 0x00, 0x01, 0x00, 0x01, 0x00, 0x01, 0x00, 0x01, 0x00, 0x01, 0x00, 0x01, 0x00, 0x01, 0x00, 0x01, 0x00, 0x01, 0x00, 0x01, 0x00, 0x01, 0x00, 0x01, 0x00, 0x01, 0x00, 0x01, 0x00, 0x01,
    0x00, 0x01, 0x00, 0x01, 0x00, 0x01, 0x00, 0x01, 0x00, 0x01, 0x00, 0x01, 0x00, 0x01, 0x00, 0x01, 0x00, 0x01, 0x00, 0x01, 0x00, 0x01, 0x00, 0x01, 0x00, 0x01, 0x00, 0x01, 0x00, 0x01, 0x00, 0x01,
    0x00, 0x01, 0x00, 0x01, 0x00, 0x01, 0x00, 0x01, 0x00, 0x01, 0x00, 0x01, 0x00, 0x01, 0x00, 0x01, 0x00, 0x01, 0x00, 0x01, 0x00, 0x01, 0x00, 0x01, 0x00, 0x01, 0x00, 0x01, 0x00, 0x01, 0x00, 0x01,
    0x00, 0x01, 0x00, 0x01, 0x00, 0x01, 0x00, 0x01, 0x00, 0x01, 0x00, 0x01, 0x00, 0x01, 0x00, 0x01, 0x00, 0x01, 0x00, 0x01, 0x00, 0x01, 0x00, 0x01, 0x00, 0x01, 0x00, 0x01, 0x00, 0x01, 0x00, 0x01,
    0x00, 0x01, 0x00, 0x01, 0x00, 0x01, 0x00, 0x01, 0x00, 0x01, 0x00, 0x01, 0x00, 0x01, 0x00, 0x01, 0x00, 0x01, 0x00, 0x01, 0x00, 0x01, 0x00, 0x01, 0x00, 0x01, 0x00, 0x01, 0x00, 0x01, 0x00, 0x01,
    0x00, 0x01, 0x00, 0x01, 0x00, 0x01, 0x00, 0x01, 0x00, 0x01, 0x00, 0x01, 0x00, 0x01, 0x00, 0x01, 0x00, 0x01, 0x00, 0x01, 0x00, 0x01, 0x00, 0x01, 0x00, 0x01, 0x00, 0x01, 0x00, 0x01, 0x00, 0x01,
    0x00, 0x01, 0x00, 0x01, 0x00, 0x01, 0x00, 0x01, 0x00, 0x01, 0x00, 0x01, 0x00, 0x01, 0x00, 0x01, 0x00, 0x01, 0x00, 0x01, 0x00, 0x01, 0x00, 0x01, 0x00, 0x01, 0x00, 0x01, 0x00, 0x01, 0x00, 0x01,
    0x00, 0x01, 0x00, 0x01, 0x00, 0x01, 0x00, 0x01, 0x00, 0x01, 0x00, 0x01, 0x00, 0x01, 0x00, 0x01, 0x00, 0x01, 0x00, 0x01, 0x00, 0x01, 0x00, 0x01, 0x00, 0x01, 0x00, 0x01, 0x00, 0x01, 0x00, 0x01,
    0x00, 0x01, 0x00, 0x01, 0x00, 0x01, 0x00, 0x01, 0x00, 0x01, 0x00, 0x01, 0x00, 0x01, 0x00, 0x01, 0x00, 0x01, 0x00, 0x01, 0x00, 0x01, 0x00, 0x01, 0x00, 0x01, 0x00, 0x01, 0x00, 0x01, 0x00, 0x01,
    0x00, 0x01, 0x00, 0x01, 0x00, 0x01, 0x00, 0x01, 0x00, 0x01, 0x00, 0x01, 0x00, 0x01, 0x00, 0x01, 0x00, 0x01, 0x00, 0x01, 0x00, 0x01, 0x00, 0x01, 0x00, 0x01, 0x00, 0x01, 0x00, 0x01, 0x00, 0x01,
    0x00, 0x01, 0x00, 0x01, 0x00, 0x01, 0x00, 0x01, 0x00, 0x01, 0x00, 0x01, 0x00, 0x01, 0x00, 0x01, 0x00, 0x01, 0x00, 0x01, 0x00, 0x01, 0x00, 0x01, 0x00, 0x01, 0x00, 0x01, 0x00, 0x01, 0x00, 0x01,
    0x00, 0x01, 0x00, 0x01, 0x00, 0x01, 0x00, 0x01, 0x00, 0x01, 0x00, 0x01, 0x00, 0x01, 0x00, 0x01, 0x00, 0x01, 0x00, 0x01, 0x00, 0x01, 0x00, 0x01, 0x00, 0x01, 0x00, 0x01, 0x00, 0x01, 0x00, 0x01,
    0x00, 0x01, 0x00, 0x01, 0x00, 0x01, 0x00, 0x01, 0x00, 0x01, 0x00, 0x01, 0x00, 0x01, 0x00, 0x01, 0x00, 0x01, 0x00, 0x01, 0x00, 0x01, 0x00, 0x01, 0x00, 0x01, 0x00, 0x01, 0x00, 0x01, 0x00, 0x01,
    0x00, 0x01, 0x00, 0x01, 0x00, 0x01, 0x00, 0x01, 0x00, 0x01, 0x00, 0x01, 0x00, 0x01, 0x00, 0x01, 0x00, 0x01, 0x00, 0x01, 0x00, 0x01, 0x00, 0x01, 0x00, 0x01, 0x00, 0x01, 0x00, 0x01, 0x00, 0x01,
};
alignas(8) inline constexpr uint8_t kTex1[1024] = {   // plush_mouth 32x16
    0xEE, 0x1B, 0xEE, 0x1B, 0xEE, 0x1B, 0xEE, 0x1B, 0xEE, 0x1B, 0xEE, 0x1B, 0xEE, 0x1B, 0xEE, 0x1B, 0xEE, 0x1B, 0xEE, 0x1B, 0xEE, 0x1B, 0xEE, 0x1B, 0xEE, 0x1B, 0xEE, 0x1B, 0xEE, 0x1B, 0xEE, 0x1B,
    0xEE, 0x1B, 0xEE, 0x1B, 0xEE, 0x1B, 0xEE, 0x1B, 0xEE, 0x1B, 0xEE, 0x1B, 0xEE, 0x1B, 0xEE, 0x1B, 0xEE, 0x1B, 0xEE, 0x1B, 0xEE, 0x1B, 0xEE, 0x1B, 0xEE, 0x1B, 0xEE, 0x1B, 0xEE, 0x1B, 0xEE, 0x1B,
    0xEE, 0x1B, 0xEE, 0x1B, 0xEE, 0x1B, 0xEE, 0x1B, 0xEE, 0x1B, 0xEE, 0x1B, 0xEE, 0x1B, 0xEE, 0x1B, 0xEE, 0x1B, 0xEE, 0x1B, 0xEE, 0x1B, 0xEE, 0x1B, 0xEE, 0x1B, 0xEE, 0x1B, 0xEE, 0x1B, 0xEE, 0x1B,
    0xEE, 0x1B, 0xEE, 0x1B, 0xEE, 0x1B, 0xEE, 0x1B, 0xEE, 0x1B, 0xEE, 0x1B, 0xEE, 0x1B, 0xEE, 0x1B, 0xEE, 0x1B, 0xEE, 0x1B, 0xEE, 0x1B, 0xEE, 0x1B, 0xEE, 0x1B, 0xEE, 0x1B, 0xEE, 0x1B, 0xEE, 0x1B,
    0xEE, 0x1B, 0xEE, 0x1B, 0xEE, 0x1B, 0xEE, 0x1B, 0xEE, 0x1B, 0xEE, 0x1B, 0xEE, 0x1B, 0xEE, 0x1B, 0xEE, 0x1B, 0xEE, 0x1B, 0xEE, 0x1B, 0xEE, 0x1B, 0xEE, 0x1B, 0xEE, 0x1B, 0xEE, 0x1B, 0xEE, 0x1B,
    0xEE, 0x1B, 0xEE, 0x1B, 0xEE, 0x1B, 0xEE, 0x1B, 0xEE, 0x1B, 0xEE, 0x1B, 0xEE, 0x1B, 0xEE, 0x1B, 0xEE, 0x1B, 0xEE, 0x1B, 0xEE, 0x1B, 0xEE, 0x1B, 0xEE, 0x1B, 0xEE, 0x1B, 0xEE, 0x1B, 0xEE, 0x1B,
    0xEE, 0x1B, 0xEE, 0x1B, 0xEE, 0x1B, 0xEE, 0x1B, 0xEE, 0x1B, 0xEE, 0x1B, 0xEE, 0x1B, 0xEE, 0x1B, 0xEE, 0x1B, 0xEE, 0x1B, 0xEE, 0x1B, 0xEE, 0x1B, 0xEE, 0x1B, 0xEE, 0x1B, 0xEE, 0x1B, 0xEE, 0x1B,
    0xEE, 0x1B, 0xEE, 0x1B, 0xEE, 0x1B, 0xEE, 0x1B, 0xEE, 0x1B, 0xEE, 0x1B, 0xEE, 0x1B, 0xEE, 0x1B, 0xEE, 0x1B, 0xEE, 0x1B, 0xEE, 0x1B, 0xEE, 0x1B, 0xEE, 0x1B, 0xEE, 0x1B, 0xEE, 0x1B, 0xEE, 0x1B,
    0xEE, 0x1B, 0xEE, 0x1B, 0x10, 0x87, 0xEE, 0x1B, 0xEE, 0x1B, 0xEE, 0x1B, 0xEE, 0x1B, 0xEE, 0x1B, 0xEE, 0x1B, 0xEE, 0x1B, 0xEE, 0x1B, 0xEE, 0x1B, 0xEE, 0x1B, 0xEE, 0x1B, 0xEE, 0x1B, 0xEE, 0x1B,
    0xEE, 0x1B, 0xEE, 0x1B, 0xEE, 0x1B, 0xEE, 0x1B, 0xEE, 0x1B, 0xEE, 0x1B, 0xEE, 0x1B, 0xEE, 0x1B, 0xEE, 0x1B, 0xEE, 0x1B, 0xEE, 0x1B, 0xEE, 0x1B, 0xEE, 0x1B, 0x10, 0x87, 0xEE, 0x1B, 0xEE, 0x1B,
    0xEE, 0x1B, 0xEE, 0x1B, 0x10, 0x87, 0x10, 0x87, 0xEE, 0x1B, 0xEE, 0x1B, 0xEE, 0x1B, 0xEE, 0x1B, 0xEE, 0x1B, 0xEE, 0x1B, 0xEE, 0x1B, 0xEE, 0x1B, 0xEE, 0x1B, 0xEE, 0x1B, 0xEE, 0x1B, 0xEE, 0x1B,
    0xEE, 0x1B, 0xEE, 0x1B, 0xEE, 0x1B, 0xEE, 0x1B, 0xEE, 0x1B, 0xEE, 0x1B, 0xEE, 0x1B, 0xEE, 0x1B, 0xEE, 0x1B, 0xEE, 0x1B, 0xEE, 0x1B, 0xEE, 0x1B, 0x10, 0x87, 0x10, 0x87, 0xEE, 0x1B, 0xEE, 0x1B,
    0xEE, 0x1B, 0xEE, 0x1B, 0xEE, 0x1B, 0x10, 0x87, 0x10, 0x87, 0xEE, 0x1B, 0xEE, 0x1B, 0xEE, 0x1B, 0xEE, 0x1B, 0xEE, 0x1B, 0xEE, 0x1B, 0xEE, 0x1B, 0xEE, 0x1B, 0xEE, 0x1B, 0xEE, 0x1B, 0xEE, 0x1B,
    0xEE, 0x1B, 0xEE, 0x1B, 0xEE, 0x1B, 0xEE, 0x1B, 0xEE, 0x1B, 0xEE, 0x1B, 0xEE, 0x1B, 0xEE, 0x1B, 0xEE, 0x1B, 0xEE, 0x1B, 0xEE, 0x1B, 0x10, 0x87, 0x10, 0x87, 0xEE, 0x1B, 0xEE, 0x1B, 0xEE, 0x1B,
    0xEE, 0x1B, 0xEE, 0x1B, 0xEE, 0x1B, 0xEE, 0x1B, 0x10, 0x87, 0x10, 0x87, 0x10, 0x87, 0xEE, 0x1B, 0xEE, 0x1B, 0xEE, 0x1B, 0xEE, 0x1B, 0xEE, 0x1B, 0xEE, 0x1B, 0xEE, 0x1B, 0xEE, 0x1B, 0xEE, 0x1B,
    0xEE, 0x1B, 0xEE, 0x1B, 0xEE, 0x1B, 0xEE, 0x1B, 0xEE, 0x1B, 0xEE, 0x1B, 0xEE, 0x1B, 0xEE, 0x1B, 0xEE, 0x1B, 0x10, 0x87, 0x10, 0x87, 0x10, 0x87, 0xEE, 0x1B, 0xEE, 0x1B, 0xEE, 0x1B, 0xEE, 0x1B,
    0xEE, 0x1B, 0xEE, 0x1B, 0xEE, 0x1B, 0xEE, 0x1B, 0xEE, 0x1B, 0x10, 0x87, 0x10, 0x87, 0x10, 0x87, 0x10, 0x87, 0xEE, 0x1B, 0xEE, 0x1B, 0xEE, 0x1B, 0xEE, 0x1B, 0xEE, 0x1B, 0xEE, 0x1B, 0xEE, 0x1B,
    0xEE, 0x1B, 0xEE, 0x1B, 0xEE, 0x1B, 0xEE, 0x1B, 0xEE, 0x1B, 0xEE, 0x1B, 0xEE, 0x1B, 0x10, 0x87, 0x10, 0x87, 0x10, 0x87, 0x10, 0x87, 0xEE, 0x1B, 0xEE, 0x1B, 0xEE, 0x1B, 0xEE, 0x1B, 0xEE, 0x1B,
    0xEE, 0x1B, 0xEE, 0x1B, 0xEE, 0x1B, 0xEE, 0x1B, 0xEE, 0x1B, 0xEE, 0x1B, 0xEE, 0x1B, 0x10, 0x87, 0x10, 0x87, 0x10, 0x87, 0x10, 0x87, 0x10, 0x87, 0xEE, 0x1B, 0xEE, 0x1B, 0xEE, 0x1B, 0xEE, 0x1B,
    0xEE, 0x1B, 0xEE, 0x1B, 0xEE, 0x1B, 0xEE, 0x1B, 0x10, 0x87, 0x10, 0x87, 0x10, 0x87, 0x10, 0x87, 0x10, 0x87, 0xEE, 0x1B, 0xEE, 0x1B, 0xEE, 0x1B, 0xEE, 0x1B, 0xEE, 0x1B, 0xEE, 0x1B, 0xEE, 0x1B,
    0xEE, 0x1B, 0xEE, 0x1B, 0xEE, 0x1B, 0xEE, 0x1B, 0xEE, 0x1B, 0xEE, 0x1B, 0xEE, 0x1B, 0xEE, 0x1B, 0xEE, 0x1B, 0x10, 0x87, 0x10, 0x87, 0x10, 0x87, 0x10, 0x87, 0x10, 0x87, 0x10, 0x87, 0x10, 0x87,
    0x10, 0x87, 0x10, 0x87, 0x10, 0x87, 0x10, 0x87, 0x10, 0x87, 0x10, 0x87, 0x10, 0x87, 0xEE, 0x1B, 0xEE, 0x1B, 0xEE, 0x1B, 0xEE, 0x1B, 0xEE, 0x1B, 0xEE, 0x1B, 0xEE, 0x1B, 0xEE, 0x1B, 0xEE, 0x1B,
    0xEE, 0x1B, 0xEE, 0x1B, 0xEE, 0x1B, 0xEE, 0x1B, 0xEE, 0x1B, 0xEE, 0x1B, 0xEE, 0x1B, 0xEE, 0x1B, 0xEE, 0x1B, 0xEE, 0x1B, 0xEC, 0x23, 0xEC, 0x23, 0x10, 0x87, 0x10, 0x87, 0x10, 0x87, 0x10, 0x87,
    0x10, 0x87, 0x10, 0x87, 0x10, 0x87, 0x10, 0x87, 0xEC, 0x23, 0xEC, 0x23, 0xEE, 0x1B, 0xEE, 0x1B, 0xEE, 0x1B, 0xEE, 0x1B, 0xEE, 0x1B, 0xEE, 0x1B, 0xEE, 0x1B, 0xEE, 0x1B, 0xEE, 0x1B, 0xEE, 0x1B,
    0xEE, 0x1B, 0xEE, 0x1B, 0xEE, 0x1B, 0xEE, 0x1B, 0xEE, 0x1B, 0xEE, 0x1B, 0xEE, 0x1B, 0xEE, 0x1B, 0xEE, 0x1B, 0xEE, 0x1B, 0xEE, 0x1B, 0xEC, 0x23, 0xEC, 0x23, 0xEC, 0x23, 0xEC, 0x23, 0xEC, 0x23,
    0xEC, 0x23, 0xEC, 0x23, 0xEC, 0x23, 0xEC, 0x23, 0xEC, 0x23, 0xEE, 0x1B, 0xEE, 0x1B, 0xEE, 0x1B, 0xEE, 0x1B, 0xEE, 0x1B, 0xEE, 0x1B, 0xEE, 0x1B, 0xEE, 0x1B, 0xEE, 0x1B, 0xEE, 0x1B, 0xEE, 0x1B,
    0xEE, 0x1B, 0xEE, 0x1B, 0xEE, 0x1B, 0xEE, 0x1B, 0xEE, 0x1B, 0xEE, 0x1B, 0xEE, 0x1B, 0xEE, 0x1B, 0xEE, 0x1B, 0xEE, 0x1B, 0xEE, 0x1B, 0xEE, 0x1B, 0xEC, 0x23, 0xEC, 0x23, 0xEC, 0x23, 0xEC, 0x23,
    0xEC, 0x23, 0xEC, 0x23, 0xEC, 0x23, 0xEC, 0x23, 0xEE, 0x1B, 0xEE, 0x1B, 0xEE, 0x1B, 0xEE, 0x1B, 0xEE, 0x1B, 0xEE, 0x1B, 0xEE, 0x1B, 0xEE, 0x1B, 0xEE, 0x1B, 0xEE, 0x1B, 0xEE, 0x1B, 0xEE, 0x1B,
    0xEE, 0x1B, 0xEE, 0x1B, 0xEE, 0x1B, 0xEE, 0x1B, 0xEE, 0x1B, 0xEE, 0x1B, 0xEE, 0x1B, 0xEE, 0x1B, 0xEE, 0x1B, 0xEE, 0x1B, 0xEE, 0x1B, 0xEE, 0x1B, 0xEE, 0x1B, 0xEC, 0x23, 0xEC, 0x23, 0xEC, 0x23,
    0xEC, 0x23, 0xEC, 0x23, 0xEC, 0x23, 0xEE, 0x1B, 0xEE, 0x1B, 0xEE, 0x1B, 0xEE, 0x1B, 0xEE, 0x1B, 0xEE, 0x1B, 0xEE, 0x1B, 0xEE, 0x1B, 0xEE, 0x1B, 0xEE, 0x1B, 0xEE, 0x1B, 0xEE, 0x1B, 0xEE, 0x1B,
    0xEE, 0x1B, 0xEE, 0x1B, 0xEE, 0x1B, 0xEE, 0x1B, 0xEE, 0x1B, 0xEE, 0x1B, 0xEE, 0x1B, 0xEE, 0x1B, 0xEE, 0x1B, 0xEE, 0x1B, 0xEE, 0x1B, 0xEE, 0x1B, 0xEE, 0x1B, 0xEE, 0x1B, 0xEE, 0x1B, 0xEE, 0x1B,
    0xEE, 0x1B, 0xEE, 0x1B, 0xEE, 0x1B, 0xEE, 0x1B, 0xEE, 0x1B, 0xEE, 0x1B, 0xEE, 0x1B, 0xEE, 0x1B, 0xEE, 0x1B, 0xEE, 0x1B, 0xEE, 0x1B, 0xEE, 0x1B, 0xEE, 0x1B, 0xEE, 0x1B, 0xEE, 0x1B, 0xEE, 0x1B,
};
alignas(8) inline constexpr uint8_t kTex2[4096] = {   // tv_pal 64x32
    0xE6, 0xAB, 0xEE, 0xED, 0xE6, 0xAB, 0xEE, 0xED, 0xE6, 0xAB, 0xE6, 0xAB, 0xEE, 0xED, 0xE6, 0xAB, 0x44, 0xA5, 0x4C, 0xA5, 0x44, 0xA5, 0x4C, 0xE7, 0x4C, 0xA5, 0x4C, 0xE7, 0x4C, 0xE7, 0x44, 0xA5,
    0x10, 0xC9, 0x10, 0xC9, 0x10, 0xC9, 0x10, 0xC9, 0x10, 0xC9, 0x10, 0xC9, 0x10, 0xC7, 0x10, 0xC7, 0xB5, 0xF1, 0xBD, 0xF1, 0xB5, 0xF1, 0xB5, 0xF1, 0xB5, 0xF1, 0xBD, 0xF1, 0xB5, 0xF1, 0xB5, 0xF1,
    0x9B, 0x0D, 0x9B, 0x0D, 0x9B, 0x0D, 0x9B, 0x0D, 0x9B, 0x0D, 0x9B, 0x0D, 0x9B, 0x0D, 0x9B, 0x0D, 0xDA, 0x0F, 0xDA, 0x0D, 0xDA, 0x0F, 0xDA, 0x0F, 0xDA, 0x0D, 0xE2, 0x0F, 0xDA, 0x0F, 0xDA, 0x0F,
    0xEE, 0x11, 0xF6, 0x51, 0xF6, 0x51, 0xEE, 0x51, 0xF6, 0x51, 0xF6, 0x51, 0xF6, 0x51, 0xEE, 0x51, 0x18, 0xC7, 0x18, 0xC9, 0x18, 0xC7, 0x18, 0xC9, 0x10, 0x87, 0x18, 0xC7, 0x18, 0xC7, 0x18, 0xC9,
    0xEE, 0xED, 0xE6, 0xED, 0xE6, 0xED, 0xEE, 0xED, 0xE6, 0xAB, 0xEE, 0xED, 0xE6, 0xAB, 0xE6, 0xAB, 0x4C, 0xE7, 0x44, 0xA5, 0x4C, 0xE7, 0x4C, 0xE7, 0x44, 0xA5, 0x4C, 0xE7, 0x44, 0xA5, 0x44, 0xA5,
    0x10, 0xC9, 0x10, 0xC7, 0x10, 0xC9, 0x10, 0xC9, 0x10, 0xC9, 0x10, 0xC7, 0x10, 0xC9, 0x10, 0xC9, 0xBD, 0xF1, 0xB5, 0xF1, 0xB5, 0xF1, 0xBD, 0xF3, 0xB5, 0xF1, 0xB5, 0xF1, 0xBD, 0xF3, 0xBD, 0xF1,
    0x9B, 0x0D, 0x9B, 0x0D, 0xA3, 0x0F, 0x9B, 0x0D, 0x9B, 0x0D, 0xA3, 0x0F, 0x9B, 0x0D, 0x9B, 0x0D, 0xE2, 0x0F, 0xDA, 0x0D, 0xE2, 0x4F, 0xDA, 0x0D, 0xDA, 0x0F, 0xDA, 0x0F, 0xE2, 0x4F, 0xDA, 0x0F,
    0xEE, 0x11, 0xEE, 0x11, 0xF6, 0x51, 0xEE, 0x51, 0xF6, 0x51, 0xF6, 0x53, 0xF6, 0x51, 0xF6, 0x51, 0x18, 0xC9, 0x18, 0xC9, 0x18, 0xC9, 0x18, 0xC9, 0x18, 0xC9, 0x18, 0xC9, 0x18, 0xC7, 0x18, 0xC7,
    0xE6, 0xAB, 0xE6, 0xAB, 0xE6, 0xED, 0xEE, 0xED, 0xE6, 0xED, 0xE6, 0xAB, 0xE6, 0xAB, 0xEE, 0xED, 0x4C, 0xE7, 0x4C, 0xA5, 0x44, 0xA5, 0x4C, 0xE7, 0x44, 0xA5, 0x4C, 0xE7, 0x4C, 0xE7, 0x4C, 0xE7,
    0x10, 0xC7, 0x19, 0x09, 0x10, 0xC9, 0x10, 0xC9, 0x10, 0xC9, 0x10, 0xC7, 0x10, 0xC7, 0x10, 0xC9, 0xBD, 0xF1, 0xB5, 0xF1, 0xBD, 0xF1, 0xB5, 0xF1, 0xBD, 0xF1, 0xB5, 0xF1, 0xBD, 0xF1, 0xBD, 0xF1,
    0x9B, 0x0D, 0xA3, 0x0F, 0xA3, 0x4F, 0xA3, 0x0F, 0x9B, 0x0D, 0x9B, 0x0D, 0x9B, 0x0D, 0x9B, 0x0D, 0xE2, 0x0F, 0xDA, 0x0F, 0xDA, 0x0F, 0xDA, 0x0F, 0xDA, 0x0F, 0xDA, 0x0F, 0xDA, 0x0F, 0xDA, 0x0F,
    0xF6, 0x51, 0xF6, 0x51, 0xEE, 0x11, 0xF6, 0x51, 0xF6, 0x51, 0xF6, 0x51, 0xF6, 0x51, 0xF6, 0x51, 0x18, 0xC9, 0x18, 0xC9, 0x10, 0x87, 0x18, 0xC7, 0x18, 0xC7, 0x18, 0xC9, 0x18, 0xC9, 0x18, 0xC7,
    0xE6, 0xAB, 0xEE, 0xED, 0xE6, 0xED, 0xEE, 0xED, 0xE6, 0xED, 0xEE, 0xED, 0xEE, 0xED, 0xEE, 0xED, 0x4C, 0xE7, 0x44, 0xA5, 0x44, 0xA5, 0x44, 0xA5, 0x44, 0xA5, 0x4C, 0xE7, 0x4C, 0xA5, 0x4C, 0xE7,
    0x10, 0xC9, 0x10, 0xC9, 0x10, 0xC7, 0x10, 0xC9, 0x18, 0xC9, 0x10, 0xC9, 0x18, 0xC9, 0x19, 0x09, 0xB5, 0xF1, 0xB5, 0xF1, 0xBD, 0xF1, 0xBD, 0xF3, 0xBD, 0xF3, 0xBD, 0xF1, 0xB5, 0xF1, 0xB5, 0xF1,
    0x9B, 0x0D, 0x9B, 0x0D, 0xA3, 0x0F, 0x9B, 0x0D, 0x9B, 0x0D, 0x9B, 0x0D, 0xA3, 0x0F, 0x9B, 0x0D, 0xE2, 0x0F, 0xDA, 0x0F, 0xDA, 0x0F, 0xDA, 0x0D, 0xDA, 0x0D, 0xDA, 0x0F, 0xE2, 0x0F, 0xDA, 0x0F,
    0xEE, 0x11, 0xF6, 0x53, 0xEE, 0x11, 0xF6, 0x51, 0xF6, 0x51, 0xF6, 0x53, 0xF6, 0x51, 0xF6, 0x53, 0x18, 0xC9, 0x18, 0xC7, 0x18, 0xC7, 0x18, 0xC7, 0x18, 0xC9, 0x10, 0x87, 0x18, 0xC7, 0x18, 0xC7,
    0xEE, 0xED, 0xEE, 0xED, 0xE6, 0xAB, 0xE6, 0xAB, 0xEE, 0xED, 0xEE, 0xED, 0xE6, 0xAB, 0xEE, 0xED, 0x4C, 0xE7, 0x4C, 0xE7, 0x4C, 0xE7, 0x44, 0xA5, 0x44, 0xA5, 0x44, 0xA5, 0x4C, 0xA5, 0x4C, 0xE7,
    0x10, 0xC7, 0x10, 0xC9, 0x10, 0xC9, 0x19, 0x09, 0x10, 0xC9, 0x19, 0x09, 0x10, 0xC9, 0x10, 0xC9, 0xB5, 0xF1, 0xB5, 0xF1, 0xB5, 0xF1, 0xBD, 0xF3, 0xBD, 0xF3, 0xBD, 0xF3, 0xB5, 0xF1, 0xB5, 0xF1,
    0xA3, 0x0F, 0xA3, 0x0F, 0x9B, 0x0D, 0xA3, 0x4F, 0x9B, 0x0D, 0x9B, 0x0D, 0xA3, 0x0F, 0x9B, 0x0D, 0xDA, 0x0D, 0xDA, 0x0F, 0xDA, 0x0F, 0xDA, 0x0F, 0xDA, 0x0F, 0xDA, 0x0F, 0xDA, 0x0F, 0xE2, 0x0F,
    0xF6, 0x51, 0xF6, 0x51, 0xEE, 0x11, 0xEE, 0x11, 0xF6, 0x51, 0xF6, 0x51, 0xF6, 0x51, 0xF6, 0x51, 0x18, 0xC9, 0x18, 0xC9, 0x18, 0xC7, 0x18, 0xC9, 0x10, 0x87, 0x18, 0xC7, 0x18, 0xC9, 0x18, 0xC9,
    0xEE, 0xED, 0xEE, 0xED, 0xEE, 0xED, 0xE6, 0xAD, 0xE6, 0xED, 0xEE, 0xED, 0xE6, 0xAB, 0xEE, 0xED, 0x4C, 0xE7, 0x4C, 0xA5, 0x4C, 0xE7, 0x44, 0xA5, 0x4C, 0xE7, 0x44, 0xA5, 0x4C, 0xE7, 0x44, 0xA5,
    0x10, 0xC9, 0x19, 0x09, 0x10, 0xC9, 0x10, 0xC9, 0x10, 0xC9, 0x10, 0xC7, 0x10, 0xC9, 0x19, 0x09, 0xBD, 0xF3, 0xB5, 0xF1, 0xB5, 0xF1, 0xB5, 0xF1, 0xBD, 0xF3, 0xBD, 0xF3, 0xB5, 0xF1, 0xB5, 0xF1,
    0x9B, 0x0D, 0x9B, 0x0D, 0x9B, 0x0D, 0x9B, 0x0D, 0xA3, 0x0F, 0x9B, 0x0D, 0xA3, 0x4F, 0x9B, 0x0D, 0xE2, 0x0F, 0xE2, 0x0F, 0xDA, 0x0F, 0xDA, 0x0F, 0xE2, 0x0F, 0xDA, 0x0F, 0xE2, 0x0F, 0xDA, 0x0F,
    0xF6, 0x51, 0xF6, 0x51, 0xF6, 0x51, 0xF6, 0x51, 0xEE, 0x51, 0xEE, 0x11, 0xEE, 0x11, 0xF6, 0x51, 0x18, 0xC7, 0x18, 0xC9, 0x18, 0xC7, 0x18, 0xC7, 0x18, 0xC9, 0x18, 0xC9, 0x18, 0xC7, 0x18, 0xC9,
    0xE6, 0xAB, 0xEE, 0xED, 0xEE, 0xED, 0xEE, 0xED, 0xEE, 0xED, 0xEE, 0xED, 0xE6, 0xAB, 0xE6, 0xAB, 0x4C, 0xE7, 0x4C, 0xE7, 0x4C, 0xE7, 0x4C, 0xE7, 0x44, 0xA5, 0x4C, 0xE7, 0x4C, 0xE7, 0x44, 0xA5,
    0x10, 0xC9, 0x10, 0xC9, 0x10, 0xC9, 0x10, 0xC9, 0x10, 0xC9, 0x10, 0xC9, 0x19, 0x09, 0x10, 0xC9, 0xBD, 0xF1, 0xBD, 0xF1, 0xBD, 0xF1, 0xB5, 0xF1, 0xB5, 0xF1, 0xB5, 0xF1, 0xB5, 0xF1, 0xB5, 0xF1,
    0xA3, 0x0F, 0x9B, 0x0D, 0x9B, 0x0D, 0x9B, 0x0D, 0x9B, 0x0D, 0xA3, 0x0F, 0x9B, 0x0D, 0x9B, 0x0D, 0xDA, 0x0F, 0xDA, 0x0F, 0xDA, 0x0F, 0xDA, 0x0F, 0xDA, 0x0F, 0xE2, 0x0F, 0xDA, 0x0F, 0xDA, 0x0F,
    0xF6, 0x51, 0xF6, 0x51, 0xF6, 0x51, 0xF6, 0x51, 0xF6, 0x51, 0xF6, 0x51, 0xF6, 0x51, 0xF6, 0x51, 0x18, 0xC9, 0x18, 0xC9, 0x18, 0xC7, 0x18, 0xC7, 0x18, 0xC7, 0x18, 0xC7, 0x18, 0xC9, 0x10, 0x87,
    0xEE, 0xED, 0xEE, 0xED, 0xE6, 0xAB, 0xEE, 0xED, 0xEE, 0xED, 0xEE, 0xED, 0xE6, 0xAB, 0xE6, 0xAB, 0x4C, 0xE7, 0x4C, 0xE7, 0x4C, 0xE7, 0x44, 0xA5, 0x44, 0xA5, 0x4C, 0xE7, 0x4C, 0xE7, 0x44, 0xA5,
    0x10, 0xC9, 0x10, 0xC9, 0x10, 0xC9, 0x10, 0xC9, 0x10, 0xC9, 0x10, 0xC9, 0x10, 0xC9, 0x10, 0xC9, 0xB5, 0xF1, 0xB5, 0xF1, 0xBD, 0xF1, 0xB5, 0xF1, 0xB5, 0xF1, 0xB5, 0xF1, 0xB5, 0xF1, 0xB5, 0xF1,
    0x9B, 0x0D, 0x9B, 0x0D, 0x9B, 0x0D, 0xA3, 0x4F, 0x9B, 0x0D, 0x9B, 0x0D, 0x9B, 0x0D, 0x9B, 0x0D, 0xDA, 0x0F, 0xDA, 0x0F, 0xDA, 0x0F, 0xDA, 0x0F, 0xDA, 0x0F, 0xDA, 0x0F, 0xDA, 0x0D, 0xE2, 0x0F,
    0xEE, 0x51, 0xF6, 0x51, 0xF6, 0x51, 0xEE, 0x51, 0xF6, 0x51, 0xF6, 0x51, 0xF6, 0x51, 0xF6, 0x51, 0x18, 0xC9, 0x18, 0xC7, 0x18, 0xC7, 0x18, 0xC7, 0x18, 0xC9, 0x10, 0x87, 0x18, 0xC7, 0x18, 0xC7,
    0x00, 0x01, 0x00, 0x01, 0x00, 0x01, 0x00, 0x01, 0x00, 0x01, 0x00, 0x01, 0x00, 0x01, 0x00, 0x01, 0x00, 0x01, 0x00, 0x01, 0x00, 0x01, 0x00, 0x01, 0x00, 0x01, 0x00, 0x01, 0x00, 0x01, 0x00, 0x01,
    0x00, 0x01, 0x00, 0x01, 0x00, 0x01, 0x00, 0x01, 0x00, 0x01, 0x00, 0x01, 0x00, 0x01, 0x00, 0x01, 0x00, 0x01, 0x00, 0x01, 0x00, 0x01, 0x00, 0x01, 0x00, 0x01, 0x00, 0x01, 0x00, 0x01, 0x00, 0x01,
    0x00, 0x01, 0x00, 0x01, 0x00, 0x01, 0x00, 0x01, 0x00, 0x01, 0x00, 0x01, 0x00, 0x01, 0x00, 0x01, 0x00, 0x01, 0x00, 0x01, 0x00, 0x01, 0x00, 0x01, 0x00, 0x01, 0x00, 0x01, 0x00, 0x01, 0x00, 0x01,
    0x00, 0x01, 0x00, 0x01, 0x00, 0x01, 0x00, 0x01, 0x00, 0x01, 0x00, 0x01, 0x00, 0x01, 0x00, 0x01, 0x00, 0x01, 0x00, 0x01, 0x00, 0x01, 0x00, 0x01, 0x00, 0x01, 0x00, 0x01, 0x00, 0x01, 0x00, 0x01,
    0x00, 0x01, 0x00, 0x01, 0x00, 0x01, 0x00, 0x01, 0x00, 0x01, 0x00, 0x01, 0x00, 0x01, 0x00, 0x01, 0x00, 0x01, 0x00, 0x01, 0x00, 0x01, 0x00, 0x01, 0x00, 0x01, 0x00, 0x01, 0x00, 0x01, 0x00, 0x01,
    0x00, 0x01, 0x00, 0x01, 0x00, 0x01, 0x00, 0x01, 0x00, 0x01, 0x00, 0x01, 0x00, 0x01, 0x00, 0x01, 0x00, 0x01, 0x00, 0x01, 0x00, 0x01, 0x00, 0x01, 0x00, 0x01, 0x00, 0x01, 0x00, 0x01, 0x00, 0x01,
    0x00, 0x01, 0x00, 0x01, 0x00, 0x01, 0x00, 0x01, 0x00, 0x01, 0x00, 0x01, 0x00, 0x01, 0x00, 0x01, 0x00, 0x01, 0x00, 0x01, 0x00, 0x01, 0x00, 0x01, 0x00, 0x01, 0x00, 0x01, 0x00, 0x01, 0x00, 0x01,
    0x00, 0x01, 0x00, 0x01, 0x00, 0x01, 0x00, 0x01, 0x00, 0x01, 0x00, 0x01, 0x00, 0x01, 0x00, 0x01, 0x00, 0x01, 0x00, 0x01, 0x00, 0x01, 0x00, 0x01, 0x00, 0x01, 0x00, 0x01, 0x00, 0x01, 0x00, 0x01,
    0x00, 0x01, 0x00, 0x01, 0x00, 0x01, 0x00, 0x01, 0x00, 0x01, 0x00, 0x01, 0x00, 0x01, 0x00, 0x01, 0x00, 0x01, 0x00, 0x01, 0x00, 0x01, 0x00, 0x01, 0x00, 0x01, 0x00, 0x01, 0x00, 0x01, 0x00, 0x01,
    0x00, 0x01, 0x00, 0x01, 0x00, 0x01, 0x00, 0x01, 0x00, 0x01, 0x00, 0x01, 0x00, 0x01, 0x00, 0x01, 0x00, 0x01, 0x00, 0x01, 0x00, 0x01, 0x00, 0x01, 0x00, 0x01, 0x00, 0x01, 0x00, 0x01, 0x00, 0x01,
    0x00, 0x01, 0x00, 0x01, 0x00, 0x01, 0x00, 0x01, 0x00, 0x01, 0x00, 0x01, 0x00, 0x01, 0x00, 0x01, 0x00, 0x01, 0x00, 0x01, 0x00, 0x01, 0x00, 0x01, 0x00, 0x01, 0x00, 0x01, 0x00, 0x01, 0x00, 0x01,
    0x00, 0x01, 0x00, 0x01, 0x00, 0x01, 0x00, 0x01, 0x00, 0x01, 0x00, 0x01, 0x00, 0x01, 0x00, 0x01, 0x00, 0x01, 0x00, 0x01, 0x00, 0x01, 0x00, 0x01, 0x00, 0x01, 0x00, 0x01, 0x00, 0x01, 0x00, 0x01,
    0x00, 0x01, 0x00, 0x01, 0x00, 0x01, 0x00, 0x01, 0x00, 0x01, 0x00, 0x01, 0x00, 0x01, 0x00, 0x01, 0x00, 0x01, 0x00, 0x01, 0x00, 0x01, 0x00, 0x01, 0x00, 0x01, 0x00, 0x01, 0x00, 0x01, 0x00, 0x01,
    0x00, 0x01, 0x00, 0x01, 0x00, 0x01, 0x00, 0x01, 0x00, 0x01, 0x00, 0x01, 0x00, 0x01, 0x00, 0x01, 0x00, 0x01, 0x00, 0x01, 0x00, 0x01, 0x00, 0x01, 0x00, 0x01, 0x00, 0x01, 0x00, 0x01, 0x00, 0x01,
    0x00, 0x01, 0x00, 0x01, 0x00, 0x01, 0x00, 0x01, 0x00, 0x01, 0x00, 0x01, 0x00, 0x01, 0x00, 0x01, 0x00, 0x01, 0x00, 0x01, 0x00, 0x01, 0x00, 0x01, 0x00, 0x01, 0x00, 0x01, 0x00, 0x01, 0x00, 0x01,
    0x00, 0x01, 0x00, 0x01, 0x00, 0x01, 0x00, 0x01, 0x00, 0x01, 0x00, 0x01, 0x00, 0x01, 0x00, 0x01, 0x00, 0x01, 0x00, 0x01, 0x00, 0x01, 0x00, 0x01, 0x00, 0x01, 0x00, 0x01, 0x00, 0x01, 0x00, 0x01,
    0x00, 0x01, 0x00, 0x01, 0x00, 0x01, 0x00, 0x01, 0x00, 0x01, 0x00, 0x01, 0x00, 0x01, 0x00, 0x01, 0x00, 0x01, 0x00, 0x01, 0x00, 0x01, 0x00, 0x01, 0x00, 0x01, 0x00, 0x01, 0x00, 0x01, 0x00, 0x01,
    0x00, 0x01, 0x00, 0x01, 0x00, 0x01, 0x00, 0x01, 0x00, 0x01, 0x00, 0x01, 0x00, 0x01, 0x00, 0x01, 0x00, 0x01, 0x00, 0x01, 0x00, 0x01, 0x00, 0x01, 0x00, 0x01, 0x00, 0x01, 0x00, 0x01, 0x00, 0x01,
    0x00, 0x01, 0x00, 0x01, 0x00, 0x01, 0x00, 0x01, 0x00, 0x01, 0x00, 0x01, 0x00, 0x01, 0x00, 0x01, 0x00, 0x01, 0x00, 0x01, 0x00, 0x01, 0x00, 0x01, 0x00, 0x01, 0x00, 0x01, 0x00, 0x01, 0x00, 0x01,
    0x00, 0x01, 0x00, 0x01, 0x00, 0x01, 0x00, 0x01, 0x00, 0x01, 0x00, 0x01, 0x00, 0x01, 0x00, 0x01, 0x00, 0x01, 0x00, 0x01, 0x00, 0x01, 0x00, 0x01, 0x00, 0x01, 0x00, 0x01, 0x00, 0x01, 0x00, 0x01,
    0x00, 0x01, 0x00, 0x01, 0x00, 0x01, 0x00, 0x01, 0x00, 0x01, 0x00, 0x01, 0x00, 0x01, 0x00, 0x01, 0x00, 0x01, 0x00, 0x01, 0x00, 0x01, 0x00, 0x01, 0x00, 0x01, 0x00, 0x01, 0x00, 0x01, 0x00, 0x01,
    0x00, 0x01, 0x00, 0x01, 0x00, 0x01, 0x00, 0x01, 0x00, 0x01, 0x00, 0x01, 0x00, 0x01, 0x00, 0x01, 0x00, 0x01, 0x00, 0x01, 0x00, 0x01, 0x00, 0x01, 0x00, 0x01, 0x00, 0x01, 0x00, 0x01, 0x00, 0x01,
    0x00, 0x01, 0x00, 0x01, 0x00, 0x01, 0x00, 0x01, 0x00, 0x01, 0x00, 0x01, 0x00, 0x01, 0x00, 0x01, 0x00, 0x01, 0x00, 0x01, 0x00, 0x01, 0x00, 0x01, 0x00, 0x01, 0x00, 0x01, 0x00, 0x01, 0x00, 0x01,
    0x00, 0x01, 0x00, 0x01, 0x00, 0x01, 0x00, 0x01, 0x00, 0x01, 0x00, 0x01, 0x00, 0x01, 0x00, 0x01, 0x00, 0x01, 0x00, 0x01, 0x00, 0x01, 0x00, 0x01, 0x00, 0x01, 0x00, 0x01, 0x00, 0x01, 0x00, 0x01,
    0x00, 0x01, 0x00, 0x01, 0x00, 0x01, 0x00, 0x01, 0x00, 0x01, 0x00, 0x01, 0x00, 0x01, 0x00, 0x01, 0x00, 0x01, 0x00, 0x01, 0x00, 0x01, 0x00, 0x01, 0x00, 0x01, 0x00, 0x01, 0x00, 0x01, 0x00, 0x01,
    0x00, 0x01, 0x00, 0x01, 0x00, 0x01, 0x00, 0x01, 0x00, 0x01, 0x00, 0x01, 0x00, 0x01, 0x00, 0x01, 0x00, 0x01, 0x00, 0x01, 0x00, 0x01, 0x00, 0x01, 0x00, 0x01, 0x00, 0x01, 0x00, 0x01, 0x00, 0x01,
    0x00, 0x01, 0x00, 0x01, 0x00, 0x01, 0x00, 0x01, 0x00, 0x01, 0x00, 0x01, 0x00, 0x01, 0x00, 0x01, 0x00, 0x01, 0x00, 0x01, 0x00, 0x01, 0x00, 0x01, 0x00, 0x01, 0x00, 0x01, 0x00, 0x01, 0x00, 0x01,
    0x00, 0x01, 0x00, 0x01, 0x00, 0x01, 0x00, 0x01, 0x00, 0x01, 0x00, 0x01, 0x00, 0x01, 0x00, 0x01, 0x00, 0x01, 0x00, 0x01, 0x00, 0x01, 0x00, 0x01, 0x00, 0x01, 0x00, 0x01, 0x00, 0x01, 0x00, 0x01,
    0x00, 0x01, 0x00, 0x01, 0x00, 0x01, 0x00, 0x01, 0x00, 0x01, 0x00, 0x01, 0x00, 0x01, 0x00, 0x01, 0x00, 0x01, 0x00, 0x01, 0x00, 0x01, 0x00, 0x01, 0x00, 0x01, 0x00, 0x01, 0x00, 0x01, 0x00, 0x01,
    0x00, 0x01, 0x00, 0x01, 0x00, 0x01, 0x00, 0x01, 0x00, 0x01, 0x00, 0x01, 0x00, 0x01, 0x00, 0x01, 0x00, 0x01, 0x00, 0x01, 0x00, 0x01, 0x00, 0x01, 0x00, 0x01, 0x00, 0x01, 0x00, 0x01, 0x00, 0x01,
    0x00, 0x01, 0x00, 0x01, 0x00, 0x01, 0x00, 0x01, 0x00, 0x01, 0x00, 0x01, 0x00, 0x01, 0x00, 0x01, 0x00, 0x01, 0x00, 0x01, 0x00, 0x01, 0x00, 0x01, 0x00, 0x01, 0x00, 0x01, 0x00, 0x01, 0x00, 0x01,
    0x00, 0x01, 0x00, 0x01, 0x00, 0x01, 0x00, 0x01, 0x00, 0x01, 0x00, 0x01, 0x00, 0x01, 0x00, 0x01, 0x00, 0x01, 0x00, 0x01, 0x00, 0x01, 0x00, 0x01, 0x00, 0x01, 0x00, 0x01, 0x00, 0x01, 0x00, 0x01,
    0x00, 0x01, 0x00, 0x01, 0x00, 0x01, 0x00, 0x01, 0x00, 0x01, 0x00, 0x01, 0x00, 0x01, 0x00, 0x01, 0x00, 0x01, 0x00, 0x01, 0x00, 0x01, 0x00, 0x01, 0x00, 0x01, 0x00, 0x01, 0x00, 0x01, 0x00, 0x01,
    0x00, 0x01, 0x00, 0x01, 0x00, 0x01, 0x00, 0x01, 0x00, 0x01, 0x00, 0x01, 0x00, 0x01, 0x00, 0x01, 0x00, 0x01, 0x00, 0x01, 0x00, 0x01, 0x00, 0x01, 0x00, 0x01, 0x00, 0x01, 0x00, 0x01, 0x00, 0x01,
    0x00, 0x01, 0x00, 0x01, 0x00, 0x01, 0x00, 0x01, 0x00, 0x01, 0x00, 0x01, 0x00, 0x01, 0x00, 0x01, 0x00, 0x01, 0x00, 0x01, 0x00, 0x01, 0x00, 0x01, 0x00, 0x01, 0x00, 0x01, 0x00, 0x01, 0x00, 0x01,
    0x00, 0x01, 0x00, 0x01, 0x00, 0x01, 0x00, 0x01, 0x00, 0x01, 0x00, 0x01, 0x00, 0x01, 0x00, 0x01, 0x00, 0x01, 0x00, 0x01, 0x00, 0x01, 0x00, 0x01, 0x00, 0x01, 0x00, 0x01, 0x00, 0x01, 0x00, 0x01,
    0x00, 0x01, 0x00, 0x01, 0x00, 0x01, 0x00, 0x01, 0x00, 0x01, 0x00, 0x01, 0x00, 0x01, 0x00, 0x01, 0x00, 0x01, 0x00, 0x01, 0x00, 0x01, 0x00, 0x01, 0x00, 0x01, 0x00, 0x01, 0x00, 0x01, 0x00, 0x01,
    0x00, 0x01, 0x00, 0x01, 0x00, 0x01, 0x00, 0x01, 0x00, 0x01, 0x00, 0x01, 0x00, 0x01, 0x00, 0x01, 0x00, 0x01, 0x00, 0x01, 0x00, 0x01, 0x00, 0x01, 0x00, 0x01, 0x00, 0x01, 0x00, 0x01, 0x00, 0x01,
    0x00, 0x01, 0x00, 0x01, 0x00, 0x01, 0x00, 0x01, 0x00, 0x01, 0x00, 0x01, 0x00, 0x01, 0x00, 0x01, 0x00, 0x01, 0x00, 0x01, 0x00, 0x01, 0x00, 0x01, 0x00, 0x01, 0x00, 0x01, 0x00, 0x01, 0x00, 0x01,
    0x00, 0x01, 0x00, 0x01, 0x00, 0x01, 0x00, 0x01, 0x00, 0x01, 0x00, 0x01, 0x00, 0x01, 0x00, 0x01, 0x00, 0x01, 0x00, 0x01, 0x00, 0x01, 0x00, 0x01, 0x00, 0x01, 0x00, 0x01, 0x00, 0x01, 0x00, 0x01,
    0x00, 0x01, 0x00, 0x01, 0x00, 0x01, 0x00, 0x01, 0x00, 0x01, 0x00, 0x01, 0x00, 0x01, 0x00, 0x01, 0x00, 0x01, 0x00, 0x01, 0x00, 0x01, 0x00, 0x01, 0x00, 0x01, 0x00, 0x01, 0x00, 0x01, 0x00, 0x01,
    0x00, 0x01, 0x00, 0x01, 0x00, 0x01, 0x00, 0x01, 0x00, 0x01, 0x00, 0x01, 0x00, 0x01, 0x00, 0x01, 0x00, 0x01, 0x00, 0x01, 0x00, 0x01, 0x00, 0x01, 0x00, 0x01, 0x00, 0x01, 0x00, 0x01, 0x00, 0x01,
    0x00, 0x01, 0x00, 0x01, 0x00, 0x01, 0x00, 0x01, 0x00, 0x01, 0x00, 0x01, 0x00, 0x01, 0x00, 0x01, 0x00, 0x01, 0x00, 0x01, 0x00, 0x01, 0x00, 0x01, 0x00, 0x01, 0x00, 0x01, 0x00, 0x01, 0x00, 0x01,
    0x00, 0x01, 0x00, 0x01, 0x00, 0x01, 0x00, 0x01, 0x00, 0x01, 0x00, 0x01, 0x00, 0x01, 0x00, 0x01, 0x00, 0x01, 0x00, 0x01, 0x00, 0x01, 0x00, 0x01, 0x00, 0x01, 0x00, 0x01, 0x00, 0x01, 0x00, 0x01,
    0x00, 0x01, 0x00, 0x01, 0x00, 0x01, 0x00, 0x01, 0x00, 0x01, 0x00, 0x01, 0x00, 0x01, 0x00, 0x01, 0x00, 0x01, 0x00, 0x01, 0x00, 0x01, 0x00, 0x01, 0x00, 0x01, 0x00, 0x01, 0x00, 0x01, 0x00, 0x01,
    0x00, 0x01, 0x00, 0x01, 0x00, 0x01, 0x00, 0x01, 0x00, 0x01, 0x00, 0x01, 0x00, 0x01, 0x00, 0x01, 0x00, 0x01, 0x00, 0x01, 0x00, 0x01, 0x00, 0x01, 0x00, 0x01, 0x00, 0x01, 0x00, 0x01, 0x00, 0x01,
    0x00, 0x01, 0x00, 0x01, 0x00, 0x01, 0x00, 0x01, 0x00, 0x01, 0x00, 0x01, 0x00, 0x01, 0x00, 0x01, 0x00, 0x01, 0x00, 0x01, 0x00, 0x01, 0x00, 0x01, 0x00, 0x01, 0x00, 0x01, 0x00, 0x01, 0x00, 0x01,
    0x00, 0x01, 0x00, 0x01, 0x00, 0x01, 0x00, 0x01, 0x00, 0x01, 0x00, 0x01, 0x00, 0x01, 0x00, 0x01, 0x00, 0x01, 0x00, 0x01, 0x00, 0x01, 0x00, 0x01, 0x00, 0x01, 0x00, 0x01, 0x00, 0x01, 0x00, 0x01,
    0x00, 0x01, 0x00, 0x01, 0x00, 0x01, 0x00, 0x01, 0x00, 0x01, 0x00, 0x01, 0x00, 0x01, 0x00, 0x01, 0x00, 0x01, 0x00, 0x01, 0x00, 0x01, 0x00, 0x01, 0x00, 0x01, 0x00, 0x01, 0x00, 0x01, 0x00, 0x01,
    0x00, 0x01, 0x00, 0x01, 0x00, 0x01, 0x00, 0x01, 0x00, 0x01, 0x00, 0x01, 0x00, 0x01, 0x00, 0x01, 0x00, 0x01, 0x00, 0x01, 0x00, 0x01, 0x00, 0x01, 0x00, 0x01, 0x00, 0x01, 0x00, 0x01, 0x00, 0x01,
    0x00, 0x01, 0x00, 0x01, 0x00, 0x01, 0x00, 0x01, 0x00, 0x01, 0x00, 0x01, 0x00, 0x01, 0x00, 0x01, 0x00, 0x01, 0x00, 0x01, 0x00, 0x01, 0x00, 0x01, 0x00, 0x01, 0x00, 0x01, 0x00, 0x01, 0x00, 0x01,
    0x00, 0x01, 0x00, 0x01, 0x00, 0x01, 0x00, 0x01, 0x00, 0x01, 0x00, 0x01, 0x00, 0x01, 0x00, 0x01, 0x00, 0x01, 0x00, 0x01, 0x00, 0x01, 0x00, 0x01, 0x00, 0x01, 0x00, 0x01, 0x00, 0x01, 0x00, 0x01,
    0x00, 0x01, 0x00, 0x01, 0x00, 0x01, 0x00, 0x01, 0x00, 0x01, 0x00, 0x01, 0x00, 0x01, 0x00, 0x01, 0x00, 0x01, 0x00, 0x01, 0x00, 0x01, 0x00, 0x01, 0x00, 0x01, 0x00, 0x01, 0x00, 0x01, 0x00, 0x01,
    0x00, 0x01, 0x00, 0x01, 0x00, 0x01, 0x00, 0x01, 0x00, 0x01, 0x00, 0x01, 0x00, 0x01, 0x00, 0x01, 0x00, 0x01, 0x00, 0x01, 0x00, 0x01, 0x00, 0x01, 0x00, 0x01, 0x00, 0x01, 0x00, 0x01, 0x00, 0x01,
    0x00, 0x01, 0x00, 0x01, 0x00, 0x01, 0x00, 0x01, 0x00, 0x01, 0x00, 0x01, 0x00, 0x01, 0x00, 0x01, 0x00, 0x01, 0x00, 0x01, 0x00, 0x01, 0x00, 0x01, 0x00, 0x01, 0x00, 0x01, 0x00, 0x01, 0x00, 0x01,
    0x00, 0x01, 0x00, 0x01, 0x00, 0x01, 0x00, 0x01, 0x00, 0x01, 0x00, 0x01, 0x00, 0x01, 0x00, 0x01, 0x00, 0x01, 0x00, 0x01, 0x00, 0x01, 0x00, 0x01, 0x00, 0x01, 0x00, 0x01, 0x00, 0x01, 0x00, 0x01,
    0x00, 0x01, 0x00, 0x01, 0x00, 0x01, 0x00, 0x01, 0x00, 0x01, 0x00, 0x01, 0x00, 0x01, 0x00, 0x01, 0x00, 0x01, 0x00, 0x01, 0x00, 0x01, 0x00, 0x01, 0x00, 0x01, 0x00, 0x01, 0x00, 0x01, 0x00, 0x01,
    0x00, 0x01, 0x00, 0x01, 0x00, 0x01, 0x00, 0x01, 0x00, 0x01, 0x00, 0x01, 0x00, 0x01, 0x00, 0x01, 0x00, 0x01, 0x00, 0x01, 0x00, 0x01, 0x00, 0x01, 0x00, 0x01, 0x00, 0x01, 0x00, 0x01, 0x00, 0x01,
    0x00, 0x01, 0x00, 0x01, 0x00, 0x01, 0x00, 0x01, 0x00, 0x01, 0x00, 0x01, 0x00, 0x01, 0x00, 0x01, 0x00, 0x01, 0x00, 0x01, 0x00, 0x01, 0x00, 0x01, 0x00, 0x01, 0x00, 0x01, 0x00, 0x01, 0x00, 0x01,
    0x00, 0x01, 0x00, 0x01, 0x00, 0x01, 0x00, 0x01, 0x00, 0x01, 0x00, 0x01, 0x00, 0x01, 0x00, 0x01, 0x00, 0x01, 0x00, 0x01, 0x00, 0x01, 0x00, 0x01, 0x00, 0x01, 0x00, 0x01, 0x00, 0x01, 0x00, 0x01,
    0x00, 0x01, 0x00, 0x01, 0x00, 0x01, 0x00, 0x01, 0x00, 0x01, 0x00, 0x01, 0x00, 0x01, 0x00, 0x01, 0x00, 0x01, 0x00, 0x01, 0x00, 0x01, 0x00, 0x01, 0x00, 0x01, 0x00, 0x01, 0x00, 0x01, 0x00, 0x01,
    0x00, 0x01, 0x00, 0x01, 0x00, 0x01, 0x00, 0x01, 0x00, 0x01, 0x00, 0x01, 0x00, 0x01, 0x00, 0x01, 0x00, 0x01, 0x00, 0x01, 0x00, 0x01, 0x00, 0x01, 0x00, 0x01, 0x00, 0x01, 0x00, 0x01, 0x00, 0x01,
    0x00, 0x01, 0x00, 0x01, 0x00, 0x01, 0x00, 0x01, 0x00, 0x01, 0x00, 0x01, 0x00, 0x01, 0x00, 0x01, 0x00, 0x01, 0x00, 0x01, 0x00, 0x01, 0x00, 0x01, 0x00, 0x01, 0x00, 0x01, 0x00, 0x01, 0x00, 0x01,
    0x00, 0x01, 0x00, 0x01, 0x00, 0x01, 0x00, 0x01, 0x00, 0x01, 0x00, 0x01, 0x00, 0x01, 0x00, 0x01, 0x00, 0x01, 0x00, 0x01, 0x00, 0x01, 0x00, 0x01, 0x00, 0x01, 0x00, 0x01, 0x00, 0x01, 0x00, 0x01,
    0x00, 0x01, 0x00, 0x01, 0x00, 0x01, 0x00, 0x01, 0x00, 0x01, 0x00, 0x01, 0x00, 0x01, 0x00, 0x01, 0x00, 0x01, 0x00, 0x01, 0x00, 0x01, 0x00, 0x01, 0x00, 0x01, 0x00, 0x01, 0x00, 0x01, 0x00, 0x01,
    0x00, 0x01, 0x00, 0x01, 0x00, 0x01, 0x00, 0x01, 0x00, 0x01, 0x00, 0x01, 0x00, 0x01, 0x00, 0x01, 0x00, 0x01, 0x00, 0x01, 0x00, 0x01, 0x00, 0x01, 0x00, 0x01, 0x00, 0x01, 0x00, 0x01, 0x00, 0x01,
    0x00, 0x01, 0x00, 0x01, 0x00, 0x01, 0x00, 0x01, 0x00, 0x01, 0x00, 0x01, 0x00, 0x01, 0x00, 0x01, 0x00, 0x01, 0x00, 0x01, 0x00, 0x01, 0x00, 0x01, 0x00, 0x01, 0x00, 0x01, 0x00, 0x01, 0x00, 0x01,
    0x00, 0x01, 0x00, 0x01, 0x00, 0x01, 0x00, 0x01, 0x00, 0x01, 0x00, 0x01, 0x00, 0x01, 0x00, 0x01, 0x00, 0x01, 0x00, 0x01, 0x00, 0x01, 0x00, 0x01, 0x00, 0x01, 0x00, 0x01, 0x00, 0x01, 0x00, 0x01,
    0x00, 0x01, 0x00, 0x01, 0x00, 0x01, 0x00, 0x01, 0x00, 0x01, 0x00, 0x01, 0x00, 0x01, 0x00, 0x01, 0x00, 0x01, 0x00, 0x01, 0x00, 0x01, 0x00, 0x01, 0x00, 0x01, 0x00, 0x01, 0x00, 0x01, 0x00, 0x01,
    0x00, 0x01, 0x00, 0x01, 0x00, 0x01, 0x00, 0x01, 0x00, 0x01, 0x00, 0x01, 0x00, 0x01, 0x00, 0x01, 0x00, 0x01, 0x00, 0x01, 0x00, 0x01, 0x00, 0x01, 0x00, 0x01, 0x00, 0x01, 0x00, 0x01, 0x00, 0x01,
    0x00, 0x01, 0x00, 0x01, 0x00, 0x01, 0x00, 0x01, 0x00, 0x01, 0x00, 0x01, 0x00, 0x01, 0x00, 0x01, 0x00, 0x01, 0x00, 0x01, 0x00, 0x01, 0x00, 0x01, 0x00, 0x01, 0x00, 0x01, 0x00, 0x01, 0x00, 0x01,
    0x00, 0x01, 0x00, 0x01, 0x00, 0x01, 0x00, 0x01, 0x00, 0x01, 0x00, 0x01, 0x00, 0x01, 0x00, 0x01, 0x00, 0x01, 0x00, 0x01, 0x00, 0x01, 0x00, 0x01, 0x00, 0x01, 0x00, 0x01, 0x00, 0x01, 0x00, 0x01,
    0x00, 0x01, 0x00, 0x01, 0x00, 0x01, 0x00, 0x01, 0x00, 0x01, 0x00, 0x01, 0x00, 0x01, 0x00, 0x01, 0x00, 0x01, 0x00, 0x01, 0x00, 0x01, 0x00, 0x01, 0x00, 0x01, 0x00, 0x01, 0x00, 0x01, 0x00, 0x01,
    0x00, 0x01, 0x00, 0x01, 0x00, 0x01, 0x00, 0x01, 0x00, 0x01, 0x00, 0x01, 0x00, 0x01, 0x00, 0x01, 0x00, 0x01, 0x00, 0x01, 0x00, 0x01, 0x00, 0x01, 0x00, 0x01, 0x00, 0x01, 0x00, 0x01, 0x00, 0x01,
    0x00, 0x01, 0x00, 0x01, 0x00, 0x01, 0x00, 0x01, 0x00, 0x01, 0x00, 0x01, 0x00, 0x01, 0x00, 0x01, 0x00, 0x01, 0x00, 0x01, 0x00, 0x01, 0x00, 0x01, 0x00, 0x01, 0x00, 0x01, 0x00, 0x01, 0x00, 0x01,
    0x00, 0x01, 0x00, 0x01, 0x00, 0x01, 0x00, 0x01, 0x00, 0x01, 0x00, 0x01, 0x00, 0x01, 0x00, 0x01, 0x00, 0x01, 0x00, 0x01, 0x00, 0x01, 0x00, 0x01, 0x00, 0x01, 0x00, 0x01, 0x00, 0x01, 0x00, 0x01,
    0x00, 0x01, 0x00, 0x01, 0x00, 0x01, 0x00, 0x01, 0x00, 0x01, 0x00, 0x01, 0x00, 0x01, 0x00, 0x01, 0x00, 0x01, 0x00, 0x01, 0x00, 0x01, 0x00, 0x01, 0x00, 0x01, 0x00, 0x01, 0x00, 0x01, 0x00, 0x01,
    0x00, 0x01, 0x00, 0x01, 0x00, 0x01, 0x00, 0x01, 0x00, 0x01, 0x00, 0x01, 0x00, 0x01, 0x00, 0x01, 0x00, 0x01, 0x00, 0x01, 0x00, 0x01, 0x00, 0x01, 0x00, 0x01, 0x00, 0x01, 0x00, 0x01, 0x00, 0x01,
    0x00, 0x01, 0x00, 0x01, 0x00, 0x01, 0x00, 0x01, 0x00, 0x01, 0x00, 0x01, 0x00, 0x01, 0x00, 0x01, 0x00, 0x01, 0x00, 0x01, 0x00, 0x01, 0x00, 0x01, 0x00, 0x01, 0x00, 0x01, 0x00, 0x01, 0x00, 0x01,
    0x00, 0x01, 0x00, 0x01, 0x00, 0x01, 0x00, 0x01, 0x00, 0x01, 0x00, 0x01, 0x00, 0x01, 0x00, 0x01, 0x00, 0x01, 0x00, 0x01, 0x00, 0x01, 0x00, 0x01, 0x00, 0x01, 0x00, 0x01, 0x00, 0x01, 0x00, 0x01,
    0x00, 0x01, 0x00, 0x01, 0x00, 0x01, 0x00, 0x01, 0x00, 0x01, 0x00, 0x01, 0x00, 0x01, 0x00, 0x01, 0x00, 0x01, 0x00, 0x01, 0x00, 0x01, 0x00, 0x01, 0x00, 0x01, 0x00, 0x01, 0x00, 0x01, 0x00, 0x01,
    0x00, 0x01, 0x00, 0x01, 0x00, 0x01, 0x00, 0x01, 0x00, 0x01, 0x00, 0x01, 0x00, 0x01, 0x00, 0x01, 0x00, 0x01, 0x00, 0x01, 0x00, 0x01, 0x00, 0x01, 0x00, 0x01, 0x00, 0x01, 0x00, 0x01, 0x00, 0x01,
    0x00, 0x01, 0x00, 0x01, 0x00, 0x01, 0x00, 0x01, 0x00, 0x01, 0x00, 0x01, 0x00, 0x01, 0x00, 0x01, 0x00, 0x01, 0x00, 0x01, 0x00, 0x01, 0x00, 0x01, 0x00, 0x01, 0x00, 0x01, 0x00, 0x01, 0x00, 0x01,
    0x00, 0x01, 0x00, 0x01, 0x00, 0x01, 0x00, 0x01, 0x00, 0x01, 0x00, 0x01, 0x00, 0x01, 0x00, 0x01, 0x00, 0x01, 0x00, 0x01, 0x00, 0x01, 0x00, 0x01, 0x00, 0x01, 0x00, 0x01, 0x00, 0x01, 0x00, 0x01,
    0x00, 0x01, 0x00, 0x01, 0x00, 0x01, 0x00, 0x01, 0x00, 0x01, 0x00, 0x01, 0x00, 0x01, 0x00, 0x01, 0x00, 0x01, 0x00, 0x01, 0x00, 0x01, 0x00, 0x01, 0x00, 0x01, 0x00, 0x01, 0x00, 0x01, 0x00, 0x01,
    0x00, 0x01, 0x00, 0x01, 0x00, 0x01, 0x00, 0x01, 0x00, 0x01, 0x00, 0x01, 0x00, 0x01, 0x00, 0x01, 0x00, 0x01, 0x00, 0x01, 0x00, 0x01, 0x00, 0x01, 0x00, 0x01, 0x00, 0x01, 0x00, 0x01, 0x00, 0x01,
    0x00, 0x01, 0x00, 0x01, 0x00, 0x01, 0x00, 0x01, 0x00, 0x01, 0x00, 0x01, 0x00, 0x01, 0x00, 0x01, 0x00, 0x01, 0x00, 0x01, 0x00, 0x01, 0x00, 0x01, 0x00, 0x01, 0x00, 0x01, 0x00, 0x01, 0x00, 0x01,
    0x00, 0x01, 0x00, 0x01, 0x00, 0x01, 0x00, 0x01, 0x00, 0x01, 0x00, 0x01, 0x00, 0x01, 0x00, 0x01, 0x00, 0x01, 0x00, 0x01, 0x00, 0x01, 0x00, 0x01, 0x00, 0x01, 0x00, 0x01, 0x00, 0x01, 0x00, 0x01,
    0x00, 0x01, 0x00, 0x01, 0x00, 0x01, 0x00, 0x01, 0x00, 0x01, 0x00, 0x01, 0x00, 0x01, 0x00, 0x01, 0x00, 0x01, 0x00, 0x01, 0x00, 0x01, 0x00, 0x01, 0x00, 0x01, 0x00, 0x01, 0x00, 0x01, 0x00, 0x01,
    0x00, 0x01, 0x00, 0x01, 0x00, 0x01, 0x00, 0x01, 0x00, 0x01, 0x00, 0x01, 0x00, 0x01, 0x00, 0x01, 0x00, 0x01, 0x00, 0x01, 0x00, 0x01, 0x00, 0x01, 0x00, 0x01, 0x00, 0x01, 0x00, 0x01, 0x00, 0x01,
    0x00, 0x01, 0x00, 0x01, 0x00, 0x01, 0x00, 0x01, 0x00, 0x01, 0x00, 0x01, 0x00, 0x01, 0x00, 0x01, 0x00, 0x01, 0x00, 0x01, 0x00, 0x01, 0x00, 0x01, 0x00, 0x01, 0x00, 0x01, 0x00, 0x01, 0x00, 0x01,
    0x00, 0x01, 0x00, 0x01, 0x00, 0x01, 0x00, 0x01, 0x00, 0x01, 0x00, 0x01, 0x00, 0x01, 0x00, 0x01, 0x00, 0x01, 0x00, 0x01, 0x00, 0x01, 0x00, 0x01, 0x00, 0x01, 0x00, 0x01, 0x00, 0x01, 0x00, 0x01,
    0x00, 0x01, 0x00, 0x01, 0x00, 0x01, 0x00, 0x01, 0x00, 0x01, 0x00, 0x01, 0x00, 0x01, 0x00, 0x01, 0x00, 0x01, 0x00, 0x01, 0x00, 0x01, 0x00, 0x01, 0x00, 0x01, 0x00, 0x01, 0x00, 0x01, 0x00, 0x01,
    0x00, 0x01, 0x00, 0x01, 0x00, 0x01, 0x00, 0x01, 0x00, 0x01, 0x00, 0x01, 0x00, 0x01, 0x00, 0x01, 0x00, 0x01, 0x00, 0x01, 0x00, 0x01, 0x00, 0x01, 0x00, 0x01, 0x00, 0x01, 0x00, 0x01, 0x00, 0x01,
    0x00, 0x01, 0x00, 0x01, 0x00, 0x01, 0x00, 0x01, 0x00, 0x01, 0x00, 0x01, 0x00, 0x01, 0x00, 0x01, 0x00, 0x01, 0x00, 0x01, 0x00, 0x01, 0x00, 0x01, 0x00, 0x01, 0x00, 0x01, 0x00, 0x01, 0x00, 0x01,
    0x00, 0x01, 0x00, 0x01, 0x00, 0x01, 0x00, 0x01, 0x00, 0x01, 0x00, 0x01, 0x00, 0x01, 0x00, 0x01, 0x00, 0x01, 0x00, 0x01, 0x00, 0x01, 0x00, 0x01, 0x00, 0x01, 0x00, 0x01, 0x00, 0x01, 0x00, 0x01,
};
alignas(8) inline constexpr uint8_t kTex3[2048] = {   // screen_0 32x32
    0x96, 0x39, 0x96, 0x39, 0x96, 0x39, 0x96, 0x39, 0x96, 0x39, 0x96, 0x39, 0x96, 0x39, 0x96, 0x39, 0x96, 0x39, 0x96, 0x39, 0x96, 0x39, 0x96, 0x39, 0x96, 0x39, 0x96, 0x39, 0x96, 0x39, 0x96, 0x39,
    0x96, 0x39, 0x96, 0x39, 0x96, 0x39, 0x96, 0x39, 0x96, 0x39, 0x96, 0x39, 0x96, 0x39, 0x96, 0x39, 0x96, 0x39, 0x96, 0x39, 0x96, 0x39, 0x96, 0x39, 0x96, 0x39, 0x96, 0x39, 0x96, 0x39, 0x96, 0x39,
    0x9E, 0xBD, 0x9E, 0xBD, 0x9E, 0xBD, 0x9E, 0xBD, 0x9E, 0xBD, 0x9E, 0xBD, 0x9E, 0xBD, 0x9E, 0xBD, 0x9E, 0xBD, 0x9E, 0xBD, 0x9E, 0xBD, 0x9E, 0xBD, 0x9E, 0xBD, 0x9E, 0xBD, 0x9E, 0xBD, 0x9E, 0xBD,
    0x9E, 0xBD, 0x9E, 0xBD, 0x9E, 0xBD, 0x9E, 0xBD, 0x9E, 0xBD, 0x9E, 0xBD, 0x9E, 0xBD, 0x9E, 0xBD, 0x9E, 0xBD, 0x9E, 0xBD, 0x9E, 0xBD, 0x9E, 0xBD, 0x9E, 0xBD, 0x9E, 0xBD, 0x9E, 0xBD, 0x9E, 0xBD,
    0x9E, 0x39, 0x9E, 0x39, 0x9E, 0x39, 0x9E, 0x39, 0x9E, 0x39, 0x9E, 0x39, 0x31, 0xE1, 0x9E, 0x39, 0x9E, 0x39, 0x9E, 0x39, 0x9E, 0x39, 0x9E, 0x39, 0x9E, 0x39, 0x9E, 0x39, 0x9E, 0x39, 0x9E, 0x39,
    0x9E, 0x39, 0x9E, 0x39, 0x9E, 0x39, 0x9E, 0x39, 0x9E, 0x39, 0x9E, 0x39, 0x9E, 0x39, 0x9E, 0x39, 0x9E, 0x39, 0x31, 0xE1, 0x9E, 0x39, 0x9E, 0x39, 0x9E, 0x39, 0x9E, 0x39, 0x9E, 0x39, 0x9E, 0x39,
    0xA6, 0xBD, 0xA6, 0xBD, 0xA6, 0xBD, 0xA6, 0xBD, 0xA6, 0xBD, 0xA6, 0xBD, 0x32, 0x23, 0x32, 0x23, 0xA6, 0xBD, 0xA6, 0xBD, 0xA6, 0xBD, 0xA6, 0xBD, 0xA6, 0xBD, 0xA6, 0xBD, 0xA6, 0xBD, 0xA6, 0xBD,
    0xA6, 0xBD, 0xA6, 0xBD, 0xA6, 0xBD, 0xA6, 0xBD, 0xA6, 0xBD, 0xA6, 0xBD, 0xA6, 0xBD, 0xA6, 0xBD, 0x32, 0x23, 0x32, 0x23, 0xFF, 0x5D, 0xFF, 0x5D, 0xA6, 0xBD, 0xA6, 0xBD, 0xA6, 0xBD, 0xA6, 0xBD,
    0x9E, 0x39, 0x9E, 0x39, 0x9E, 0x39, 0x9E, 0x39, 0x9E, 0x39, 0x9E, 0x39, 0x9E, 0x39, 0x31, 0xE1, 0x31, 0xE1, 0x9E, 0x39, 0x9E, 0x39, 0x9E, 0x39, 0x9E, 0x39, 0x9E, 0x39, 0x9E, 0x39, 0x9E, 0x39,
    0x9E, 0x39, 0x9E, 0x39, 0x9E, 0x39, 0x9E, 0x39, 0x9E, 0x39, 0x9E, 0x39, 0x9E, 0x39, 0x31, 0xE1, 0x31, 0xE1, 0xEE, 0xDB, 0xEE, 0xDB, 0xEE, 0xDB, 0xEE, 0xDB, 0x9E, 0x39, 0x9E, 0x39, 0x9E, 0x39,
    0xA6, 0xFD, 0xA6, 0xFD, 0xA6, 0xFD, 0xA6, 0xFD, 0xA6, 0xFD, 0xA6, 0xFD, 0xA6, 0xFD, 0x32, 0x23, 0xEE, 0x1B, 0x32, 0x23, 0x32, 0x23, 0xA6, 0xFD, 0xA6, 0xFD, 0xA6, 0xFD, 0xA6, 0xFD, 0xA6, 0xFD,
    0xA6, 0xFD, 0xA6, 0xFD, 0xA6, 0xFD, 0xA6, 0xFD, 0xA6, 0xFD, 0x32, 0x23, 0x32, 0x23, 0xEE, 0x1B, 0x32, 0x23, 0xFF, 0x5D, 0xFF, 0x5D, 0xFF, 0x5D, 0xFF, 0x5D, 0xA6, 0xFD, 0xA6, 0xFD, 0xA6, 0xFD,
    0xA6, 0x79, 0xA6, 0x79, 0xA6, 0x79, 0xA6, 0x79, 0xA6, 0x79, 0xA6, 0x79, 0xA6, 0x79, 0x31, 0xE1, 0xDD, 0x99, 0xDD, 0x99, 0x31, 0xE1, 0x31, 0xE1, 0xA6, 0x79, 0xA6, 0x79, 0xA6, 0x79, 0xA6, 0x79,
    0xA6, 0x79, 0xA6, 0x79, 0xA6, 0x79, 0xA6, 0x79, 0x31, 0xE1, 0x31, 0xE1, 0xDD, 0x99, 0xDD, 0x99, 0x31, 0xE1, 0xEE, 0xDB, 0xEE, 0xDB, 0xEE, 0xDB, 0xEE, 0xDB, 0xA6, 0x79, 0xA6, 0x79, 0xA6, 0x79,
    0xAE, 0xFD, 0xAE, 0xFD, 0xAE, 0xFD, 0xAE, 0xFD, 0xAE, 0xFD, 0xAE, 0xFD, 0xAE, 0xFD, 0xAE, 0xFD, 0xEE, 0x1B, 0xEE, 0x1B, 0xEE, 0x1B, 0x32, 0x23, 0x32, 0x23, 0x5C, 0xF7, 0x5C, 0xF7, 0x5C, 0xF7,
    0x5C, 0xF7, 0x5C, 0xF7, 0x32, 0x23, 0x32, 0x23, 0x32, 0x23, 0xEE, 0x1B, 0xEE, 0x1B, 0xEE, 0x1B, 0xFF, 0x5D, 0xFF, 0x5D, 0xFF, 0x5D, 0xFF, 0x5D, 0xFF, 0x5D, 0xAE, 0xFD, 0xAE, 0xFD, 0xAE, 0xFD,
    0xA6, 0x79, 0xA6, 0x79, 0xA6, 0x79, 0xA6, 0x79, 0xA6, 0x79, 0xA6, 0x79, 0xA6, 0x79, 0xA6, 0x79, 0x31, 0xE1, 0xDD, 0x99, 0x31, 0xE1, 0x54, 0xB3, 0x54, 0xB3, 0x54, 0xB3, 0x54, 0xB3, 0x54, 0xB3,
    0x54, 0xB3, 0x54, 0xB3, 0x54, 0xB3, 0x54, 0xB3, 0x31, 0xE1, 0x31, 0xE1, 0xDD, 0x99, 0x31, 0xE1, 0xEE, 0xDB, 0xEE, 0xDB, 0xEE, 0xDB, 0xEE, 0xDB, 0xA6, 0x79, 0xA6, 0x79, 0xA6, 0x79, 0xA6, 0x79,
    0xAE, 0xFD, 0xAE, 0xFD, 0xAE, 0xFD, 0xAE, 0xFD, 0xAE, 0xFD, 0xAE, 0xFD, 0xAE, 0xFD, 0xAE, 0xFD, 0x32, 0x23, 0x5C, 0xF7, 0xF7, 0xBD, 0xF7, 0xBD, 0xF7, 0xBD, 0xF7, 0xBD, 0x5C, 0xF7, 0x5C, 0xF7,
    0x5C, 0xF7, 0x5C, 0xF7, 0xF7, 0xBD, 0xF7, 0xBD, 0xF7, 0xBD, 0xF7, 0xBD, 0x32, 0x23, 0x32, 0x23, 0xAE, 0xFD, 0xAE, 0xFD, 0xAE, 0xFD, 0xAE, 0xFD, 0xAE, 0xFD, 0xAE, 0xFD, 0xAE, 0xFD, 0xAE, 0xFD,
    0xA6, 0x79, 0xA6, 0x79, 0xA6, 0x79, 0xA6, 0x79, 0xA6, 0x79, 0xA6, 0x79, 0xA6, 0x79, 0xA6, 0x79, 0xA6, 0x79, 0x54, 0xB3, 0xE7, 0x39, 0xE7, 0x39, 0x10, 0x87, 0xE7, 0x39, 0xE7, 0x39, 0x54, 0xB3,
    0x54, 0xB3, 0xE7, 0x39, 0xE7, 0x39, 0x10, 0x87, 0xE7, 0x39, 0xE7, 0x39, 0x54, 0xB3, 0xA6, 0x79, 0xA6, 0x79, 0xA6, 0x79, 0xA6, 0x79, 0xA6, 0x79, 0xA6, 0x79, 0xA6, 0x79, 0xA6, 0x79, 0xA6, 0x79,
    0xB6, 0xFD, 0xB6, 0xFD, 0xB6, 0xFD, 0xB6, 0xFD, 0x5C, 0xF7, 0x5C, 0xF7, 0x5C, 0xF7, 0xB6, 0xFD, 0x5C, 0xF7, 0x5C, 0xF7, 0xF7, 0xBD, 0x10, 0x87, 0x10, 0x87, 0x10, 0x87, 0xF7, 0xBD, 0x5C, 0xF7,
    0x5C, 0xF7, 0xF7, 0xBD, 0x10, 0x87, 0x10, 0x87, 0x10, 0x87, 0xF7, 0xBD, 0x5C, 0xF7, 0x5C, 0xF7, 0xB6, 0xFD, 0x5C, 0xF7, 0x5C, 0xF7, 0x5C, 0xF7, 0xB6, 0xFD, 0xB6, 0xFD, 0xB6, 0xFD, 0xB6, 0xFD,
    0xA6, 0x79, 0xA6, 0x79, 0xA6, 0x79, 0x54, 0xB3, 0x54, 0xB3, 0x54, 0xB3, 0x54, 0xB3, 0x54, 0xB3, 0x54, 0xB3, 0x54, 0xB3, 0xE7, 0x39, 0x10, 0x87, 0x10, 0x87, 0x10, 0x87, 0xE7, 0x39, 0x54, 0xB3,
    0x54, 0xB3, 0xE7, 0x39, 0x10, 0x87, 0x10, 0x87, 0x10, 0x87, 0xE7, 0x39, 0x54, 0xB3, 0x54, 0xB3, 0x54, 0xB3, 0x54, 0xB3, 0x54, 0xB3, 0x54, 0xB3, 0x54, 0xB3, 0xA6, 0x79, 0xA6, 0x79, 0xA6, 0x79,
    0xB6, 0xFD, 0xB6, 0xFD, 0xB6, 0xFD, 0x5C, 0xF7, 0x5C, 0xF7, 0x5C, 0xF7, 0x5C, 0xF7, 0x5C, 0xF7, 0x5C, 0xF7, 0x5C, 0xF7, 0xF7, 0xBD, 0xF7, 0xBD, 0x10, 0x87, 0xF7, 0xBD, 0xEE, 0x1B, 0xEE, 0x1B,
    0xEE, 0x1B, 0xEE, 0x1B, 0xF7, 0xBD, 0x10, 0x87, 0xF7, 0xBD, 0xF7, 0xBD, 0x5C, 0xF7, 0x5C, 0xF7, 0x5C, 0xF7, 0x5C, 0xF7, 0x5C, 0xF7, 0x5C, 0xF7, 0x5C, 0xF7, 0xB6, 0xFD, 0xB6, 0xFD, 0xB6, 0xFD,
    0xA6, 0xB9, 0xA6, 0xB9, 0xA6, 0xB9, 0xA6, 0xB9, 0x54, 0xB3, 0x54, 0xB3, 0x54, 0xB3, 0xA6, 0xB9, 0x54, 0xB3, 0x54, 0xB3, 0x54, 0xB3, 0x54, 0xB3, 0xDD, 0x99, 0xDD, 0x99, 0x10, 0x87, 0x10, 0x87,
    0x10, 0x87, 0x10, 0x87, 0xDD, 0x99, 0xDD, 0x99, 0x54, 0xB3, 0x54, 0xB3, 0x54, 0xB3, 0x54, 0xB3, 0xA6, 0xB9, 0x54, 0xB3, 0x54, 0xB3, 0x54, 0xB3, 0xA6, 0xB9, 0xA6, 0xB9, 0xA6, 0xB9, 0xA6, 0xB9,
    0xBF, 0x3F, 0xBF, 0x3F, 0xBF, 0x3F, 0xBF, 0x3F, 0xBF, 0x3F, 0x5C, 0xF7, 0x5C, 0xF7, 0xBF, 0x3F, 0x5C, 0xF7, 0x5C, 0xF7, 0x5C, 0xF7, 0xEE, 0x1B, 0xEE, 0x1B, 0xEE, 0x1B, 0x10, 0x87, 0x10, 0x87,
    0x10, 0x87, 0x10, 0x87, 0xEE, 0x1B, 0xEE, 0x1B, 0xEE, 0x1B, 0x5C, 0xF7, 0x5C, 0xF7, 0x5C, 0xF7, 0xBF, 0x3F, 0x5C, 0xF7, 0x5C, 0xF7, 0xBF, 0x3F, 0xBF, 0x3F, 0xBF, 0x3F, 0xBF, 0x3F, 0xBF, 0x3F,
    0xAE, 0xBB, 0xAE, 0xBB, 0xAE, 0xBB, 0xAE, 0xBB, 0xAE, 0xBB, 0xAE, 0xBB, 0x54, 0xB3, 0x54, 0xB3, 0x54, 0xB3, 0x54, 0xB3, 0x54, 0xB3, 0xDD, 0x99, 0xDD, 0x99, 0xDD, 0x99, 0xDD, 0x99, 0xDD, 0x99,
    0xDD, 0x99, 0xDD, 0x99, 0xDD, 0x99, 0xDD, 0x99, 0xDD, 0x99, 0x54, 0xB3, 0x54, 0xB3, 0x54, 0xB3, 0x54, 0xB3, 0x54, 0xB3, 0xAE, 0xBB, 0xAE, 0xBB, 0xAE, 0xBB, 0xAE, 0xBB, 0xAE, 0xBB, 0xAE, 0xBB,
    0xBF, 0x3F, 0xBF, 0x3F, 0xBF, 0x3F, 0xBF, 0x3F, 0xBF, 0x3F, 0xBF, 0x3F, 0x5C, 0xF7, 0x5C, 0xF7, 0x5C, 0xF7, 0x5C, 0xF7, 0x5C, 0xF7, 0xEE, 0x1B, 0xEE, 0x1B, 0xEE, 0x1B, 0xEE, 0x1B, 0xEE, 0x1B,
    0xEE, 0x1B, 0xEE, 0x1B, 0xEE, 0x1B, 0xEE, 0x1B, 0xEE, 0x1B, 0x5C, 0xF7, 0x5C, 0xF7, 0x5C, 0xF7, 0x5C, 0xF7, 0x5C, 0xF7, 0xBF, 0x3F, 0xBF, 0x3F, 0xBF, 0x3F, 0xBF, 0x3F, 0xBF, 0x3F, 0xBF, 0x3F,
    0xAE, 0xBB, 0xAE, 0xBB, 0xAE, 0xBB, 0xAE, 0xBB, 0xAE, 0xBB, 0xAE, 0xBB, 0xAE, 0xBB, 0x54, 0xB3, 0x54, 0xB3, 0x54, 0xB3, 0x54, 0xB3, 0xDD, 0x99, 0xDD, 0x99, 0x10, 0x87, 0x10, 0x87, 0x10, 0x87,
    0x10, 0x87, 0x10, 0x87, 0x10, 0x87, 0xDD, 0x99, 0xDD, 0x99, 0x54, 0xB3, 0x54, 0xB3, 0x54, 0xB3, 0x54, 0xB3, 0xAE, 0xBB, 0xAE, 0xBB, 0xAE, 0xBB, 0xAE, 0xBB, 0xAE, 0xBB, 0xAE, 0xBB, 0xAE, 0xBB,
    0xC7, 0x3F, 0xC7, 0x3F, 0xC7, 0x3F, 0xC7, 0x3F, 0xC7, 0x3F, 0xC7, 0x3F, 0xC7, 0x3F, 0xC7, 0x3F, 0x5C, 0xF7, 0x5C, 0xF7, 0xC7, 0x3F, 0x5C, 0xF7, 0xEE, 0x1B, 0x10, 0x87, 0xEC, 0x23, 0xEC, 0x23,
    0xEC, 0x23, 0xEC, 0x23, 0x10, 0x87, 0xEE, 0x1B, 0x5C, 0xF7, 0xC7, 0x3F, 0x5C, 0xF7, 0x5C, 0xF7, 0xC7, 0x3F, 0xC7, 0x3F, 0xC7, 0x3F, 0xC7, 0x3F, 0xC7, 0x3F, 0xC7, 0x3F, 0xC7, 0x3F, 0xC7, 0x3F,
    0xB6, 0xBB, 0xB6, 0xBB, 0xB6, 0xBB, 0xB6, 0xBB, 0xB6, 0xBB, 0xB6, 0xBB, 0xB6, 0xBB, 0xB6, 0xBB, 0x54, 0xB3, 0x54, 0xB3, 0x54, 0xB3, 0x54, 0xB3, 0x54, 0xB3, 0xDD, 0x99, 0xDD, 0x99, 0xDB, 0xE1,
    0xDB, 0xE1, 0xDD, 0x99, 0xDD, 0x99, 0x54, 0xB3, 0x54, 0xB3, 0x54, 0xB3, 0x54, 0xB3, 0x54, 0xB3, 0xB6, 0xBB, 0xB6, 0xBB, 0xB6, 0xBB, 0xB6, 0xBB, 0xB6, 0xBB, 0xB6, 0xBB, 0xB6, 0xBB, 0xB6, 0xBB,
    0xC7, 0x3F, 0xC7, 0x3F, 0xC7, 0x3F, 0xC7, 0x3F, 0xC7, 0x3F, 0xC7, 0x3F, 0xC7, 0x3F, 0xC7, 0x3F, 0xC7, 0x3F, 0x5C, 0xF7, 0x5C, 0xF7, 0x5C, 0xF7, 0x5C, 0xF7, 0x5C, 0xF7, 0xB6, 0xBD, 0xB6, 0xBD,
    0xB6, 0xBD, 0xB6, 0xBD, 0x5C, 0xF7, 0x5C, 0xF7, 0x5C, 0xF7, 0x5C, 0xF7, 0x5C, 0xF7, 0xC7, 0x3F, 0xC7, 0x3F, 0xC7, 0x3F, 0xC7, 0x3F, 0xC7, 0x3F, 0xC7, 0x3F, 0xC7, 0x3F, 0xC7, 0x3F, 0xC7, 0x3F,
    0xB6, 0xBB, 0xB6, 0xBB, 0xB6, 0xBB, 0xB6, 0xBB, 0xB6, 0xBB, 0xB6, 0xBB, 0xB6, 0xBB, 0xB6, 0xBB, 0xB6, 0xBB, 0xB6, 0xBB, 0x54, 0xB3, 0x54, 0xB3, 0x54, 0xB3, 0xA6, 0x39, 0xA6, 0x39, 0xA6, 0x39,
    0xA6, 0x39, 0xA6, 0x39, 0xA6, 0x39, 0x54, 0xB3, 0x54, 0xB3, 0x54, 0xB3, 0xB6, 0xBB, 0xB6, 0xBB, 0xB6, 0xBB, 0xB6, 0xBB, 0xB6, 0xBB, 0xB6, 0xBB, 0xB6, 0xBB, 0xB6, 0xBB, 0xB6, 0xBB, 0xB6, 0xBB,
    0xCF, 0x3F, 0xCF, 0x3F, 0xCF, 0x3F, 0xCF, 0x3F, 0xCF, 0x3F, 0xCF, 0x3F, 0xCF, 0x3F, 0xCF, 0x3F, 0xCF, 0x3F, 0xCF, 0x3F, 0x5C, 0xF7, 0x5C, 0xF7, 0x5C, 0xF7, 0xB6, 0xBD, 0xB6, 0xBD, 0xB6, 0xBD,
    0xB6, 0xBD, 0xB6, 0xBD, 0xB6, 0xBD, 0x5C, 0xF7, 0x5C, 0xF7, 0x5C, 0xF7, 0xCF, 0x3F, 0xCF, 0x3F, 0xCF, 0x3F, 0xCF, 0x3F, 0xCF, 0x3F, 0xCF, 0x3F, 0xCF, 0x3F, 0xCF, 0x3F, 0xCF, 0x3F, 0xCF, 0x3F,
    0x6D, 0x11, 0x6D, 0x11, 0x6D, 0x11, 0x6D, 0x11, 0x6D, 0x11, 0x6D, 0x11, 0x6D, 0x11, 0x6D, 0x11, 0x6D, 0x11, 0x6D, 0x11, 0x54, 0xB3, 0x54, 0xB3, 0xA6, 0x39, 0xA6, 0x39, 0xA6, 0x39, 0xA6, 0x39,
    0xA6, 0x39, 0xA6, 0x39, 0xA6, 0x39, 0xA6, 0x39, 0x54, 0xB3, 0x54, 0xB3, 0x6D, 0x11, 0x6D, 0x11, 0x6D, 0x11, 0x6D, 0x11, 0x6D, 0x11, 0x6D, 0x11, 0x6D, 0x11, 0x6D, 0x11, 0x6D, 0x11, 0x6D, 0x11,
    0x75, 0x93, 0x75, 0x93, 0x75, 0x93, 0x75, 0x93, 0x75, 0x93, 0x75, 0x93, 0x75, 0x93, 0x75, 0x93, 0x75, 0x93, 0x75, 0x93, 0x5C, 0xF7, 0x5C, 0xF7, 0xB6, 0xBD, 0xB6, 0xBD, 0xB6, 0xBD, 0xB6, 0xBD,
    0xB6, 0xBD, 0xB6, 0xBD, 0xB6, 0xBD, 0xB6, 0xBD, 0x5C, 0xF7, 0x5C, 0xF7, 0x75, 0x93, 0x75, 0x93, 0x75, 0x93, 0x75, 0x93, 0x75, 0x93, 0x75, 0x93, 0x75, 0x93, 0x75, 0x93, 0x75, 0x93, 0x75, 0x93,
    0x65, 0x11, 0x65, 0x11, 0x65, 0x11, 0x65, 0x11, 0x65, 0x11, 0x65, 0x11, 0x65, 0x11, 0x65, 0x11, 0x65, 0x11, 0x65, 0x11, 0x54, 0xB3, 0x54, 0xB3, 0x54, 0xB3, 0xA6, 0x39, 0xA6, 0x39, 0xA6, 0x39,
    0xA6, 0x39, 0xA6, 0x39, 0xA6, 0x39, 0x54, 0xB3, 0x54, 0xB3, 0x54, 0xB3, 0x65, 0x11, 0x65, 0x11, 0x65, 0x11, 0x65, 0x11, 0x65, 0x11, 0x65, 0x11, 0x65, 0x11, 0x65, 0x11, 0x65, 0x11, 0x65, 0x11,
    0x6D, 0x53, 0x6D, 0x53, 0x6D, 0x53, 0x6D, 0x53, 0x6D, 0x53, 0x6D, 0x53, 0x6D, 0x53, 0x6D, 0x53, 0x6D, 0x53, 0xB6, 0xBD, 0xB6, 0xBD, 0xB6, 0xBD, 0xB6, 0xBD, 0xB6, 0xBD, 0xB6, 0xBD, 0xB6, 0xBD,
    0xB6, 0xBD, 0xB6, 0xBD, 0xB6, 0xBD, 0xB6, 0xBD, 0xB6, 0xBD, 0xB6, 0xBD, 0xB6, 0xBD, 0x6D, 0x53, 0x6D, 0x53, 0x6D, 0x53, 0x6D, 0x53, 0x6D, 0x53, 0x6D, 0x53, 0x6D, 0x53, 0x6D, 0x53, 0x6D, 0x53,
    0x5C, 0xCF, 0x5C, 0xCF, 0x5C, 0xCF, 0x5C, 0xCF, 0x5C, 0xCF, 0x5C, 0xCF, 0x5C, 0xCF, 0x5C, 0xCF, 0xA6, 0x39, 0xA6, 0x39, 0xA6, 0x39, 0xA6, 0x39, 0xA6, 0x39, 0xA6, 0x39, 0xA6, 0x39, 0xA6, 0x39,
    0xA6, 0x39, 0xA6, 0x39, 0xA6, 0x39, 0xA6, 0x39, 0xA6, 0x39, 0xA6, 0x39, 0xA6, 0x39, 0xA6, 0x39, 0x5C, 0xCF, 0x5C, 0xCF, 0x5C, 0xCF, 0x5C, 0xCF, 0x5C, 0xCF, 0x5C, 0xCF, 0x5C, 0xCF, 0x5C, 0xCF,
    0x65, 0x11, 0x65, 0x11, 0x65, 0x11, 0x65, 0x11, 0x65, 0x11, 0x65, 0x11, 0x65, 0x11, 0x65, 0x11, 0xB6, 0xBD, 0xB6, 0xBD, 0xB6, 0xBD, 0xB6, 0xBD, 0xB6, 0xBD, 0xB6, 0xBD, 0x5C, 0xF7, 0xB6, 0xBD,
    0xB6, 0xBD, 0x5C, 0xF7, 0xB6, 0xBD, 0xB6, 0xBD, 0xB6, 0xBD, 0xB6, 0xBD, 0xB6, 0xBD, 0xB6, 0xBD, 0x65, 0x11, 0x65, 0x11, 0x65, 0x11, 0x65, 0x11, 0x65, 0x11, 0x65, 0x11, 0x65, 0x11, 0x65, 0x11,
    0x54, 0xCF, 0x54, 0xCF, 0x54, 0xCF, 0x54, 0xCF, 0x54, 0xCF, 0x54, 0xCF, 0x54, 0xCF, 0x54, 0xCF, 0x54, 0xCF, 0xA6, 0x39, 0xA6, 0x39, 0xA6, 0x39, 0xA6, 0x39, 0x54, 0xCF, 0x54, 0xCF, 0x54, 0xCF,
    0x54, 0xCF, 0x54, 0xCF, 0x54, 0xCF, 0xA6, 0x39, 0xA6, 0x39, 0xA6, 0x39, 0xA6, 0x39, 0x54, 0xCF, 0x54, 0xCF, 0x54, 0xCF, 0x54, 0xCF, 0x54, 0xCF, 0x54, 0xCF, 0x54, 0xCF, 0x54, 0xCF, 0x54, 0xCF,
    0x5C, 0xD1, 0x5C, 0xD1, 0x5C, 0xD1, 0x5C, 0xD1, 0x5C, 0xD1, 0x5C, 0xD1, 0x5C, 0xD1, 0x5C, 0xD1, 0x5C, 0xD1, 0x5C, 0xD1, 0x5C, 0xD1, 0x5C, 0xD1, 0x5C, 0xD1, 0x5C, 0xD1, 0x5C, 0xD1, 0x5C, 0xD1,
    0x5C, 0xD1, 0x5C, 0xD1, 0x5C, 0xD1, 0x5C, 0xD1, 0x5C, 0xD1, 0x5C, 0xD1, 0x5C, 0xD1, 0x5C, 0xD1, 0x5C, 0xD1, 0x5C, 0xD1, 0x5C, 0xD1, 0x5C, 0xD1, 0x5C, 0xD1, 0x5C, 0xD1, 0x5C, 0xD1, 0x5C, 0xD1,
};
alignas(8) inline constexpr uint8_t kTex4[2048] = {   // screen_1 32x32
    0x96, 0x39, 0x96, 0x39, 0x96, 0x39, 0x96, 0x39, 0x96, 0x39, 0x96, 0x39, 0x96, 0x39, 0x96, 0x39, 0x96, 0x39, 0x96, 0x39, 0x96, 0x39, 0x96, 0x39, 0x96, 0x39, 0x96, 0x39, 0x96, 0x39, 0x96, 0x39,
    0x96, 0x39, 0x96, 0x39, 0x96, 0x39, 0x96, 0x39, 0x96, 0x39, 0x96, 0x39, 0x96, 0x39, 0x96, 0x39, 0x96, 0x39, 0x96, 0x39, 0x96, 0x39, 0x96, 0x39, 0x96, 0x39, 0x96, 0x39, 0x96, 0x39, 0x96, 0x39,
    0x9E, 0xBD, 0x9E, 0xBD, 0x9E, 0xBD, 0x9E, 0xBD, 0x9E, 0xBD, 0x9E, 0xBD, 0x9E, 0xBD, 0x9E, 0xBD, 0x9E, 0xBD, 0x9E, 0xBD, 0x9E, 0xBD, 0x9E, 0xBD, 0x9E, 0xBD, 0x9E, 0xBD, 0x9E, 0xBD, 0x9E, 0xBD,
    0x9E, 0xBD, 0x9E, 0xBD, 0x9E, 0xBD, 0x9E, 0xBD, 0x9E, 0xBD, 0x9E, 0xBD, 0x9E, 0xBD, 0x9E, 0xBD, 0x9E, 0xBD, 0x9E, 0xBD, 0x9E, 0xBD, 0x9E, 0xBD, 0x9E, 0xBD, 0x9E, 0xBD, 0x9E, 0xBD, 0x9E, 0xBD,
    0x9E, 0x39, 0x9E, 0x39, 0x9E, 0x39, 0x9E, 0x39, 0x9E, 0x39, 0x9E, 0x39, 0x9E, 0x39, 0x9E, 0x39, 0x9E, 0x39, 0x9E, 0x39, 0x9E, 0x39, 0x9E, 0x39, 0x9E, 0x39, 0x9E, 0x39, 0x9E, 0x39, 0x9E, 0x39,
    0x9E, 0x39, 0x9E, 0x39, 0x9E, 0x39, 0x9E, 0x39, 0x9E, 0x39, 0x9E, 0x39, 0x9E, 0x39, 0x9E, 0x39, 0x9E, 0x39, 0x9E, 0x39, 0x9E, 0x39, 0x9E, 0x39, 0x9E, 0x39, 0x9E, 0x39, 0x9E, 0x39, 0x9E, 0x39,
    0xA6, 0xBD, 0xA6, 0xBD, 0xA6, 0xBD, 0xA6, 0xBD, 0xA6, 0xBD, 0xA6, 0xBD, 0x32, 0x23, 0xA6, 0xBD, 0xA6, 0xBD, 0xA6, 0xBD, 0xA6, 0xBD, 0xA6, 0xBD, 0xA6, 0xBD, 0xA6, 0xBD, 0xA6, 0xBD, 0xA6, 0xBD,
    0xA6, 0xBD, 0xA6, 0xBD, 0xA6, 0xBD, 0xA6, 0xBD, 0xA6, 0xBD, 0xA6, 0xBD, 0xA6, 0xBD, 0xA6, 0xBD, 0xFF, 0x5D, 0x32, 0x23, 0xFF, 0x5D, 0xFF, 0x5D, 0xA6, 0xBD, 0xA6, 0xBD, 0xA6, 0xBD, 0xA6, 0xBD,
    0x9E, 0x39, 0x9E, 0x39, 0x9E, 0x39, 0x9E, 0x39, 0x9E, 0x39, 0x9E, 0x39, 0x31, 0xE1, 0x31, 0xE1, 0x9E, 0x39, 0x9E, 0x39, 0x9E, 0x39, 0x9E, 0x39, 0x9E, 0x39, 0x9E, 0x39, 0x9E, 0x39, 0x9E, 0x39,
    0x9E, 0x39, 0x9E, 0x39, 0x9E, 0x39, 0x9E, 0x39, 0x9E, 0x39, 0x9E, 0x39, 0x9E, 0x39, 0xEE, 0xDB, 0x31, 0xE1, 0x31, 0xE1, 0xEE, 0xDB, 0xEE, 0xDB, 0xEE, 0xDB, 0x9E, 0x39, 0x9E, 0x39, 0x9E, 0x39,
    0xA6, 0xFD, 0xA6, 0xFD, 0xA6, 0xFD, 0xA6, 0xFD, 0xA6, 0xFD, 0xA6, 0xFD, 0xA6, 0xFD, 0x32, 0x23, 0x32, 0x23, 0xA6, 0xFD, 0xA6, 0xFD, 0xA6, 0xFD, 0xA6, 0xFD, 0xA6, 0xFD, 0xA6, 0xFD, 0xA6, 0xFD,
    0xA6, 0xFD, 0xA6, 0xFD, 0xA6, 0xFD, 0xA6, 0xFD, 0xA6, 0xFD, 0xA6, 0xFD, 0xA6, 0xFD, 0x32, 0x23, 0x32, 0x23, 0xFF, 0x5D, 0xFF, 0x5D, 0xFF, 0x5D, 0xFF, 0x5D, 0xA6, 0xFD, 0xA6, 0xFD, 0xA6, 0xFD,
    0xA6, 0x79, 0xA6, 0x79, 0xA6, 0x79, 0xA6, 0x79, 0xA6, 0x79, 0xA6, 0x79, 0xA6, 0x79, 0x31, 0xE1, 0xDD, 0x99, 0x31, 0xE1, 0x31, 0xE1, 0xA6, 0x79, 0xA6, 0x79, 0xA6, 0x79, 0xA6, 0x79, 0xA6, 0x79,
    0xA6, 0x79, 0xA6, 0x79, 0xA6, 0x79, 0xA6, 0x79, 0xA6, 0x79, 0x31, 0xE1, 0x31, 0xE1, 0xDD, 0x99, 0x31, 0xE1, 0xEE, 0xDB, 0xEE, 0xDB, 0xEE, 0xDB, 0xEE, 0xDB, 0xA6, 0x79, 0xA6, 0x79, 0xA6, 0x79,
    0xAE, 0xFD, 0xAE, 0xFD, 0xAE, 0xFD, 0xAE, 0xFD, 0xAE, 0xFD, 0xAE, 0xFD, 0xAE, 0xFD, 0x32, 0x23, 0xEE, 0x1B, 0xEE, 0x1B, 0x32, 0x23, 0x32, 0x23, 0xAE, 0xFD, 0xAE, 0xFD, 0xAE, 0xFD, 0xAE, 0xFD,
    0xAE, 0xFD, 0xAE, 0xFD, 0xAE, 0xFD, 0xAE, 0xFD, 0x32, 0x23, 0x32, 0x23, 0xEE, 0x1B, 0xEE, 0x1B, 0x32, 0x23, 0xFF, 0x5D, 0xFF, 0x5D, 0xFF, 0x5D, 0xFF, 0x5D, 0xAE, 0xFD, 0xAE, 0xFD, 0xAE, 0xFD,
    0xA6, 0x79, 0xA6, 0x79, 0xA6, 0x79, 0xA6, 0x79, 0xA6, 0x79, 0xA6, 0x79, 0xA6, 0x79, 0xA6, 0x79, 0xDD, 0x99, 0xDD, 0x99, 0xDD, 0x99, 0x31, 0xE1, 0x31, 0xE1, 0x54, 0xB3, 0x54, 0xB3, 0x54, 0xB3,
    0x54, 0xB3, 0x54, 0xB3, 0x31, 0xE1, 0x31, 0xE1, 0x31, 0xE1, 0xDD, 0x99, 0xDD, 0x99, 0xDD, 0x99, 0xEE, 0xDB, 0xEE, 0xDB, 0xEE, 0xDB, 0xEE, 0xDB, 0xA6, 0x79, 0xA6, 0x79, 0xA6, 0x79, 0xA6, 0x79,
    0xAE, 0xFD, 0xAE, 0xFD, 0xAE, 0xFD, 0xAE, 0xFD, 0xAE, 0xFD, 0xAE, 0xFD, 0xAE, 0xFD, 0xAE, 0xFD, 0x32, 0x23, 0xEE, 0x1B, 0x32, 0x23, 0x5C, 0xF7, 0x5C, 0xF7, 0x5C, 0xF7, 0x5C, 0xF7, 0x5C, 0xF7,
    0x5C, 0xF7, 0x5C, 0xF7, 0x5C, 0xF7, 0x5C, 0xF7, 0x32, 0x23, 0x32, 0x23, 0xEE, 0x1B, 0x32, 0x23, 0xAE, 0xFD, 0xAE, 0xFD, 0xAE, 0xFD, 0xAE, 0xFD, 0xAE, 0xFD, 0xAE, 0xFD, 0xAE, 0xFD, 0xAE, 0xFD,
    0xA6, 0x79, 0xA6, 0x79, 0xA6, 0x79, 0xA6, 0x79, 0xA6, 0x79, 0xA6, 0x79, 0xA6, 0x79, 0xA6, 0x79, 0x31, 0xE1, 0x54, 0xB3, 0xE7, 0x39, 0xE7, 0x39, 0xE7, 0x39, 0xE7, 0x39, 0x54, 0xB3, 0x54, 0xB3,
    0x54, 0xB3, 0x54, 0xB3, 0xE7, 0x39, 0xE7, 0x39, 0xE7, 0x39, 0xE7, 0x39, 0x31, 0xE1, 0x31, 0xE1, 0xA6, 0x79, 0xA6, 0x79, 0xA6, 0x79, 0xA6, 0x79, 0xA6, 0x79, 0xA6, 0x79, 0xA6, 0x79, 0xA6, 0x79,
    0xB6, 0xFD, 0xB6, 0xFD, 0xB6, 0xFD, 0xB6, 0xFD, 0xB6, 0xFD, 0xB6, 0xFD, 0xB6, 0xFD, 0xB6, 0xFD, 0xB6, 0xFD, 0x5C, 0xF7, 0xF7, 0xBD, 0xF7, 0xBD, 0x10, 0x87, 0xF7, 0xBD, 0xF7, 0xBD, 0x5C, 0xF7,
    0x5C, 0xF7, 0xF7, 0xBD, 0xF7, 0xBD, 0x10, 0x87, 0xF7, 0xBD, 0xF7, 0xBD, 0x5C, 0xF7, 0xB6, 0xFD, 0xB6, 0xFD, 0xB6, 0xFD, 0xB6, 0xFD, 0xB6, 0xFD, 0xB6, 0xFD, 0xB6, 0xFD, 0xB6, 0xFD, 0xB6, 0xFD,
    0xA6, 0x79, 0xA6, 0x79, 0xA6, 0x79, 0xA6, 0x79, 0xA6, 0x79, 0xA6, 0x79, 0xA6, 0x79, 0xA6, 0x79, 0x54, 0xB3, 0x54, 0xB3, 0xE7, 0x39, 0x10, 0x87, 0x10, 0x87, 0x10, 0x87, 0xE7, 0x39, 0x54, 0xB3,
    0x54, 0xB3, 0xE7, 0x39, 0x10, 0x87, 0x10, 0x87, 0x10, 0x87, 0xE7, 0x39, 0x54, 0xB3, 0x54, 0xB3, 0xA6, 0x79, 0xA6, 0x79, 0xA6, 0x79, 0xA6, 0x79, 0xA6, 0x79, 0xA6, 0x79, 0xA6, 0x79, 0xA6, 0x79,
    0xB6, 0xFD, 0xB6, 0xFD, 0xB6, 0xFD, 0xB6, 0xFD, 0x5C, 0xF7, 0x5C, 0xF7, 0x5C, 0xF7, 0xB6, 0xFD, 0x5C, 0xF7, 0x5C, 0xF7, 0xF7, 0xBD, 0x10, 0x87, 0x10, 0x87, 0x10, 0x87, 0xF7, 0xBD, 0x5C, 0xF7,
    0x5C, 0xF7, 0xF7, 0xBD, 0x10, 0x87, 0x10, 0x87, 0x10, 0x87, 0xF7, 0xBD, 0x5C, 0xF7, 0x5C, 0xF7, 0xB6, 0xFD, 0x5C, 0xF7, 0x5C, 0xF7, 0x5C, 0xF7, 0xB6, 0xFD, 0xB6, 0xFD, 0xB6, 0xFD, 0xB6, 0xFD,
    0xA6, 0xB9, 0xA6, 0xB9, 0xA6, 0xB9, 0x54, 0xB3, 0x54, 0xB3, 0x54, 0xB3, 0x54, 0xB3, 0x54, 0xB3, 0x54, 0xB3, 0x54, 0xB3, 0xE7, 0x39, 0xE7, 0x39, 0x10, 0x87, 0xE7, 0x39, 0xDD, 0x99, 0xDD, 0x99,
    0xDD, 0x99, 0xDD, 0x99, 0xE7, 0x39, 0x10, 0x87, 0xE7, 0x39, 0xE7, 0x39, 0x54, 0xB3, 0x54, 0xB3, 0x54, 0xB3, 0x54, 0xB3, 0x54, 0xB3, 0x54, 0xB3, 0x54, 0xB3, 0xA6, 0xB9, 0xA6, 0xB9, 0xA6, 0xB9,
    0xBF, 0x3F, 0xBF, 0x3F, 0xBF, 0x3F, 0x5C, 0xF7, 0x5C, 0xF7, 0x5C, 0xF7, 0x5C, 0xF7, 0x5C, 0xF7, 0x5C, 0xF7, 0x5C, 0xF7, 0x5C, 0xF7, 0x5C, 0xF7, 0xEE, 0x1B, 0xEE, 0x1B, 0x10, 0x87, 0x10, 0x87,
    0x10, 0x87, 0x10, 0x87, 0xEE, 0x1B, 0xEE, 0x1B, 0x5C, 0xF7, 0x5C, 0xF7, 0x5C, 0xF7, 0x5C, 0xF7, 0x5C, 0xF7, 0x5C, 0xF7, 0x5C, 0xF7, 0x5C, 0xF7, 0x5C, 0xF7, 0xBF, 0x3F, 0xBF, 0x3F, 0xBF, 0x3F,
    0xAE, 0xBB, 0xAE, 0xBB, 0xAE, 0xBB, 0xAE, 0xBB, 0x54, 0xB3, 0x54, 0xB3, 0x54, 0xB3, 0xAE, 0xBB, 0x54, 0xB3, 0x54, 0xB3, 0x54, 0xB3, 0xDD, 0x99, 0xDD, 0x99, 0xDD, 0x99, 0x10, 0x87, 0x10, 0x87,
    0x10, 0x87, 0x10, 0x87, 0xDD, 0x99, 0xDD, 0x99, 0xDD, 0x99, 0x54, 0xB3, 0x54, 0xB3, 0x54, 0xB3, 0xAE, 0xBB, 0x54, 0xB3, 0x54, 0xB3, 0x54, 0xB3, 0xAE, 0xBB, 0xAE, 0xBB, 0xAE, 0xBB, 0xAE, 0xBB,
    0xBF, 0x3F, 0xBF, 0x3F, 0xBF, 0x3F, 0xBF, 0x3F, 0xBF, 0x3F, 0x5C, 0xF7, 0x5C, 0xF7, 0x5C, 0xF7, 0x5C, 0xF7, 0x5C, 0xF7, 0x5C, 0xF7, 0xEE, 0x1B, 0xEE, 0x1B, 0xEE, 0x1B, 0xEE, 0x1B, 0xEE, 0x1B,
    0xEE, 0x1B, 0xEE, 0x1B, 0xEE, 0x1B, 0xEE, 0x1B, 0xEE, 0x1B, 0x5C, 0xF7, 0x5C, 0xF7, 0x5C, 0xF7, 0x5C, 0xF7, 0x5C, 0xF7, 0x5C, 0xF7, 0xBF, 0x3F, 0xBF, 0x3F, 0xBF, 0x3F, 0xBF, 0x3F, 0xBF, 0x3F,
    0xAE, 0xBB, 0xAE, 0xBB, 0xAE, 0xBB, 0xAE, 0xBB, 0xAE, 0xBB, 0xAE, 0xBB, 0x54, 0xB3, 0x54, 0xB3, 0xAE, 0xBB, 0x54, 0xB3, 0x54, 0xB3, 0xDD, 0x99, 0xDD, 0x99, 0xDD, 0x99, 0xDD, 0x99, 0xDD, 0x99,
    0xDD, 0x99, 0xDD, 0x99, 0xDD, 0x99, 0xDD, 0x99, 0xDD, 0x99, 0x54, 0xB3, 0x54, 0xB3, 0xAE, 0xBB, 0x54, 0xB3, 0x54, 0xB3, 0xAE, 0xBB, 0xAE, 0xBB, 0xAE, 0xBB, 0xAE, 0xBB, 0xAE, 0xBB, 0xAE, 0xBB,
    0xC7, 0x3F, 0xC7, 0x3F, 0xC7, 0x3F, 0xC7, 0x3F, 0xC7, 0x3F, 0xC7, 0x3F, 0xC7, 0x3F, 0x5C, 0xF7, 0x5C, 0xF7, 0x5C, 0xF7, 0x5C, 0xF7, 0xEE, 0x1B, 0xEE, 0x1B, 0x10, 0x87, 0x10, 0x87, 0x10, 0x87,
    0x10, 0x87, 0x10, 0x87, 0x10, 0x87, 0xEE, 0x1B, 0xEE, 0x1B, 0x5C, 0xF7, 0x5C, 0xF7, 0x5C, 0xF7, 0x5C, 0xF7, 0xC7, 0x3F, 0xC7, 0x3F, 0xC7, 0x3F, 0xC7, 0x3F, 0xC7, 0x3F, 0xC7, 0x3F, 0xC7, 0x3F,
    0xB6, 0xBB, 0xB6, 0xBB, 0xB6, 0xBB, 0xB6, 0xBB, 0xB6, 0xBB, 0xB6, 0xBB, 0xB6, 0xBB, 0x54, 0xB3, 0x54, 0xB3, 0x54, 0xB3, 0xB6, 0xBB, 0x54, 0xB3, 0xDD, 0x99, 0x10, 0x87, 0xDB, 0xE1, 0xDB, 0xE1,
    0xDB, 0xE1, 0xDB, 0xE1, 0x10, 0x87, 0xDD, 0x99, 0x54, 0xB3, 0xB6, 0xBB, 0x54, 0xB3, 0x54, 0xB3, 0x54, 0xB3, 0xB6, 0xBB, 0xB6, 0xBB, 0xB6, 0xBB, 0xB6, 0xBB, 0xB6, 0xBB, 0xB6, 0xBB, 0xB6, 0xBB,
    0xC7, 0x3F, 0xC7, 0x3F, 0xC7, 0x3F, 0xC7, 0x3F, 0xC7, 0x3F, 0xC7, 0x3F, 0xC7, 0x3F, 0xC7, 0x3F, 0x5C, 0xF7, 0x5C, 0xF7, 0x5C, 0xF7, 0x5C, 0xF7, 0x5C, 0xF7, 0xEE, 0x1B, 0xEE, 0x1B, 0xEC, 0x23,
    0xEC, 0x23, 0xEE, 0x1B, 0xEE, 0x1B, 0x5C, 0xF7, 0x5C, 0xF7, 0x5C, 0xF7, 0x5C, 0xF7, 0x5C, 0xF7, 0xC7, 0x3F, 0xC7, 0x3F, 0xC7, 0x3F, 0xC7, 0x3F, 0xC7, 0x3F, 0xC7, 0x3F, 0xC7, 0x3F, 0xC7, 0x3F,
    0xB6, 0xBB, 0xB6, 0xBB, 0xB6, 0xBB, 0xB6, 0xBB, 0xB6, 0xBB, 0xB6, 0xBB, 0xB6, 0xBB, 0xB6, 0xBB, 0xB6, 0xBB, 0x54, 0xB3, 0x54, 0xB3, 0x54, 0xB3, 0x54, 0xB3, 0x54, 0xB3, 0xA6, 0x39, 0xA6, 0x39,
    0xA6, 0x39, 0xA6, 0x39, 0x54, 0xB3, 0x54, 0xB3, 0x54, 0xB3, 0x54, 0xB3, 0x54, 0xB3, 0xB6, 0xBB, 0xB6, 0xBB, 0xB6, 0xBB, 0xB6, 0xBB, 0xB6, 0xBB, 0xB6, 0xBB, 0xB6, 0xBB, 0xB6, 0xBB, 0xB6, 0xBB,
    0xCF, 0x3F, 0xCF, 0x3F, 0xCF, 0x3F, 0xCF, 0x3F, 0xCF, 0x3F, 0xCF, 0x3F, 0xCF, 0x3F, 0xCF, 0x3F, 0xCF, 0x3F, 0xCF, 0x3F, 0x5C, 0xF7, 0x5C, 0xF7, 0x5C, 0xF7, 0xB6, 0xBD, 0xB6, 0xBD, 0xB6, 0xBD,
    0xB6, 0xBD, 0xB6, 0xBD, 0xB6, 0xBD, 0x5C, 0xF7, 0x5C, 0xF7, 0x5C, 0xF7, 0xCF, 0x3F, 0xCF, 0x3F, 0xCF, 0x3F, 0xCF, 0x3F, 0xCF, 0x3F, 0xCF, 0x3F, 0xCF, 0x3F, 0xCF, 0x3F, 0xCF, 0x3F, 0xCF, 0x3F,
    0x6D, 0x11, 0x6D, 0x11, 0x6D, 0x11, 0x6D, 0x11, 0x6D, 0x11, 0x6D, 0x11, 0x6D, 0x11, 0x6D, 0x11, 0x6D, 0x11, 0x6D, 0x11, 0x54, 0xB3, 0x54, 0xB3, 0x54, 0xB3, 0xA6, 0x39, 0xA6, 0x39, 0xA6, 0x39,
    0xA6, 0x39, 0xA6, 0x39, 0xA6, 0x39, 0x54, 0xB3, 0x54, 0xB3, 0x54, 0xB3, 0x6D, 0x11, 0x6D, 0x11, 0x6D, 0x11, 0x6D, 0x11, 0x6D, 0x11, 0x6D, 0x11, 0x6D, 0x11, 0x6D, 0x11, 0x6D, 0x11, 0x6D, 0x11,
    0x75, 0x93, 0x75, 0x93, 0x75, 0x93, 0x75, 0x93, 0x75, 0x93, 0x75, 0x93, 0x75, 0x93, 0x75, 0x93, 0x75, 0x93, 0x75, 0x93, 0x5C, 0xF7, 0x5C, 0xF7, 0xB6, 0xBD, 0xB6, 0xBD, 0xB6, 0xBD, 0xB6, 0xBD,
    0xB6, 0xBD, 0xB6, 0xBD, 0xB6, 0xBD, 0xB6, 0xBD, 0x5C, 0xF7, 0x5C, 0xF7, 0x75, 0x93, 0x75, 0x93, 0x75, 0x93, 0x75, 0x93, 0x75, 0x93, 0x75, 0x93, 0x75, 0x93, 0x75, 0x93, 0x75, 0x93, 0x75, 0x93,
    0x65, 0x11, 0x65, 0x11, 0x65, 0x11, 0x65, 0x11, 0x65, 0x11, 0x65, 0x11, 0x65, 0x11, 0x65, 0x11, 0x65, 0x11, 0x65, 0x11, 0x54, 0xB3, 0x54, 0xB3, 0xA6, 0x39, 0xA6, 0x39, 0xA6, 0x39, 0xA6, 0x39,
    0xA6, 0x39, 0xA6, 0x39, 0xA6, 0x39, 0xA6, 0x39, 0x54, 0xB3, 0x54, 0xB3, 0x65, 0x11, 0x65, 0x11, 0x65, 0x11, 0x65, 0x11, 0x65, 0x11, 0x65, 0x11, 0x65, 0x11, 0x65, 0x11, 0x65, 0x11, 0x65, 0x11,
    0x6D, 0x53, 0x6D, 0x53, 0x6D, 0x53, 0x6D, 0x53, 0x6D, 0x53, 0x6D, 0x53, 0x6D, 0x53, 0x6D, 0x53, 0x6D, 0x53, 0xB6, 0xBD, 0xB6, 0xBD, 0xB6, 0xBD, 0xB6, 0xBD, 0xB6, 0xBD, 0xB6, 0xBD, 0xB6, 0xBD,
    0xB6, 0xBD, 0xB6, 0xBD, 0xB6, 0xBD, 0xB6, 0xBD, 0xB6, 0xBD, 0xB6, 0xBD, 0xB6, 0xBD, 0x6D, 0x53, 0x6D, 0x53, 0x6D, 0x53, 0x6D, 0x53, 0x6D, 0x53, 0x6D, 0x53, 0x6D, 0x53, 0x6D, 0x53, 0x6D, 0x53,
    0x5C, 0xCF, 0x5C, 0xCF, 0x5C, 0xCF, 0x5C, 0xCF, 0x5C, 0xCF, 0x5C, 0xCF, 0x5C, 0xCF, 0x5C, 0xCF, 0xA6, 0x39, 0xA6, 0x39, 0xA6, 0x39, 0xA6, 0x39, 0xA6, 0x39, 0xA6, 0x39, 0xA6, 0x39, 0xA6, 0x39,
    0xA6, 0x39, 0xA6, 0x39, 0xA6, 0x39, 0xA6, 0x39, 0xA6, 0x39, 0xA6, 0x39, 0xA6, 0x39, 0xA6, 0x39, 0x5C, 0xCF, 0x5C, 0xCF, 0x5C, 0xCF, 0x5C, 0xCF, 0x5C, 0xCF, 0x5C, 0xCF, 0x5C, 0xCF, 0x5C, 0xCF,
    0x65, 0x11, 0x65, 0x11, 0x65, 0x11, 0x65, 0x11, 0x65, 0x11, 0x65, 0x11, 0x65, 0x11, 0x65, 0x11, 0xB6, 0xBD, 0xB6, 0xBD, 0xB6, 0xBD, 0xB6, 0xBD, 0xB6, 0xBD, 0xB6, 0xBD, 0xB6, 0xBD, 0xB6, 0xBD,
    0xB6, 0xBD, 0xB6, 0xBD, 0xB6, 0xBD, 0xB6, 0xBD, 0xB6, 0xBD, 0xB6, 0xBD, 0xB6, 0xBD, 0xB6, 0xBD, 0x65, 0x11, 0x65, 0x11, 0x65, 0x11, 0x65, 0x11, 0x65, 0x11, 0x65, 0x11, 0x65, 0x11, 0x65, 0x11,
    0x54, 0xCF, 0x54, 0xCF, 0x54, 0xCF, 0x54, 0xCF, 0x54, 0xCF, 0x54, 0xCF, 0x54, 0xCF, 0x54, 0xCF, 0x54, 0xCF, 0xA6, 0x39, 0xA6, 0x39, 0xA6, 0x39, 0xA6, 0x39, 0x54, 0xB3, 0x54, 0xB3, 0xA6, 0x39,
    0xA6, 0x39, 0x54, 0xB3, 0x54, 0xB3, 0xA6, 0x39, 0xA6, 0x39, 0xA6, 0x39, 0xA6, 0x39, 0x54, 0xCF, 0x54, 0xCF, 0x54, 0xCF, 0x54, 0xCF, 0x54, 0xCF, 0x54, 0xCF, 0x54, 0xCF, 0x54, 0xCF, 0x54, 0xCF,
    0x5C, 0xD1, 0x5C, 0xD1, 0x5C, 0xD1, 0x5C, 0xD1, 0x5C, 0xD1, 0x5C, 0xD1, 0x5C, 0xD1, 0x5C, 0xD1, 0x5C, 0xD1, 0x5C, 0xD1, 0x5C, 0xD1, 0x5C, 0xD1, 0x5C, 0xD1, 0x5C, 0xD1, 0x5C, 0xD1, 0x5C, 0xD1,
    0x5C, 0xD1, 0x5C, 0xD1, 0x5C, 0xD1, 0x5C, 0xD1, 0x5C, 0xD1, 0x5C, 0xD1, 0x5C, 0xD1, 0x5C, 0xD1, 0x5C, 0xD1, 0x5C, 0xD1, 0x5C, 0xD1, 0x5C, 0xD1, 0x5C, 0xD1, 0x5C, 0xD1, 0x5C, 0xD1, 0x5C, 0xD1,
};
alignas(8) inline constexpr uint8_t kTex5[2048] = {   // screen_2 32x32
    0x84, 0x23, 0x08, 0x43, 0x39, 0xCF, 0x31, 0x8D, 0x94, 0xA7, 0x8C, 0x65, 0xB5, 0xAF, 0x10, 0x85, 0x52, 0x97, 0x08, 0x43, 0x29, 0x4D, 0x6B, 0x5B, 0x08, 0x43, 0x29, 0x4B, 0x84, 0x23, 0x73, 0x9D,
    0x29, 0x4D, 0x7B, 0xDF, 0xA5, 0x2B, 0x00, 0x01, 0xA5, 0x2B, 0x8C, 0x65, 0x42, 0x13, 0x21, 0x09, 0xC6, 0x33, 0x42, 0x13, 0x10, 0x85, 0x10, 0x87, 0xAD, 0x6D, 0x7B, 0xE1, 0xA5, 0x2B, 0x94, 0xA7,
    0x6B, 0x5D, 0xC6, 0x33, 0x4A, 0x55, 0x73, 0x9D, 0xAD, 0x6D, 0x7B, 0xE1, 0xAD, 0x6D, 0x73, 0x9F, 0x8C, 0x65, 0x08, 0x43, 0x31, 0x8D, 0x39, 0xD1, 0x10, 0x85, 0x31, 0x8D, 0x18, 0xC7, 0x39, 0xCF,
    0x84, 0x23, 0x4A, 0x55, 0x4A, 0x55, 0x29, 0x4B, 0x39, 0xCF, 0xBD, 0xF1, 0x84, 0x23, 0x7B, 0xE1, 0x21, 0x09, 0x94, 0xA7, 0x21, 0x09, 0x4A, 0x55, 0xCE, 0x75, 0x84, 0x23, 0x73, 0x9F, 0x8C, 0x65,
    0xAD, 0x6D, 0x9C, 0xE9, 0x31, 0x8D, 0x08, 0x43, 0x42, 0x11, 0x39, 0xCF, 0x29, 0x4B, 0xBD, 0xF3, 0xB5, 0xAF, 0x42, 0x11, 0x84, 0x23, 0x52, 0x95, 0xBD, 0xF1, 0x5A, 0xD9, 0x39, 0xCF, 0x31, 0x8D,
    0x73, 0x9F, 0x39, 0xCF, 0x73, 0x9F, 0xB5, 0xAF, 0x52, 0x95, 0x29, 0x4D, 0xCE, 0x75, 0x6B, 0x5B, 0x10, 0x85, 0x08, 0x43, 0x18, 0xC7, 0x84, 0x21, 0xA5, 0x2B, 0x52, 0x97, 0x10, 0x85, 0x4A, 0x55,
    0xCE, 0x75, 0x6B, 0x5D, 0xC6, 0x33, 0xAD, 0x6D, 0x00, 0x01, 0x94, 0xA7, 0x8C, 0x65, 0x6B, 0x5D, 0x39, 0xCF, 0x84, 0x23, 0x18, 0xC7, 0x5A, 0xD7, 0x5A, 0xD9, 0xC6, 0x33, 0xB5, 0xAF, 0x39, 0xCF,
    0x63, 0x1B, 0x21, 0x0B, 0xBD, 0xF1, 0xB5, 0xAF, 0x39, 0xD1, 0x84, 0x23, 0x7B, 0xE1, 0x21, 0x09, 0x9C, 0xE9, 0x6B, 0x5D, 0x9C, 0xE9, 0x6B, 0x5D, 0x00, 0x01, 0x42, 0x11, 0x00, 0x03, 0xBD, 0xF1,
    0xF7, 0xBF, 0xE7, 0x3D, 0x7B, 0xE1, 0x4A, 0x55, 0xF7, 0xBF, 0xFF, 0xFF, 0x52, 0x95, 0xA5, 0x2B, 0x4A, 0x55, 0xDE, 0xF9, 0xDE, 0xF9, 0x5A, 0xD7, 0xA5, 0x2B, 0xAD, 0x6D, 0x73, 0x9F, 0xEF, 0x7F,
    0x94, 0xA7, 0x6B, 0x5D, 0xAD, 0x6D, 0xD6, 0xB7, 0x6B, 0x5B, 0x7B, 0xE1, 0xFF, 0xFF, 0xC6, 0x33, 0x9C, 0xE9, 0xAD, 0x6D, 0x5A, 0xD7, 0x6B, 0x5D, 0x84, 0x23, 0xB5, 0xAF, 0x6B, 0x5D, 0x6B, 0x5D,
    0x52, 0x95, 0xBD, 0xF3, 0x6B, 0x5D, 0xF7, 0xBF, 0xEF, 0x7F, 0x52, 0x95, 0x73, 0x9D, 0xC6, 0x35, 0x6B, 0x5D, 0x5A, 0xD9, 0xFF, 0xFF, 0xB5, 0xAF, 0x9C, 0xE9, 0xDE, 0xFB, 0xE7, 0x3B, 0x63, 0x1B,
    0x52, 0x97, 0x94, 0xA7, 0x94, 0xA7, 0x9C, 0xE9, 0xD6, 0xB7, 0xC6, 0x35, 0xFF, 0xFF, 0x52, 0x97, 0x94, 0xA7, 0x84, 0x23, 0xEF, 0x7F, 0x73, 0x9F, 0x63, 0x1B, 0x9C, 0xE9, 0x94, 0xA7, 0x7B, 0xDF,
    0x31, 0x8F, 0xBD, 0xF1, 0x5A, 0xD9, 0xAD, 0x6D, 0x73, 0x9D, 0x08, 0x43, 0xCE, 0x75, 0xAD, 0x6D, 0xC6, 0x33, 0xBD, 0xF1, 0xAD, 0x6D, 0x21, 0x09, 0x63, 0x1B, 0x29, 0x4D, 0x52, 0x95, 0x08, 0x45,
    0x4A, 0x55, 0xC6, 0x35, 0x39, 0xCF, 0x9C, 0xE9, 0x5A, 0xD9, 0x52, 0x97, 0xC6, 0x33, 0xCE, 0x75, 0x73, 0x9D, 0x94, 0xA7, 0x21, 0x09, 0x39, 0xD1, 0xC6, 0x33, 0x73, 0x9F, 0x6B, 0x5D, 0x9C, 0xE7,
    0x08, 0x43, 0x73, 0x9F, 0x63, 0x1B, 0xAD, 0x6D, 0x21, 0x09, 0xC6, 0x33, 0x10, 0x85, 0x29, 0x4B, 0x7B, 0xDF, 0x8C, 0x65, 0x31, 0x8D, 0x18, 0xC7, 0xB5, 0xAF, 0x31, 0x8D, 0x7B, 0xDF, 0x7B, 0xE1,
    0x52, 0x97, 0x73, 0x9F, 0x6B, 0x5D, 0xBD, 0xF1, 0x29, 0x4B, 0x94, 0xA7, 0x31, 0x8D, 0x52, 0x95, 0x8C, 0x63, 0x39, 0xD1, 0x42, 0x11, 0x9C, 0xE9, 0x10, 0x85, 0x5A, 0xD9, 0xCE, 0x75, 0xCE, 0x75,
    0x10, 0x85, 0x29, 0x4D, 0x39, 0xCF, 0xBD, 0xF1, 0xB5, 0xAF, 0xB5, 0xAF, 0x4A, 0x55, 0x21, 0x09, 0xAD, 0x6D, 0x8C, 0x65, 0x7B, 0xE1, 0xC6, 0x35, 0x84, 0x23, 0x00, 0x01, 0xA5, 0x2B, 0x39, 0xD1,
    0x84, 0x23, 0xBD, 0xF1, 0x18, 0xC7, 0x18, 0xC7, 0x18, 0xC7, 0x73, 0x9D, 0x39, 0xCF, 0x7B, 0xE1, 0x94, 0xA7, 0x29, 0x4B, 0x84, 0x23, 0x39, 0xCF, 0x63, 0x1B, 0xB5, 0xB1, 0xAD, 0x6D, 0x10, 0x85,
    0x5A, 0xD7, 0x39, 0xCF, 0x00, 0x01, 0x9C, 0xE9, 0x84, 0x23, 0x31, 0x8F, 0x94, 0xA7, 0x73, 0x9D, 0x5A, 0xD7, 0x00, 0x01, 0x10, 0x85, 0xB5, 0xAF, 0xB5, 0xB1, 0x73, 0x9D, 0xAD, 0x6D, 0x73, 0x9F,
    0x21, 0x09, 0x18, 0xC7, 0x42, 0x11, 0xB5, 0xAF, 0xA5, 0x2B, 0xAD, 0x6D, 0xB5, 0xAF, 0x29, 0x4B, 0x31, 0x8D, 0x18, 0xC7, 0x9C, 0xE9, 0xB5, 0xAF, 0x52, 0x97, 0x7B, 0xE1, 0x21, 0x09, 0xBD, 0xF1,
    0xAD, 0x6F, 0xC6, 0x33, 0xA5, 0x2B, 0xB5, 0xAF, 0x08, 0x43, 0x94, 0xA7, 0x42, 0x13, 0xBD, 0xF1, 0xA5, 0x2B, 0xAD, 0x6F, 0xA5, 0x2B, 0x39, 0xCF, 0xA5, 0x2B, 0x18, 0xC7, 0xB5, 0xAF, 0xAD, 0x6D,
    0x31, 0x8D, 0xA5, 0x2B, 0x5A, 0xD9, 0x42, 0x11, 0xA5, 0x2B, 0x31, 0x8D, 0x08, 0x43, 0x29, 0x4B, 0x42, 0x13, 0xAD, 0x6F, 0xC6, 0x33, 0x39, 0xCF, 0x84, 0x23, 0x52, 0x95, 0xC6, 0x35, 0x6B, 0x5D,
    0xBD, 0xF1, 0x18, 0xC7, 0xC6, 0x33, 0x21, 0x0B, 0xC6, 0x33, 0x39, 0xCF, 0x18, 0xC7, 0x5A, 0xD7, 0x94, 0xA7, 0x42, 0x11, 0x7B, 0xE1, 0x6B, 0x5B, 0x52, 0x95, 0x73, 0x9F, 0x31, 0x8F, 0x94, 0xA5,
    0x00, 0x01, 0xBD, 0xF1, 0x6B, 0x5D, 0x94, 0xA7, 0x94, 0xA7, 0x8C, 0x63, 0x4A, 0x53, 0x10, 0x85, 0x84, 0x23, 0x42, 0x13, 0x42, 0x11, 0xAD, 0x6D, 0x94, 0xA7, 0x39, 0xD1, 0x42, 0x11, 0x52, 0x97,
    0x94, 0xA7, 0x7B, 0xE1, 0x5A, 0xD7, 0x94, 0xA7, 0xFF, 0xFF, 0xCE, 0x75, 0xF7, 0xBF, 0xBD, 0xF1, 0x7B, 0xE1, 0xAD, 0x6D, 0x42, 0x11, 0x7B, 0xE1, 0x94, 0xA7, 0xB5, 0xAF, 0xC6, 0x33, 0x9C, 0xE9,
    0x9C, 0xE9, 0x6B, 0x5D, 0x9C, 0xE9, 0xF7, 0xBF, 0xDE, 0xFB, 0x63, 0x1B, 0x52, 0x95, 0xAD, 0x6D, 0xBD, 0xF3, 0x84, 0x23, 0xE7, 0x3B, 0xD6, 0xB9, 0xC6, 0x35, 0x6B, 0x5D, 0x6B, 0x5B, 0x42, 0x13,
    0x73, 0x9F, 0xA5, 0x2B, 0xEF, 0x7D, 0x52, 0x95, 0x94, 0xA7, 0xBD, 0xF3, 0x6B, 0x5B, 0xCE, 0x75, 0xA5, 0x2B, 0x73, 0x9D, 0xC6, 0x33, 0x42, 0x11, 0xD6, 0xB9, 0xDE, 0xF9, 0x52, 0x97, 0x94, 0xA7,
    0x63, 0x1B, 0xFF, 0xFF, 0xAD, 0x6D, 0x4A, 0x53, 0x73, 0x9F, 0xEF, 0x7D, 0x9C, 0xE9, 0xE7, 0x3B, 0xC6, 0x35, 0xFF, 0xFF, 0xBD, 0xF1, 0xFF, 0xFF, 0xF7, 0xBF, 0xBD, 0xF1, 0xD6, 0xB7, 0xA5, 0x2B,
    0xAD, 0x6D, 0x73, 0x9D, 0xB5, 0xAF, 0x94, 0xA7, 0x63, 0x19, 0x31, 0x8F, 0x31, 0x8D, 0x84, 0x23, 0x9C, 0xE9, 0x6B, 0x5D, 0x84, 0x21, 0x39, 0xCF, 0x10, 0x85, 0x39, 0xCF, 0x39, 0xCF, 0x42, 0x11,
    0x6B, 0x5D, 0x18, 0xC9, 0x31, 0x8D, 0x8C, 0x65, 0x94, 0xA5, 0x10, 0x85, 0x52, 0x97, 0x6B, 0x5D, 0x52, 0x97, 0x29, 0x4B, 0x52, 0x97, 0xB5, 0xB1, 0x73, 0x9F, 0x8C, 0x65, 0xAD, 0x6D, 0x9C, 0xE9,
    0x4A, 0x55, 0x00, 0x01, 0x4A, 0x53, 0x9C, 0xE9, 0xAD, 0x6D, 0xC6, 0x33, 0x52, 0x97, 0x9C, 0xE7, 0x73, 0x9D, 0x7B, 0xE1, 0x29, 0x4D, 0x29, 0x4D, 0x5A, 0xD7, 0x08, 0x43, 0x42, 0x13, 0x8C, 0x65,
    0x52, 0x97, 0x21, 0x09, 0x63, 0x19, 0x18, 0xC7, 0x7B, 0xE1, 0x08, 0x43, 0x52, 0x95, 0x73, 0x9F, 0x08, 0x43, 0x84, 0x23, 0x18, 0xC9, 0x5A, 0xD9, 0x08, 0x43, 0x4A, 0x55, 0x29, 0x4D, 0x42, 0x13,
    0x9C, 0xE9, 0x4A, 0x55, 0x9C, 0xE9, 0xAD, 0x6D, 0x31, 0x8F, 0x10, 0x85, 0x00, 0x03, 0x6B, 0x5D, 0xCE, 0x75, 0x4A, 0x53, 0x84, 0x23, 0x9C, 0xE9, 0x84, 0x23, 0x9C, 0xE9, 0xC6, 0x33, 0x29, 0x4B,
    0x08, 0x43, 0x21, 0x09, 0x18, 0xC7, 0x8C, 0x63, 0x73, 0x9F, 0x29, 0x4D, 0x8C, 0x65, 0x9C, 0xE9, 0x21, 0x09, 0x7B, 0xE1, 0x9C, 0xE7, 0x18, 0xC7, 0xA5, 0x2B, 0xC6, 0x33, 0x18, 0xC7, 0x08, 0x43,
    0x42, 0x11, 0x8C, 0x65, 0xC6, 0x33, 0x52, 0x95, 0x94, 0xA7, 0x10, 0x85, 0x8C, 0x65, 0x84, 0x21, 0x18, 0xC7, 0x9C, 0xE9, 0xAD, 0x6D, 0x7B, 0xE1, 0x18, 0xC7, 0xC6, 0x35, 0x9C, 0xE9, 0x4A, 0x53,
    0x5A, 0xD7, 0x4A, 0x55, 0x6B, 0x5B, 0x42, 0x13, 0xAD, 0x6D, 0xA5, 0x2B, 0x18, 0xC7, 0xC6, 0x33, 0x84, 0x23, 0xAD, 0x6D, 0x94, 0xA5, 0x5A, 0xD7, 0x94, 0xA7, 0xC6, 0x33, 0x39, 0xCF, 0xA5, 0x2B,
    0x6B, 0x5D, 0x63, 0x1B, 0x5A, 0xD7, 0x94, 0xA7, 0x39, 0xCF, 0xAD, 0x6D, 0xAD, 0x6D, 0x10, 0x85, 0xB5, 0xAF, 0x31, 0x8D, 0x63, 0x19, 0x7B, 0xE1, 0x4A, 0x55, 0x08, 0x43, 0xAD, 0x6D, 0x29, 0x4B,
    0x29, 0x4D, 0xA5, 0x2B, 0x42, 0x13, 0xB5, 0xAF, 0x8C, 0x65, 0x39, 0xCF, 0x00, 0x01, 0xC6, 0x33, 0x10, 0x85, 0x94, 0xA7, 0x63, 0x1B, 0x9C, 0xE9, 0x8C, 0x65, 0x84, 0x23, 0x63, 0x1B, 0xA5, 0x2B,
    0x10, 0x85, 0x29, 0x4D, 0x8C, 0x65, 0x42, 0x11, 0x73, 0x9F, 0x63, 0x19, 0x6B, 0x5D, 0x5A, 0xD7, 0x94, 0xA7, 0x42, 0x13, 0x8C, 0x65, 0x39, 0xCF, 0x31, 0x8F, 0x18, 0xC7, 0x29, 0x4B, 0x18, 0xC7,
    0x6B, 0x5D, 0x9C, 0xE9, 0x29, 0x4B, 0x29, 0x4D, 0x63, 0x1B, 0x94, 0xA7, 0xC6, 0x33, 0x6B, 0x5D, 0x39, 0xCF, 0x10, 0x87, 0x29, 0x4B, 0x31, 0x8D, 0x21, 0x0B, 0x00, 0x01, 0x6B, 0x5D, 0x39, 0xCF,
    0xFF, 0xFF, 0xAD, 0x6F, 0xCE, 0x75, 0x5A, 0xD7, 0xEF, 0x7F, 0xA5, 0x2B, 0xEF, 0x7F, 0xB5, 0xAF, 0x9C, 0xE9, 0x9C, 0xE9, 0x63, 0x1B, 0x4A, 0x53, 0xFF, 0xFF, 0xA5, 0x2B, 0xE7, 0x3D, 0x94, 0xA7,
    0x52, 0x95, 0xBD, 0xF3, 0x4A, 0x55, 0x5A, 0xD9, 0xB5, 0xAF, 0x7B, 0xE1, 0xFF, 0xFF, 0x5A, 0xD7, 0xDE, 0xF9, 0xBD, 0xF1, 0xDE, 0xFB, 0x6B, 0x5D, 0xAD, 0x6D, 0x9C, 0xE9, 0x9C, 0xE9, 0xEF, 0x7F,
    0xFF, 0xFF, 0x7B, 0xE1, 0xBD, 0xF1, 0xBD, 0xF1, 0xD6, 0xB7, 0xFF, 0xFF, 0x6B, 0x5D, 0x6B, 0x5D, 0xC6, 0x33, 0x63, 0x19, 0x63, 0x1B, 0x52, 0x95, 0x42, 0x11, 0x9C, 0xE9, 0xB5, 0xB1, 0x7B, 0xE1,
    0x6B, 0x5D, 0xCE, 0x77, 0xCE, 0x75, 0x9C, 0xE9, 0xCE, 0x75, 0xFF, 0xFF, 0xDE, 0xFB, 0xBD, 0xF1, 0xC6, 0x33, 0xFF, 0xFF, 0x94, 0xA7, 0xAD, 0x6D, 0xC6, 0x33, 0xF7, 0xBF, 0xE7, 0x3D, 0x52, 0x95,
    0x21, 0x09, 0x42, 0x11, 0x9C, 0xE9, 0x73, 0x9F, 0x39, 0xD1, 0x18, 0xC7, 0x8C, 0x65, 0x8C, 0x65, 0xBD, 0xF3, 0x63, 0x1B, 0x63, 0x1B, 0x10, 0x85, 0x08, 0x43, 0x5A, 0xD7, 0x42, 0x11, 0x31, 0x8F,
    0x10, 0x85, 0xC6, 0x33, 0xAD, 0x6D, 0x73, 0x9F, 0xC6, 0x33, 0xCE, 0x75, 0x8C, 0x65, 0x39, 0xCF, 0x08, 0x43, 0x9C, 0xE9, 0x63, 0x19, 0x84, 0x23, 0xBD, 0xF1, 0x29, 0x4B, 0x7B, 0xDF, 0x84, 0x23,
    0x63, 0x1B, 0x10, 0x85, 0x4A, 0x53, 0x42, 0x13, 0x8C, 0x63, 0xAD, 0x6D, 0x42, 0x13, 0x8C, 0x65, 0x39, 0xD1, 0xBD, 0xF3, 0xA5, 0x2B, 0x73, 0x9D, 0x5A, 0xD9, 0x42, 0x11, 0x42, 0x11, 0xC6, 0x33,
    0x52, 0x97, 0x6B, 0x5B, 0xCE, 0x75, 0x84, 0x23, 0x6B, 0x5D, 0x52, 0x97, 0x29, 0x4B, 0x4A, 0x53, 0x9C, 0xE9, 0x84, 0x21, 0x9C, 0xE9, 0x29, 0x4B, 0x73, 0x9D, 0xBD, 0xF1, 0x5A, 0xD7, 0x8C, 0x65,
    0x18, 0xC7, 0xC6, 0x33, 0x7B, 0xE1, 0x31, 0x8D, 0x21, 0x09, 0x73, 0x9D, 0x73, 0x9D, 0x10, 0x85, 0xCE, 0x75, 0xBD, 0xF1, 0x5A, 0xD9, 0x18, 0xC7, 0xAD, 0x6D, 0x63, 0x1B, 0x94, 0xA7, 0x6B, 0x5B,
    0x39, 0xCF, 0xAD, 0x6D, 0xC6, 0x35, 0x31, 0x8D, 0x73, 0x9D, 0x52, 0x95, 0xBD, 0xF1, 0x6B, 0x5B, 0xB5, 0xAF, 0xAD, 0x6D, 0x39, 0xCF, 0xA5, 0x2B, 0x52, 0x97, 0xBD, 0xF1, 0x6B, 0x5B, 0xA5, 0x2B,
    0x39, 0xCF, 0x39, 0xD1, 0x7B, 0xDF, 0xCE, 0x75, 0x63, 0x1B, 0x21, 0x09, 0x6B, 0x5D, 0x4A, 0x53, 0x73, 0x9D, 0x6B, 0x5D, 0x5A, 0xD9, 0x42, 0x11, 0x29, 0x4B, 0x8C, 0x65, 0x73, 0x9F, 0x31, 0x8D,
    0x9C, 0xE9, 0x08, 0x43, 0x94, 0xA7, 0x8C, 0x65, 0xA5, 0x2B, 0x52, 0x95, 0x84, 0x23, 0xA5, 0x2B, 0xC6, 0x35, 0x63, 0x1B, 0x08, 0x43, 0x63, 0x1B, 0x7B, 0xDF, 0xB5, 0xAF, 0xB5, 0xAF, 0x5A, 0xD7,
    0x6B, 0x5D, 0x5A, 0xD9, 0x94, 0xA7, 0x52, 0x97, 0x84, 0x23, 0x21, 0x09, 0x63, 0x19, 0xC6, 0x33, 0x42, 0x13, 0x8C, 0x65, 0x84, 0x23, 0xAD, 0x6D, 0xAD, 0x6D, 0xAD, 0x6D, 0x4A, 0x55, 0x42, 0x11,
    0x94, 0xA7, 0x9C, 0xE9, 0xB5, 0xAF, 0x08, 0x43, 0x10, 0x85, 0x84, 0x21, 0xBD, 0xF1, 0xCE, 0x75, 0x9C, 0xE7, 0x5A, 0xD7, 0x10, 0x87, 0x84, 0x23, 0xB5, 0xAF, 0x5A, 0xD9, 0x8C, 0x65, 0xB5, 0xB1,
    0x08, 0x43, 0xA5, 0x2B, 0x39, 0xD1, 0x4A, 0x55, 0x21, 0x09, 0x6B, 0x5D, 0x73, 0x9F, 0xA5, 0x2B, 0x21, 0x09, 0x10, 0x85, 0xB5, 0xAF, 0x7B, 0xE1, 0x31, 0x8D, 0xBD, 0xF1, 0x21, 0x09, 0x5A, 0xD9,
    0x31, 0x8F, 0x31, 0x8F, 0x00, 0x01, 0xA5, 0x2B, 0xB5, 0xAF, 0x8C, 0x65, 0x21, 0x09, 0x5A, 0xD9, 0x4A, 0x53, 0x7B, 0xDF, 0x84, 0x23, 0x5A, 0xD7, 0x31, 0x8F, 0xAD, 0x6D, 0x29, 0x4B, 0x52, 0x95,
    0xA5, 0x2B, 0x73, 0x9D, 0xB5, 0xAF, 0xB5, 0xAF, 0xFF, 0xFF, 0x7B, 0xE1, 0xFF, 0xFF, 0xC6, 0x33, 0x7B, 0xDF, 0xB5, 0xAF, 0xCE, 0x75, 0xD6, 0xB9, 0x4A, 0x53, 0xBD, 0xF1, 0xA5, 0x2B, 0xF7, 0xBF,
    0x7B, 0xE1, 0xE7, 0x3B, 0xBD, 0xF1, 0x84, 0x23, 0xC6, 0x33, 0xBD, 0xF1, 0xCE, 0x75, 0xD6, 0xB7, 0xC6, 0x33, 0xEF, 0x7D, 0xBD, 0xF1, 0xF7, 0xBF, 0xC6, 0x33, 0x7B, 0xE1, 0x9C, 0xE9, 0xB5, 0xAF,
    0xD6, 0xB7, 0x52, 0x95, 0x7B, 0xE1, 0xD6, 0xB9, 0x63, 0x1B, 0x5A, 0xD9, 0xAD, 0x6D, 0xFF, 0xFF, 0xAD, 0x6D, 0xF7, 0xBF, 0xE7, 0x3D, 0x73, 0x9F, 0xE7, 0x3D, 0xA5, 0x2B, 0xE7, 0x3B, 0xD6, 0xB9,
    0x84, 0x23, 0x5A, 0xD7, 0xFF, 0xFF, 0x5A, 0xD9, 0xFF, 0xFF, 0xEF, 0x7F, 0xD6, 0xB7, 0xFF, 0xFF, 0xFF, 0xFF, 0xE7, 0x3B, 0x8C, 0x65, 0xDE, 0xFB, 0x42, 0x11, 0xAD, 0x6D, 0x9C, 0xE9, 0xC6, 0x35,
    0x8C, 0x65, 0x73, 0x9F, 0xA5, 0x2B, 0xBD, 0xF1, 0x18, 0xC7, 0x31, 0x8D, 0x08, 0x43, 0xB5, 0xAF, 0x73, 0x9F, 0xBD, 0xF1, 0x29, 0x4D, 0x10, 0x85, 0xA5, 0x2B, 0xBD, 0xF1, 0x39, 0xD1, 0x52, 0x97,
    0x18, 0xC9, 0xBD, 0xF3, 0x42, 0x11, 0x63, 0x1B, 0x10, 0x87, 0xB5, 0xAF, 0x18, 0xC9, 0x5A, 0xD9, 0x8C, 0x63, 0x94, 0xA7, 0xBD, 0xF3, 0x52, 0x97, 0x94, 0xA7, 0x21, 0x09, 0x52, 0x97, 0x10, 0x87,
    0x63, 0x1B, 0x52, 0x97, 0xC6, 0x33, 0x08, 0x43, 0x4A, 0x55, 0x5A, 0xD9, 0xC6, 0x33, 0xAD, 0x6D, 0x10, 0x87, 0x8C, 0x65, 0x73, 0x9D, 0xC6, 0x33, 0x4A, 0x53, 0x52, 0x95, 0x29, 0x4B, 0x18, 0xC7,
    0xAD, 0x6D, 0x5A, 0xD9, 0x84, 0x23, 0x84, 0x23, 0x7B, 0xE1, 0x08, 0x43, 0xA5, 0x29, 0x31, 0x8D, 0x18, 0xC7, 0x73, 0x9F, 0x10, 0x85, 0x9C, 0xE9, 0x29, 0x4B, 0x29, 0x4D, 0xB5, 0xAF, 0x42, 0x13,
};
alignas(8) inline constexpr uint8_t kTex6[2048] = {   // screen_3 32x32
    0x08, 0x43, 0x8C, 0x65, 0x21, 0x09, 0x5A, 0xD9, 0x8C, 0x63, 0xA5, 0x2B, 0x5A, 0xD9, 0x63, 0x1B, 0x00, 0x01, 0x5A, 0xD7, 0x4A, 0x55, 0xAD, 0x6D, 0x73, 0x9D, 0x9C, 0xE9, 0x5A, 0xD7, 0x21, 0x0B,
    0xAD, 0x6D, 0xA5, 0x2B, 0x4A, 0x55, 0x10, 0x85, 0x6B, 0x5B, 0x63, 0x1B, 0x9C, 0xE9, 0x7B, 0xE1, 0x6B, 0x5B, 0x73, 0x9F, 0x4A, 0x55, 0x08, 0x43, 0x10, 0x85, 0xBD, 0xF3, 0xAD, 0x6D, 0x39, 0xD1,
    0xB5, 0xAF, 0x6B, 0x5D, 0x18, 0xC7, 0xAD, 0x6D, 0x73, 0x9F, 0xBD, 0xF1, 0x8C, 0x65, 0x10, 0x85, 0x7B, 0xE1, 0xA5, 0x29, 0xB5, 0xAF, 0x42, 0x13, 0x6B, 0x5D, 0x8C, 0x65, 0x21, 0x09, 0xAD, 0x6D,
    0x9C, 0xE9, 0x08, 0x43, 0x7B, 0xDF, 0x4A, 0x55, 0x29, 0x4B, 0x7B, 0xE1, 0xC6, 0x33, 0x73, 0x9D, 0x18, 0xC7, 0x63, 0x1B, 0x9C, 0xE9, 0xC6, 0x33, 0x94, 0xA7, 0x08, 0x43, 0xC6, 0x33, 0x7B, 0xE1,
    0x52, 0x95, 0x5A, 0xD7, 0x52, 0x95, 0xC6, 0x33, 0x63, 0x19, 0xE7, 0x3B, 0x52, 0x97, 0xAD, 0x6D, 0x9C, 0xE9, 0x4A, 0x53, 0x42, 0x11, 0xF7, 0xBF, 0xFF, 0xFF, 0x5A, 0xD7, 0xD6, 0xB7, 0xFF, 0xFF,
    0xF7, 0xBF, 0xF7, 0xBF, 0x84, 0x23, 0xD6, 0xB7, 0xA5, 0x2B, 0xFF, 0xFF, 0xCE, 0x75, 0xEF, 0x7D, 0xEF, 0x7D, 0x8C, 0x65, 0xCE, 0x77, 0x52, 0x97, 0x6B, 0x5D, 0xFF, 0xFF, 0x94, 0xA7, 0xCE, 0x75,
    0xB5, 0xAF, 0x73, 0x9F, 0xB5, 0xAF, 0xF7, 0xBF, 0x84, 0x23, 0x84, 0x23, 0x63, 0x1B, 0x63, 0x1B, 0xE7, 0x3D, 0xCE, 0x77, 0xFF, 0xFF, 0xC6, 0x35, 0xFF, 0xFF, 0x6B, 0x5D, 0x63, 0x1B, 0x6B, 0x5D,
    0x8C, 0x65, 0xFF, 0xFF, 0x6B, 0x5D, 0x9C, 0xE9, 0x4A, 0x55, 0x42, 0x13, 0xAD, 0x6D, 0xBD, 0xF1, 0xA5, 0x2B, 0xF7, 0xBF, 0xEF, 0x7F, 0xFF, 0xFF, 0xB5, 0xAF, 0x73, 0x9F, 0x5A, 0xD9, 0xDE, 0xF9,
    0x21, 0x09, 0x00, 0x01, 0x8C, 0x65, 0x18, 0xC7, 0x7B, 0xE1, 0x29, 0x4B, 0x5A, 0xD7, 0x00, 0x01, 0x4A, 0x55, 0x42, 0x13, 0x31, 0x8F, 0x18, 0xC7, 0x73, 0x9F, 0x8C, 0x65, 0x29, 0x4B, 0x08, 0x43,
    0x39, 0xCF, 0x8C, 0x65, 0x39, 0xCF, 0x84, 0x23, 0x10, 0x85, 0x8C, 0x65, 0x21, 0x09, 0x31, 0x8D, 0x94, 0xA7, 0x63, 0x19, 0x84, 0x23, 0x39, 0xCF, 0x8C, 0x63, 0x39, 0xD1, 0x63, 0x1B, 0x5A, 0xD9,
    0xBD, 0xF1, 0x9C, 0xE9, 0x73, 0x9D, 0xAD, 0x6D, 0x7B, 0xE1, 0x94, 0xA7, 0x6B, 0x5B, 0x73, 0x9F, 0x29, 0x4D, 0xBD, 0xF1, 0x84, 0x23, 0xA5, 0x2B, 0x7B, 0xE1, 0x08, 0x43, 0x18, 0xC7, 0xB5, 0xAF,
    0x8C, 0x65, 0xB5, 0xB1, 0xB5, 0xAF, 0x31, 0x8D, 0xC6, 0x35, 0x7B, 0xE1, 0x94, 0xA7, 0x6B, 0x5B, 0x31, 0x8F, 0x63, 0x1B, 0x5A, 0xD9, 0x39, 0xD1, 0x42, 0x13, 0x5A, 0xD9, 0x39, 0xCF, 0x18, 0xC9,
    0xA5, 0x2B, 0x4A, 0x53, 0x4A, 0x55, 0x9C, 0xE9, 0x8C, 0x65, 0x5A, 0xD9, 0x42, 0x11, 0xA5, 0x2B, 0x31, 0x8D, 0x5A, 0xD9, 0x4A, 0x55, 0xCE, 0x75, 0x31, 0x8D, 0x7B, 0xDF, 0x6B, 0x5D, 0x08, 0x43,
    0x29, 0x4B, 0xB5, 0xAF, 0xA5, 0x2B, 0x29, 0x4D, 0x21, 0x0B, 0xBD, 0xF1, 0x7B, 0xDF, 0x94, 0xA7, 0xB5, 0xB1, 0x31, 0x8F, 0x63, 0x1B, 0xBD, 0xF1, 0x29, 0x4B, 0x31, 0x8F, 0xB5, 0xAF, 0xAD, 0x6D,
    0x6B, 0x5B, 0x18, 0xC7, 0xAD, 0x6D, 0x42, 0x11, 0x9C, 0xE9, 0x31, 0x8F, 0x21, 0x09, 0x8C, 0x65, 0x52, 0x95, 0x4A, 0x55, 0x5A, 0xD7, 0x5A, 0xD9, 0x63, 0x19, 0x84, 0x23, 0x18, 0xC7, 0x8C, 0x65,
    0x63, 0x1B, 0xA5, 0x2B, 0x39, 0xCF, 0x8C, 0x63, 0x29, 0x4B, 0x8C, 0x65, 0x8C, 0x65, 0x6B, 0x5D, 0x63, 0x19, 0xC6, 0x33, 0x4A, 0x53, 0x10, 0x85, 0x42, 0x13, 0x08, 0x43, 0xB5, 0xAF, 0xAD, 0x6D,
    0x29, 0x4B, 0x84, 0x21, 0x29, 0x4B, 0xAD, 0x6D, 0x52, 0x97, 0x08, 0x45, 0x84, 0x23, 0x10, 0x85, 0xB5, 0xAF, 0xBD, 0xF1, 0x7B, 0xE1, 0x31, 0x8D, 0x9C, 0xE9, 0x08, 0x43, 0x18, 0xC7, 0x42, 0x11,
    0x10, 0x85, 0xB5, 0xAF, 0x8C, 0x63, 0xA5, 0x2B, 0x84, 0x23, 0x31, 0x8D, 0x39, 0xCF, 0x7B, 0xE1, 0xA5, 0x2B, 0x84, 0x21, 0x42, 0x11, 0xA5, 0x2B, 0x52, 0x97, 0x84, 0x21, 0xAD, 0x6D, 0x84, 0x23,
    0x5A, 0xD9, 0x7B, 0xDF, 0x29, 0x4B, 0x5A, 0xD7, 0xAD, 0x6D, 0x63, 0x1B, 0x00, 0x01, 0xA5, 0x2B, 0x21, 0x09, 0x08, 0x43, 0x73, 0x9F, 0x9C, 0xE9, 0x18, 0xC7, 0x5A, 0xD9, 0x5A, 0xD9, 0x18, 0xC7,
    0x84, 0x21, 0x31, 0x8F, 0x8C, 0x65, 0x63, 0x1B, 0x6B, 0x5D, 0x31, 0x8D, 0x9C, 0xE9, 0x00, 0x01, 0x42, 0x11, 0x18, 0xC7, 0x10, 0x85, 0x00, 0x01, 0x6B, 0x5D, 0x10, 0x85, 0x18, 0xC7, 0x5A, 0xD7,
    0xCE, 0x75, 0x6B, 0x5B, 0xC6, 0x33, 0xB5, 0xAF, 0xFF, 0xFF, 0xE7, 0x3B, 0xFF, 0xFF, 0x8C, 0x63, 0xF7, 0xBF, 0x84, 0x21, 0x7B, 0xE1, 0x94, 0xA7, 0x42, 0x13, 0xD6, 0xB7, 0x52, 0x95, 0xBD, 0xF1,
    0x4A, 0x55, 0x94, 0xA7, 0x73, 0x9F, 0xFF, 0xFF, 0x7B, 0xE1, 0x8C, 0x63, 0x7B, 0xE1, 0x5A, 0xD7, 0xC6, 0x33, 0x7B, 0xE1, 0x73, 0x9F, 0x84, 0x21, 0x8C, 0x63, 0xDE, 0xFB, 0x6B, 0x5D, 0x5A, 0xD7,
    0x84, 0x23, 0xB5, 0xAF, 0x7B, 0xDF, 0x52, 0x97, 0x8C, 0x63, 0xFF, 0xFF, 0xF7, 0xBF, 0x9C, 0xE9, 0x94, 0xA7, 0x63, 0x1B, 0xC6, 0x35, 0xD6, 0xB7, 0x73, 0x9F, 0xBD, 0xF1, 0x52, 0x97, 0x84, 0x21,
    0x7B, 0xE1, 0xE7, 0x3B, 0xBD, 0xF1, 0xA5, 0x2B, 0x9C, 0xE9, 0xAD, 0x6F, 0xA5, 0x2B, 0x73, 0x9F, 0xE7, 0x3D, 0xE7, 0x3B, 0x8C, 0x65, 0x94, 0xA7, 0xFF, 0xFF, 0x42, 0x13, 0xDE, 0xF9, 0x63, 0x1B,
    0x29, 0x4B, 0x4A, 0x53, 0x7B, 0xE1, 0x42, 0x11, 0x6B, 0x5B, 0x6B, 0x5B, 0xBD, 0xF1, 0x73, 0x9F, 0x39, 0xCF, 0x84, 0x21, 0x73, 0x9D, 0x42, 0x11, 0x94, 0xA7, 0x00, 0x01, 0xC6, 0x35, 0xB5, 0xAF,
    0x10, 0x85, 0x94, 0xA7, 0x18, 0xC7, 0xCE, 0x75, 0x5A, 0xD9, 0x94, 0xA7, 0x31, 0x8F, 0x84, 0x23, 0x08, 0x43, 0xA5, 0x2B, 0x39, 0xCF, 0x21, 0x09, 0x5A, 0xD7, 0x63, 0x1B, 0x08, 0x43, 0x21, 0x09,
    0x4A, 0x55, 0x6B, 0x5D, 0x8C, 0x65, 0x18, 0xC9, 0xA5, 0x2B, 0x4A, 0x53, 0xCE, 0x75, 0x4A, 0x55, 0x5A, 0xD9, 0x4A, 0x53, 0x10, 0x85, 0xBD, 0xF1, 0x7B, 0xDF, 0x9C, 0xE9, 0x21, 0x09, 0x63, 0x1B,
    0x39, 0xCF, 0x39, 0xCF, 0x52, 0x95, 0x84, 0x21, 0x5A, 0xD9, 0x8C, 0x65, 0xCE, 0x75, 0x7B, 0xDF, 0xA5, 0x2B, 0xC6, 0x33, 0xC6, 0x33, 0x4A, 0x53, 0xAD, 0x6D, 0x8C, 0x65, 0x00, 0x03, 0xA5, 0x2B,
    0xB5, 0xAF, 0xB5, 0xAF, 0x42, 0x13, 0x94, 0xA7, 0xAD, 0x6D, 0x5A, 0xD9, 0x84, 0x23, 0x4A, 0x55, 0xBD, 0xF1, 0x6B, 0x5D, 0x31, 0x8D, 0x5A, 0xD7, 0x7B, 0xDF, 0x4A, 0x55, 0x42, 0x13, 0x84, 0x21,
    0x42, 0x11, 0x63, 0x1B, 0x10, 0x85, 0x42, 0x11, 0x18, 0xC7, 0x63, 0x1B, 0x42, 0x13, 0x4A, 0x55, 0x08, 0x43, 0xCE, 0x75, 0x29, 0x4B, 0x00, 0x01, 0x73, 0x9F, 0x08, 0x43, 0x73, 0x9F, 0xBD, 0xF1,
    0x08, 0x45, 0x63, 0x19, 0xAD, 0x6D, 0x31, 0x8D, 0x18, 0xC7, 0x08, 0x45, 0x8C, 0x65, 0x9C, 0xE9, 0x5A, 0xD7, 0x4A, 0x53, 0xC6, 0x35, 0x31, 0x8D, 0xA5, 0x2B, 0xA5, 0x2B, 0x5A, 0xD9, 0x9C, 0xE9,
    0x42, 0x13, 0xB5, 0xAF, 0x94, 0xA7, 0x7B, 0xE1, 0xAD, 0x6D, 0x8C, 0x65, 0xAD, 0x6F, 0x4A, 0x53, 0x4A, 0x55, 0xBD, 0xF3, 0x5A, 0xD7, 0x42, 0x11, 0xA5, 0x2B, 0x4A, 0x53, 0x52, 0x97, 0x73, 0x9F,
    0x10, 0x85, 0xAD, 0x6D, 0x7B, 0xE1, 0x08, 0x43, 0x10, 0x85, 0x39, 0xD1, 0x5A, 0xD7, 0xA5, 0x2B, 0xA5, 0x2B, 0x94, 0xA7, 0x94, 0xA7, 0x6B, 0x5B, 0x10, 0x85, 0x4A, 0x53, 0x94, 0xA7, 0x08, 0x43,
    0x31, 0x8D, 0x00, 0x01, 0x42, 0x11, 0x42, 0x11, 0x63, 0x19, 0x21, 0x0B, 0x73, 0x9D, 0x18, 0xC7, 0xA5, 0x2B, 0xAD, 0x6D, 0x52, 0x97, 0xB5, 0xAF, 0x84, 0x23, 0x73, 0x9F, 0x84, 0x23, 0x5A, 0xD9,
    0x18, 0xC9, 0xB5, 0xAF, 0x31, 0x8D, 0xB5, 0xAF, 0x4A, 0x55, 0x73, 0x9D, 0x7B, 0xE1, 0x4A, 0x53, 0xCE, 0x75, 0xAD, 0x6D, 0x52, 0x95, 0x42, 0x13, 0xB5, 0xAF, 0xBD, 0xF1, 0x4A, 0x53, 0x18, 0xC7,
    0x6B, 0x5D, 0x5A, 0xD9, 0x5A, 0xD9, 0x7B, 0xE1, 0x00, 0x01, 0x73, 0x9F, 0x8C, 0x65, 0x73, 0x9D, 0x00, 0x01, 0x73, 0x9F, 0xBD, 0xF1, 0x8C, 0x65, 0x6B, 0x5B, 0x4A, 0x55, 0x29, 0x4D, 0x5A, 0xD9,
    0xFF, 0xFF, 0x5A, 0xD9, 0xBD, 0xF1, 0xAD, 0x6D, 0x52, 0x97, 0x73, 0x9D, 0x73, 0x9F, 0x52, 0x95, 0x52, 0x97, 0xE7, 0x3D, 0x7B, 0xE1, 0xC6, 0x35, 0xA5, 0x2B, 0xAD, 0x6D, 0x9C, 0xE9, 0x4A, 0x53,
    0x52, 0x95, 0x5A, 0xD7, 0xE7, 0x3B, 0xCE, 0x75, 0xFF, 0xFF, 0xCE, 0x75, 0x6B, 0x5D, 0xB5, 0xAF, 0xC6, 0x33, 0x7B, 0xDF, 0x94, 0xA7, 0xDE, 0xFB, 0x6B, 0x5D, 0x4A, 0x53, 0xF7, 0xBF, 0x84, 0x23,
    0xBD, 0xF1, 0xFF, 0xFF, 0x6B, 0x5B, 0x73, 0x9F, 0x84, 0x23, 0x7B, 0xDF, 0xA5, 0x2B, 0x42, 0x13, 0xE7, 0x3B, 0xFF, 0xFF, 0x6B, 0x5D, 0x94, 0xA5, 0x8C, 0x65, 0xCE, 0x75, 0x94, 0xA7, 0xEF, 0x7F,
    0xFF, 0xFF, 0x73, 0x9F, 0x5A, 0xD7, 0xBD, 0xF1, 0x4A, 0x55, 0x94, 0xA7, 0x6B, 0x5B, 0xE7, 0x3D, 0x94, 0xA7, 0xE7, 0x3D, 0xB5, 0xB1, 0xD6, 0xB9, 0xC6, 0x33, 0xDE, 0xFB, 0xD6, 0xB7, 0xE7, 0x3B,
    0x52, 0x95, 0x21, 0x0B, 0x31, 0x8D, 0xA5, 0x2B, 0x18, 0xC7, 0x9C, 0xE9, 0x08, 0x43, 0x00, 0x01, 0x94, 0xA7, 0x94, 0xA7, 0x9C, 0xE9, 0x4A, 0x55, 0x8C, 0x65, 0x94, 0xA7, 0x31, 0x8D, 0x18, 0xC7,
    0x10, 0x85, 0x42, 0x11, 0x9C, 0xE9, 0x31, 0x8D, 0xAD, 0x6D, 0x84, 0x23, 0xC6, 0x33, 0x39, 0xCF, 0xC6, 0x33, 0x9C, 0xE9, 0x08, 0x43, 0x39, 0xCF, 0x18, 0xC7, 0x42, 0x13, 0x73, 0x9F, 0xC6, 0x33,
    0xAD, 0x6D, 0x42, 0x11, 0x73, 0x9F, 0x63, 0x1B, 0x00, 0x01, 0x39, 0xCF, 0x63, 0x1B, 0x6B, 0x5B, 0x94, 0xA7, 0x42, 0x11, 0xC6, 0x35, 0xBD, 0xF1, 0x39, 0xD1, 0x18, 0xC7, 0x31, 0x8D, 0x4A, 0x53,
    0x63, 0x1B, 0x5A, 0xD7, 0x7B, 0xE1, 0x94, 0xA7, 0x00, 0x01, 0x18, 0xC7, 0x5A, 0xD7, 0x63, 0x1B, 0x94, 0xA7, 0x9C, 0xE9, 0x52, 0x95, 0x84, 0x23, 0x39, 0xD1, 0x6B, 0x5B, 0xAD, 0x6D, 0x94, 0xA7,
    0x00, 0x03, 0x94, 0xA7, 0x73, 0x9F, 0xB5, 0xAF, 0x08, 0x43, 0x00, 0x01, 0x39, 0xD1, 0xC6, 0x33, 0x4A, 0x53, 0x73, 0x9D, 0x29, 0x4D, 0x6B, 0x5B, 0x9C, 0xE9, 0x42, 0x11, 0x10, 0x85, 0x7B, 0xDF,
    0x10, 0x85, 0x08, 0x43, 0x21, 0x09, 0x4A, 0x53, 0x21, 0x09, 0xC6, 0x33, 0x8C, 0x65, 0x9C, 0xE9, 0x8C, 0x65, 0x42, 0x11, 0x08, 0x43, 0x00, 0x01, 0x21, 0x09, 0x4A, 0x55, 0x6B, 0x5D, 0x9C, 0xE9,
    0xBD, 0xF1, 0xAD, 0x6D, 0x7B, 0xE1, 0x94, 0xA7, 0xC6, 0x33, 0xBD, 0xF1, 0x84, 0x21, 0x8C, 0x65, 0xAD, 0x6D, 0xAD, 0x6F, 0x6B, 0x5D, 0x73, 0x9F, 0xC6, 0x33, 0x39, 0xD1, 0x42, 0x13, 0xCE, 0x75,
    0x6B, 0x5B, 0x7B, 0xE1, 0x4A, 0x55, 0x00, 0x01, 0x73, 0x9F, 0xA5, 0x2B, 0x5A, 0xD7, 0x18, 0xC7, 0x10, 0x85, 0x08, 0x43, 0xAD, 0x6D, 0x7B, 0xE1, 0xA5, 0x2B, 0xA5, 0x2B, 0x08, 0x43, 0x73, 0x9D,
    0x21, 0x09, 0x39, 0xD1, 0x29, 0x4B, 0x6B, 0x5B, 0x42, 0x11, 0x10, 0x85, 0xA5, 0x2B, 0xAD, 0x6D, 0x73, 0x9D, 0xB5, 0xAF, 0x6B, 0x5D, 0x21, 0x09, 0xA5, 0x2B, 0x73, 0x9D, 0x4A, 0x55, 0x10, 0x85,
    0xAD, 0x6D, 0x39, 0xCF, 0xC6, 0x33, 0x31, 0x8D, 0x39, 0xCF, 0x84, 0x21, 0x8C, 0x65, 0xBD, 0xF1, 0x39, 0xD1, 0x18, 0xC7, 0xA5, 0x2B, 0x4A, 0x53, 0x18, 0xC7, 0x39, 0xD1, 0x4A, 0x53, 0x08, 0x43,
    0xCE, 0x75, 0xAD, 0x6D, 0x73, 0x9F, 0x5A, 0xD9, 0x08, 0x43, 0x6B, 0x5D, 0x42, 0x13, 0xA5, 0x2B, 0x21, 0x09, 0x39, 0xCF, 0x9C, 0xE9, 0xCE, 0x75, 0x6B, 0x5D, 0x42, 0x13, 0x8C, 0x65, 0xC6, 0x33,
    0x08, 0x43, 0x29, 0x4B, 0x18, 0xC7, 0x73, 0x9F, 0xAD, 0x6D, 0x42, 0x13, 0xA5, 0x2B, 0x00, 0x01, 0x10, 0x85, 0x29, 0x4D, 0xAD, 0x6D, 0x7B, 0xE1, 0x10, 0x85, 0x8C, 0x65, 0xB5, 0xAF, 0x5A, 0xD9,
    0xA5, 0x2B, 0xF7, 0xBF, 0x6B, 0x5B, 0x7B, 0xDF, 0xE7, 0x3D, 0x73, 0x9F, 0xDE, 0xF9, 0x52, 0x95, 0x6B, 0x5B, 0x9C, 0xE9, 0xAD, 0x6D, 0x7B, 0xE1, 0x52, 0x95, 0x52, 0x95, 0xEF, 0x7D, 0x7B, 0xE1,
    0x84, 0x23, 0xDE, 0xF9, 0xCE, 0x75, 0x9C, 0xE9, 0x73, 0x9F, 0x9C, 0xE9, 0xEF, 0x7D, 0xBD, 0xF1, 0x73, 0x9F, 0x84, 0x23, 0xD6, 0xB7, 0xF7, 0xBF, 0x7B, 0xE1, 0x94, 0xA7, 0x73, 0x9D, 0xB5, 0xAF,
    0xAD, 0x6D, 0xDE, 0xF9, 0xF7, 0xBF, 0xEF, 0x7D, 0xFF, 0xFF, 0xA5, 0x2B, 0x52, 0x97, 0xDE, 0xFB, 0x4A, 0x53, 0x52, 0x97, 0xC6, 0x33, 0xCE, 0x75, 0xE7, 0x3B, 0x73, 0x9F, 0xD6, 0xB7, 0x9C, 0xE9,
    0x42, 0x13, 0xD6, 0xB7, 0xC6, 0x33, 0x8C, 0x65, 0x94, 0xA7, 0x5A, 0xD9, 0xE7, 0x3B, 0x73, 0x9F, 0x6B, 0x5D, 0xDE, 0xFB, 0x8C, 0x65, 0xBD, 0xF1, 0xAD, 0x6D, 0xA5, 0x2B, 0xBD, 0xF1, 0xA5, 0x2B,
    0x10, 0x85, 0x63, 0x1B, 0x6B, 0x5D, 0x00, 0x01, 0x00, 0x01, 0xC6, 0x33, 0x42, 0x13, 0x18, 0xC7, 0x10, 0x87, 0x5A, 0xD9, 0xB5, 0xAF, 0xA5, 0x2B, 0x63, 0x1B, 0x94, 0xA7, 0x8C, 0x65, 0x94, 0xA7,
    0xB5, 0xAF, 0x4A, 0x53, 0x63, 0x1B, 0x94, 0xA7, 0x9C, 0xE7, 0xAD, 0x6D, 0x10, 0x85, 0x8C, 0x65, 0x9C, 0xE9, 0x84, 0x21, 0x7B, 0xE1, 0x42, 0x11, 0x4A, 0x53, 0x31, 0x8D, 0x00, 0x01, 0x10, 0x85,
    0x10, 0x85, 0xCE, 0x75, 0x6B, 0x5D, 0xBD, 0xF1, 0x63, 0x19, 0x8C, 0x63, 0x94, 0xA7, 0x08, 0x43, 0x7B, 0xE1, 0x10, 0x85, 0x10, 0x85, 0x39, 0xCF, 0xB5, 0xAF, 0x9C, 0xE9, 0x18, 0xC9, 0x39, 0xCF,
    0x4A, 0x53, 0x31, 0x8D, 0x42, 0x13, 0x52, 0x95, 0x9C, 0xE9, 0xC6, 0x33, 0x29, 0x4B, 0x8C, 0x65, 0x29, 0x4B, 0xC6, 0x33, 0xAD, 0x6D, 0x8C, 0x63, 0x94, 0xA7, 0x42, 0x13, 0x08, 0x43, 0x84, 0x23,
    0x08, 0x43, 0xBD, 0xF1, 0xC6, 0x35, 0xA5, 0x2B, 0x29, 0x4B, 0x10, 0x85, 0x94, 0xA7, 0xB5, 0xB1, 0x8C, 0x65, 0x63, 0x1B, 0x42, 0x11, 0x7B, 0xE1, 0x4A, 0x53, 0x21, 0x09, 0x63, 0x19, 0x73, 0x9F,
    0x8C, 0x65, 0x8C, 0x65, 0x42, 0x11, 0x63, 0x19, 0x9C, 0xE9, 0xBD, 0xF1, 0x94, 0xA7, 0x6B, 0x5B, 0x00, 0x03, 0x5A, 0xD9, 0x63, 0x1B, 0x73, 0x9D, 0x6B, 0x5D, 0x5A, 0xD9, 0x52, 0x97, 0x6B, 0x5D,
    0x42, 0x11, 0xA5, 0x2B, 0x4A, 0x53, 0xB5, 0xAF, 0xC6, 0x33, 0x94, 0xA7, 0x18, 0xC7, 0xA5, 0x2B, 0xAD, 0x6D, 0x08, 0x43, 0x94, 0xA7, 0x9C, 0xE9, 0x4A, 0x53, 0x39, 0xCF, 0x00, 0x01, 0xBD, 0xF1,
    0x4A, 0x53, 0x9C, 0xE9, 0x21, 0x0B, 0x9C, 0xE9, 0x39, 0xCF, 0x73, 0x9F, 0x31, 0x8F, 0x52, 0x95, 0x84, 0x23, 0x21, 0x09, 0x42, 0x11, 0x52, 0x95, 0x52, 0x95, 0x52, 0x95, 0x31, 0x8D, 0x18, 0xC7,
};
alignas(8) inline constexpr uint8_t kTex7[2048] = {   // screen_4 32x32
    0x10, 0x87, 0x10, 0x87, 0x10, 0x87, 0x10, 0x87, 0x10, 0x87, 0x10, 0x87, 0x10, 0x87, 0x10, 0x87, 0x10, 0x87, 0x10, 0x87, 0x10, 0x87, 0x10, 0x87, 0x10, 0x87, 0x10, 0x87, 0x10, 0x87, 0x10, 0x87,
    0x10, 0x87, 0x10, 0x87, 0x10, 0x87, 0x10, 0x87, 0x10, 0x87, 0x10, 0x87, 0x10, 0x87, 0x10, 0x87, 0x10, 0x87, 0x10, 0x87, 0x10, 0x87, 0x10, 0x87, 0x10, 0x87, 0x10, 0x87, 0x10, 0x87, 0x10, 0x87,
    0x10, 0x87, 0x10, 0x87, 0x10, 0x87, 0x10, 0x87, 0x10, 0x87, 0x10, 0x87, 0x10, 0x87, 0x10, 0x87, 0x10, 0x87, 0x10, 0x87, 0x10, 0x87, 0x10, 0x87, 0x10, 0x87, 0x10, 0x87, 0x10, 0x87, 0x10, 0x87,
    0x10, 0x87, 0x10, 0x87, 0x10, 0x87, 0x10, 0x87, 0x10, 0x87, 0x10, 0x87, 0x10, 0x87, 0x10, 0x87, 0x10, 0x87, 0x10, 0x87, 0x10, 0x87, 0x10, 0x87, 0x10, 0x87, 0x10, 0x87, 0x10, 0x87, 0x10, 0x87,
    0x10, 0x87, 0x10, 0x87, 0x10, 0x87, 0x10, 0x87, 0x10, 0x87, 0x10, 0x87, 0x10, 0x87, 0x10, 0x87, 0x10, 0x87, 0x10, 0x87, 0x10, 0x87, 0x10, 0x87, 0x10, 0x87, 0x10, 0x87, 0x10, 0x87, 0x10, 0x87,
    0x10, 0x87, 0x10, 0x87, 0x10, 0x87, 0x10, 0x87, 0x10, 0x87, 0x10, 0x87, 0x10, 0x87, 0x10, 0x87, 0x10, 0x87, 0x10, 0x87, 0x10, 0x87, 0x10, 0x87, 0x10, 0x87, 0x10, 0x87, 0x10, 0x87, 0x10, 0x87,
    0x10, 0x87, 0x10, 0x87, 0x10, 0x87, 0x10, 0x87, 0x10, 0x87, 0x10, 0x87, 0x10, 0x87, 0x10, 0x87, 0x10, 0x87, 0x10, 0x87, 0x10, 0x87, 0x10, 0x87, 0x10, 0x87, 0x10, 0x87, 0x10, 0x87, 0x10, 0x87,
    0x10, 0x87, 0x10, 0x87, 0x10, 0x87, 0x10, 0x87, 0x10, 0x87, 0x10, 0x87, 0x10, 0x87, 0x10, 0x87, 0x10, 0x87, 0x10, 0x87, 0x10, 0x87, 0x10, 0x87, 0x10, 0x87, 0x10, 0x87, 0x10, 0x87, 0x10, 0x87,
    0x10, 0x87, 0x10, 0x87, 0x10, 0x87, 0x10, 0x87, 0x10, 0x87, 0x10, 0x87, 0x10, 0x87, 0x10, 0x87, 0x10, 0x87, 0x10, 0x87, 0x10, 0x87, 0x10, 0x87, 0x10, 0x87, 0x10, 0x87, 0x10, 0x87, 0x10, 0x87,
    0x10, 0x87, 0x10, 0x87, 0x10, 0x87, 0x10, 0x87, 0x10, 0x87, 0x10, 0x87, 0x10, 0x87, 0x10, 0x87, 0x10, 0x87, 0x10, 0x87, 0x10, 0x87, 0x10, 0x87, 0x10, 0x87, 0x10, 0x87, 0x10, 0x87, 0x10, 0x87,
    0x10, 0x87, 0x10, 0x87, 0x10, 0x87, 0x10, 0x87, 0x10, 0x87, 0x10, 0x87, 0x10, 0x87, 0x10, 0x87, 0x10, 0x87, 0x10, 0x87, 0x10, 0x87, 0x10, 0x87, 0x10, 0x87, 0x10, 0x87, 0x10, 0x87, 0x10, 0x87,
    0x10, 0x87, 0x10, 0x87, 0x10, 0x87, 0x10, 0x87, 0x10, 0x87, 0x10, 0x87, 0x10, 0x87, 0x10, 0x87, 0x10, 0x87, 0x10, 0x87, 0x10, 0x87, 0x10, 0x87, 0x10, 0x87, 0x10, 0x87, 0x10, 0x87, 0x10, 0x87,
    0x10, 0x87, 0x10, 0x87, 0x10, 0x87, 0x10, 0x87, 0x10, 0x87, 0x10, 0x87, 0x10, 0x87, 0x10, 0x87, 0x10, 0x87, 0x10, 0x87, 0x10, 0x87, 0x10, 0x87, 0x10, 0x87, 0x10, 0x87, 0x10, 0x87, 0x10, 0x87,
    0x10, 0x87, 0x10, 0x87, 0x10, 0x87, 0x10, 0x87, 0x10, 0x87, 0x10, 0x87, 0x10, 0x87, 0x10, 0x87, 0x10, 0x87, 0x10, 0x87, 0x10, 0x87, 0x10, 0x87, 0x10, 0x87, 0x10, 0x87, 0x10, 0x87, 0x10, 0x87,
    0x10, 0x87, 0x10, 0x87, 0x10, 0x87, 0x10, 0x87, 0x10, 0x87, 0x10, 0x87, 0x10, 0x87, 0x10, 0x87, 0x10, 0x87, 0x10, 0x87, 0x10, 0x87, 0x10, 0x87, 0x10, 0x87, 0x10, 0x87, 0x10, 0x87, 0x10, 0x87,
    0x10, 0x87, 0x10, 0x87, 0x10, 0x87, 0x10, 0x87, 0x10, 0x87, 0x10, 0x87, 0x10, 0x87, 0x10, 0x87, 0x10, 0x87, 0x10, 0x87, 0x10, 0x87, 0x10, 0x87, 0x10, 0x87, 0x10, 0x87, 0x10, 0x87, 0x10, 0x87,
    0x10, 0x87, 0x10, 0x87, 0x10, 0x87, 0x10, 0x87, 0x10, 0x87, 0x10, 0x87, 0x10, 0x87, 0x10, 0x87, 0x10, 0x87, 0x10, 0x87, 0x10, 0x87, 0x10, 0x87, 0x10, 0x87, 0x10, 0x87, 0x10, 0x87, 0x10, 0x87,
    0x10, 0x87, 0x10, 0x87, 0x10, 0x87, 0x10, 0x87, 0x10, 0x87, 0x10, 0x87, 0x10, 0x87, 0x10, 0x87, 0x10, 0x87, 0x10, 0x87, 0x10, 0x87, 0x10, 0x87, 0x10, 0x87, 0x10, 0x87, 0x10, 0x87, 0x10, 0x87,
    0x10, 0x87, 0x10, 0x87, 0x10, 0x87, 0x10, 0x87, 0x10, 0x87, 0x10, 0x87, 0x10, 0x87, 0x10, 0x87, 0x10, 0x87, 0x10, 0x87, 0x10, 0x87, 0x10, 0x87, 0x10, 0x87, 0x10, 0x87, 0x10, 0x87, 0x10, 0x87,
    0x10, 0x87, 0x10, 0x87, 0x10, 0x87, 0x10, 0x87, 0x10, 0x87, 0x10, 0x87, 0x10, 0x87, 0x10, 0x87, 0x10, 0x87, 0x10, 0x87, 0x10, 0x87, 0x10, 0x87, 0x10, 0x87, 0x10, 0x87, 0x10, 0x87, 0x10, 0x87,
    0x10, 0x87, 0x10, 0x87, 0x10, 0x87, 0x10, 0x87, 0x10, 0x87, 0x10, 0x87, 0x10, 0x87, 0x10, 0x87, 0x10, 0x87, 0x10, 0x87, 0x10, 0x87, 0x10, 0x87, 0x10, 0x87, 0x10, 0x87, 0x10, 0x87, 0x10, 0x87,
    0x10, 0x87, 0x10, 0x87, 0x10, 0x87, 0x10, 0x87, 0x10, 0x87, 0x10, 0x87, 0x10, 0x87, 0x10, 0x87, 0x10, 0x87, 0x10, 0x87, 0x10, 0x87, 0x10, 0x87, 0x10, 0x87, 0x10, 0x87, 0x10, 0x87, 0x10, 0x87,
    0x10, 0x87, 0x10, 0x87, 0x10, 0x87, 0x10, 0x87, 0x10, 0x87, 0x10, 0x87, 0x10, 0x87, 0x10, 0x87, 0x10, 0x87, 0x10, 0x87, 0x10, 0x87, 0x10, 0x87, 0x10, 0x87, 0x10, 0x87, 0x10, 0x87, 0x10, 0x87,
    0x10, 0x87, 0x10, 0x87, 0x10, 0x87, 0x10, 0x87, 0x10, 0x87, 0x10, 0x87, 0x10, 0x87, 0x10, 0x87, 0x10, 0x87, 0x10, 0x87, 0x10, 0x87, 0x10, 0x87, 0x10, 0x87, 0x10, 0x87, 0x10, 0x87, 0x10, 0x87,
    0x10, 0x87, 0x10, 0x87, 0x10, 0x87, 0x10, 0x87, 0x10, 0x87, 0x10, 0x87, 0x10, 0x87, 0x10, 0x87, 0x10, 0x87, 0x10, 0x87, 0x10, 0x87, 0x10, 0x87, 0x10, 0x87, 0x10, 0x87, 0x10, 0x87, 0x10, 0x87,
    0x10, 0x87, 0x10, 0x87, 0x10, 0x87, 0x10, 0x87, 0x10, 0x87, 0x10, 0x87, 0x10, 0x87, 0x10, 0x87, 0x10, 0x87, 0x10, 0x87, 0x10, 0x87, 0x10, 0x87, 0x10, 0x87, 0x10, 0x87, 0x10, 0x87, 0x10, 0x87,
    0x10, 0x87, 0x10, 0x87, 0x10, 0x87, 0x10, 0x87, 0x10, 0x87, 0x10, 0x87, 0x10, 0x87, 0x10, 0x87, 0x10, 0x87, 0x10, 0x87, 0x10, 0x87, 0x10, 0x87, 0x10, 0x87, 0x10, 0x87, 0x10, 0x87, 0x10, 0x87,
    0x10, 0x87, 0x10, 0x87, 0x10, 0x87, 0x10, 0x87, 0x10, 0x87, 0x10, 0x87, 0x10, 0x87, 0x10, 0x87, 0x10, 0x87, 0x10, 0x87, 0x10, 0x87, 0x10, 0x87, 0x10, 0x87, 0x10, 0x87, 0x10, 0x87, 0x10, 0x87,
    0x10, 0x87, 0x10, 0x87, 0x10, 0x87, 0x10, 0x87, 0x10, 0x87, 0x10, 0x87, 0x10, 0x87, 0x10, 0x87, 0x10, 0x87, 0x10, 0x87, 0x10, 0x87, 0x10, 0x87, 0x10, 0x87, 0x10, 0x87, 0x10, 0x87, 0x10, 0x87,
    0x10, 0x87, 0x10, 0x87, 0x10, 0x87, 0x10, 0x87, 0x10, 0x87, 0x10, 0x87, 0x10, 0x87, 0x10, 0x87, 0x10, 0x87, 0x10, 0x87, 0x10, 0x87, 0x10, 0x87, 0x10, 0x87, 0x10, 0x87, 0x10, 0x87, 0x10, 0x87,
    0x10, 0x87, 0x10, 0x87, 0x10, 0x87, 0x10, 0x87, 0x10, 0x87, 0x10, 0x87, 0x10, 0x87, 0x10, 0x87, 0x10, 0x87, 0x10, 0x87, 0x10, 0x87, 0x10, 0x87, 0x10, 0x87, 0x10, 0x87, 0x10, 0x87, 0x10, 0x87,
    0x10, 0x87, 0x10, 0x87, 0x10, 0x87, 0x10, 0x87, 0x10, 0x87, 0x10, 0x87, 0x10, 0x87, 0x10, 0x87, 0x10, 0x87, 0x10, 0x87, 0x10, 0x87, 0x10, 0x87, 0x10, 0x87, 0x10, 0x87, 0x10, 0x87, 0x10, 0x87,
    0x10, 0x87, 0x10, 0x87, 0x10, 0x87, 0x10, 0x87, 0x10, 0x87, 0x10, 0x87, 0x10, 0x87, 0x10, 0x87, 0x10, 0x87, 0x10, 0x87, 0x10, 0x87, 0x10, 0x87, 0x10, 0x87, 0x10, 0x87, 0x10, 0x87, 0x10, 0x87,
    0x10, 0x87, 0x10, 0x87, 0x10, 0x87, 0x10, 0x87, 0x10, 0x87, 0x10, 0x87, 0x10, 0x87, 0x10, 0x87, 0x10, 0x87, 0x10, 0x87, 0x10, 0x87, 0x10, 0x87, 0x10, 0x87, 0x10, 0x87, 0x10, 0x87, 0x10, 0x87,
    0x10, 0x87, 0x10, 0x87, 0x10, 0x87, 0x10, 0x87, 0x10, 0x87, 0x10, 0x87, 0x10, 0x87, 0x10, 0x87, 0x10, 0x87, 0x10, 0x87, 0x10, 0x87, 0x10, 0x87, 0x10, 0x87, 0x10, 0x87, 0x10, 0x87, 0x10, 0x87,
    0x10, 0x87, 0x10, 0x87, 0x10, 0x87, 0x10, 0x87, 0x10, 0x87, 0x10, 0x87, 0x10, 0x87, 0x10, 0x87, 0x10, 0x87, 0x10, 0x87, 0x10, 0x87, 0x10, 0x87, 0x10, 0x87, 0x10, 0x87, 0x10, 0x87, 0x10, 0x87,
    0x10, 0x87, 0x10, 0x87, 0x10, 0x87, 0x10, 0x87, 0x10, 0x87, 0x10, 0x87, 0x10, 0x87, 0x10, 0x87, 0x10, 0x87, 0x10, 0x87, 0x10, 0x87, 0x10, 0x87, 0x10, 0x87, 0x10, 0x87, 0x10, 0x87, 0x10, 0x87,
    0x10, 0x87, 0x10, 0x87, 0x10, 0x87, 0x10, 0x87, 0x10, 0x87, 0x10, 0x87, 0x10, 0x87, 0x10, 0x87, 0x10, 0x87, 0x10, 0x87, 0x10, 0x87, 0x10, 0x87, 0x10, 0x87, 0x10, 0x87, 0x10, 0x87, 0x10, 0x87,
    0x10, 0x87, 0x10, 0x87, 0x10, 0x87, 0x10, 0x87, 0x10, 0x87, 0x10, 0x87, 0x10, 0x87, 0x10, 0x87, 0x10, 0x87, 0x10, 0x87, 0x10, 0x87, 0x10, 0x87, 0x10, 0x87, 0x10, 0x87, 0x10, 0x87, 0x10, 0x87,
    0x10, 0x87, 0x10, 0x87, 0x10, 0x87, 0x10, 0x87, 0x10, 0x87, 0x10, 0x87, 0x10, 0x87, 0x10, 0x87, 0x10, 0x87, 0x10, 0x87, 0x10, 0x87, 0x10, 0x87, 0x10, 0x87, 0x10, 0x87, 0x10, 0x87, 0x10, 0x87,
    0x10, 0x87, 0x10, 0x87, 0x10, 0x87, 0x10, 0x87, 0x10, 0x87, 0x10, 0x87, 0x10, 0x87, 0x10, 0x87, 0x10, 0x87, 0x10, 0x87, 0x10, 0x87, 0x10, 0x87, 0x10, 0x87, 0x10, 0x87, 0x10, 0x87, 0x10, 0x87,
    0x10, 0x87, 0x10, 0x87, 0x10, 0x87, 0x10, 0x87, 0x10, 0x87, 0x10, 0x87, 0x10, 0x87, 0x10, 0x87, 0x10, 0x87, 0x10, 0x87, 0x10, 0x87, 0x10, 0x87, 0x10, 0x87, 0x10, 0x87, 0x10, 0x87, 0x10, 0x87,
    0x10, 0x87, 0x10, 0x87, 0x10, 0x87, 0x10, 0x87, 0x10, 0x87, 0x10, 0x87, 0x10, 0x87, 0x10, 0x87, 0x10, 0x87, 0x10, 0x87, 0x10, 0x87, 0x10, 0x87, 0x10, 0x87, 0x10, 0x87, 0x10, 0x87, 0x10, 0x87,
    0x10, 0x87, 0x10, 0x87, 0x10, 0x87, 0x10, 0x87, 0x10, 0x87, 0x10, 0x87, 0x10, 0x87, 0x10, 0x87, 0x10, 0x87, 0x10, 0x87, 0x10, 0x87, 0x10, 0x87, 0x10, 0x87, 0x10, 0x87, 0x10, 0x87, 0x10, 0x87,
    0x10, 0x87, 0x10, 0x87, 0x10, 0x87, 0x10, 0x87, 0x10, 0x87, 0x10, 0x87, 0x10, 0x87, 0x10, 0x87, 0x10, 0x87, 0x10, 0x87, 0x10, 0x87, 0x10, 0x87, 0x10, 0x87, 0x10, 0x87, 0x10, 0x87, 0x10, 0x87,
    0x10, 0x87, 0x10, 0x87, 0x10, 0x87, 0x10, 0x87, 0x10, 0x87, 0x10, 0x87, 0x10, 0x87, 0x10, 0x87, 0x10, 0x87, 0x10, 0x87, 0x10, 0x87, 0x10, 0x87, 0x10, 0x87, 0x10, 0x87, 0x10, 0x87, 0x10, 0x87,
    0x10, 0x87, 0x10, 0x87, 0x10, 0x87, 0x10, 0x87, 0x10, 0x87, 0x10, 0x87, 0x10, 0x87, 0x10, 0x87, 0x10, 0x87, 0x10, 0x87, 0x10, 0x87, 0x10, 0x87, 0x10, 0x87, 0x10, 0x87, 0x10, 0x87, 0x10, 0x87,
    0x10, 0x87, 0x10, 0x87, 0x10, 0x87, 0x10, 0x87, 0x10, 0x87, 0x10, 0x87, 0x10, 0x87, 0x10, 0x87, 0x10, 0x87, 0x10, 0x87, 0x10, 0x87, 0x10, 0x87, 0x10, 0x87, 0x10, 0x87, 0x10, 0x87, 0x10, 0x87,
    0x10, 0x87, 0x10, 0x87, 0x10, 0x87, 0x10, 0x87, 0x10, 0x87, 0x10, 0x87, 0x10, 0x87, 0x10, 0x87, 0x10, 0x87, 0x10, 0x87, 0x10, 0x87, 0x10, 0x87, 0x10, 0x87, 0x10, 0x87, 0x10, 0x87, 0x10, 0x87,
    0x10, 0x87, 0x10, 0x87, 0x10, 0x87, 0x10, 0x87, 0x10, 0x87, 0x10, 0x87, 0x10, 0x87, 0x10, 0x87, 0x10, 0x87, 0x10, 0x87, 0x10, 0x87, 0x10, 0x87, 0x10, 0x87, 0x10, 0x87, 0x10, 0x87, 0x10, 0x87,
    0x10, 0x87, 0x10, 0x87, 0x10, 0x87, 0x10, 0x87, 0x10, 0x87, 0x10, 0x87, 0x10, 0x87, 0x10, 0x87, 0x10, 0x87, 0x10, 0x87, 0x10, 0x87, 0x10, 0x87, 0x10, 0x87, 0x10, 0x87, 0x10, 0x87, 0x10, 0x87,
    0x10, 0x87, 0x10, 0x87, 0x10, 0x87, 0x10, 0x87, 0x10, 0x87, 0x10, 0x87, 0x10, 0x87, 0x10, 0x87, 0x10, 0x87, 0x10, 0x87, 0x10, 0x87, 0x10, 0x87, 0x10, 0x87, 0x10, 0x87, 0x10, 0x87, 0x10, 0x87,
    0x10, 0x87, 0x10, 0x87, 0x10, 0x87, 0x10, 0x87, 0x10, 0x87, 0x10, 0x87, 0x10, 0x87, 0x10, 0x87, 0x10, 0x87, 0x10, 0x87, 0x10, 0x87, 0x10, 0x87, 0x10, 0x87, 0x10, 0x87, 0x10, 0x87, 0x10, 0x87,
    0x10, 0x87, 0x10, 0x87, 0x10, 0x87, 0x10, 0x87, 0x10, 0x87, 0x10, 0x87, 0x10, 0x87, 0x10, 0x87, 0x10, 0x87, 0x10, 0x87, 0x10, 0x87, 0x10, 0x87, 0x10, 0x87, 0x10, 0x87, 0x10, 0x87, 0x10, 0x87,
    0x10, 0x87, 0x10, 0x87, 0x10, 0x87, 0x10, 0x87, 0x10, 0x87, 0x10, 0x87, 0x10, 0x87, 0x10, 0x87, 0x10, 0x87, 0x10, 0x87, 0x10, 0x87, 0x10, 0x87, 0x10, 0x87, 0x10, 0x87, 0x10, 0x87, 0x10, 0x87,
    0x10, 0x87, 0x10, 0x87, 0x10, 0x87, 0x10, 0x87, 0x10, 0x87, 0x10, 0x87, 0x10, 0x87, 0x10, 0x87, 0x10, 0x87, 0x10, 0x87, 0x10, 0x87, 0x10, 0x87, 0x10, 0x87, 0x10, 0x87, 0x10, 0x87, 0x10, 0x87,
    0x10, 0x87, 0x10, 0x87, 0x10, 0x87, 0x10, 0x87, 0x10, 0x87, 0x10, 0x87, 0x10, 0x87, 0x10, 0x87, 0x10, 0x87, 0x10, 0x87, 0x10, 0x87, 0x10, 0x87, 0x10, 0x87, 0x10, 0x87, 0x10, 0x87, 0x10, 0x87,
    0x10, 0x87, 0x10, 0x87, 0x10, 0x87, 0x10, 0x87, 0x10, 0x87, 0x10, 0x87, 0x10, 0x87, 0x10, 0x87, 0x10, 0x87, 0x10, 0x87, 0x10, 0x87, 0x10, 0x87, 0x10, 0x87, 0x10, 0x87, 0x10, 0x87, 0x10, 0x87,
    0x10, 0x87, 0x10, 0x87, 0x10, 0x87, 0x10, 0x87, 0x10, 0x87, 0x10, 0x87, 0x10, 0x87, 0x10, 0x87, 0x10, 0x87, 0x10, 0x87, 0x10, 0x87, 0x10, 0x87, 0x10, 0x87, 0x10, 0x87, 0x10, 0x87, 0x10, 0x87,
    0x10, 0x87, 0x10, 0x87, 0x10, 0x87, 0x10, 0x87, 0x10, 0x87, 0x10, 0x87, 0x10, 0x87, 0x10, 0x87, 0x10, 0x87, 0x10, 0x87, 0x10, 0x87, 0x10, 0x87, 0x10, 0x87, 0x10, 0x87, 0x10, 0x87, 0x10, 0x87,
    0x10, 0x87, 0x10, 0x87, 0x10, 0x87, 0x10, 0x87, 0x10, 0x87, 0x10, 0x87, 0x10, 0x87, 0x10, 0x87, 0x10, 0x87, 0x10, 0x87, 0x10, 0x87, 0x10, 0x87, 0x10, 0x87, 0x10, 0x87, 0x10, 0x87, 0x10, 0x87,
    0x10, 0x87, 0x10, 0x87, 0x10, 0x87, 0x10, 0x87, 0x10, 0x87, 0x10, 0x87, 0x10, 0x87, 0x10, 0x87, 0x10, 0x87, 0x10, 0x87, 0x10, 0x87, 0x10, 0x87, 0x10, 0x87, 0x10, 0x87, 0x10, 0x87, 0x10, 0x87,
    0x10, 0x87, 0x10, 0x87, 0x10, 0x87, 0x10, 0x87, 0x10, 0x87, 0x10, 0x87, 0x10, 0x87, 0x10, 0x87, 0x10, 0x87, 0x10, 0x87, 0x10, 0x87, 0x10, 0x87, 0x10, 0x87, 0x10, 0x87, 0x10, 0x87, 0x10, 0x87,
    0x10, 0x87, 0x10, 0x87, 0x10, 0x87, 0x10, 0x87, 0x10, 0x87, 0x10, 0x87, 0x10, 0x87, 0x10, 0x87, 0x10, 0x87, 0x10, 0x87, 0x10, 0x87, 0x10, 0x87, 0x10, 0x87, 0x10, 0x87, 0x10, 0x87, 0x10, 0x87,
};
alignas(8) inline constexpr uint8_t kTex8[4096] = {   // laptop_pal 64x32
    0xCE, 0x77, 0xCE, 0x77, 0xC6, 0x75, 0xCE, 0xB7, 0xC6, 0x75, 0xCE, 0x77, 0xCE, 0xB7, 0xC6, 0x75, 0x5A, 0xDB, 0x5B, 0x1B, 0x5B, 0x1B, 0x5A, 0xDB, 0x5B, 0x1B, 0x63, 0x1D, 0x63, 0x1D, 0x5A, 0xDB,
    0x10, 0x87, 0x10, 0x87, 0x10, 0x85, 0x10, 0x85, 0x10, 0x87, 0x10, 0x85, 0x08, 0x45, 0x10, 0x87, 0xE7, 0x7B, 0xDF, 0x3B, 0xE7, 0x3B, 0xE7, 0x3B, 0xE7, 0x3B, 0xE7, 0x3B, 0xDF, 0x3B, 0xE7, 0x3B,
    0x39, 0xD1, 0x31, 0x8F, 0x31, 0x91, 0x31, 0x91, 0x31, 0xD1, 0x31, 0xD1, 0x31, 0x91, 0x39, 0xD1, 0xD2, 0x0F, 0xDA, 0x11, 0xDA, 0x11, 0xDA, 0x11, 0xD2, 0x0F, 0xDA, 0x11, 0xD2, 0x0F, 0xDA, 0x0F,
    0x5C, 0xF7, 0x5C, 0xF5, 0x5D, 0x37, 0x5C, 0xF5, 0x5C, 0xF5, 0x5C, 0xF5, 0x5C, 0xF5, 0x5C, 0xF7, 0xF6, 0x51, 0xF6, 0x51, 0xF6, 0x51, 0xF6, 0x51, 0xEE, 0x11, 0xF6, 0x51, 0xF6, 0x51, 0xF6, 0x51,
    0xCE, 0x77, 0xCE, 0xB7, 0xC6, 0x75, 0xCE, 0x77, 0xCE, 0xB7, 0xCE, 0x77, 0xCE, 0xB7, 0xC6, 0x75, 0x5B, 0x1D, 0x63, 0x1D, 0x5B, 0x1B, 0x5B, 0x1B, 0x5A, 0xDB, 0x5B, 0x1B, 0x5B, 0x1B, 0x5B, 0x1B,
    0x10, 0x87, 0x08, 0x45, 0x10, 0x85, 0x10, 0x87, 0x10, 0x87, 0x10, 0x85, 0x10, 0x87, 0x10, 0x85, 0xE7, 0x3B, 0xE7, 0x3B, 0xDF, 0x3B, 0xE7, 0x3B, 0xE7, 0x3B, 0xE7, 0x3B, 0xDF, 0x3B, 0xE7, 0x3B,
    0x31, 0x91, 0x31, 0x8F, 0x31, 0x91, 0x31, 0x91, 0x31, 0xD1, 0x31, 0xD1, 0x31, 0x91, 0x31, 0x8F, 0xDA, 0x11, 0xDA, 0x11, 0xDA, 0x11, 0xDA, 0x11, 0xD2, 0x0F, 0xD2, 0x0F, 0xDA, 0x0F, 0xDA, 0x11,
    0x5C, 0xF7, 0x5C, 0xF7, 0x65, 0x37, 0x5C, 0xF5, 0x5C, 0xF5, 0x5C, 0xF5, 0x5C, 0xF7, 0x5C, 0xF5, 0xEE, 0x11, 0xF6, 0x51, 0xF6, 0x51, 0xF6, 0x51, 0xF6, 0x51, 0xF6, 0x51, 0xF6, 0x51, 0xF6, 0x51,
    0xCE, 0x75, 0xC6, 0x75, 0xCE, 0x77, 0xCE, 0xB7, 0xCE, 0xB7, 0xCE, 0xB7, 0xCE, 0x77, 0xCE, 0xB7, 0x5B, 0x1D, 0x5A, 0xDB, 0x5B, 0x1B, 0x5B, 0x1D, 0x5B, 0x1B, 0x5B, 0x1B, 0x5B, 0x1B, 0x63, 0x1D,
    0x10, 0x87, 0x10, 0x87, 0x10, 0x87, 0x10, 0x85, 0x08, 0x45, 0x08, 0x45, 0x10, 0x87, 0x10, 0x85, 0xE7, 0x3B, 0xE7, 0x3B, 0xDF, 0x3B, 0xE7, 0x7D, 0xE7, 0x3B, 0xE7, 0x7D, 0xE7, 0x7D, 0xE7, 0x7B,
    0x31, 0x91, 0x31, 0x91, 0x31, 0x8F, 0x31, 0xD1, 0x31, 0x8F, 0x31, 0xD1, 0x31, 0xD1, 0x31, 0x8F, 0xD2, 0x0F, 0xDA, 0x0F, 0xDA, 0x11, 0xDA, 0x0F, 0xDA, 0x11, 0xDA, 0x0F, 0xDA, 0x11, 0xD2, 0x0F,
    0x5C, 0xF7, 0x5C, 0xF7, 0x5C, 0xF7, 0x5D, 0x37, 0x5C, 0xF7, 0x65, 0x37, 0x5C, 0xF5, 0x5C, 0xF7, 0xF6, 0x51, 0xF6, 0x51, 0xEE, 0x11, 0xF6, 0x53, 0xF6, 0x51, 0xF6, 0x51, 0xF6, 0x51, 0xF6, 0x51,
    0xC6, 0x75, 0xCE, 0x75, 0xCE, 0xB7, 0xCE, 0xB7, 0xCE, 0x77, 0xC6, 0x75, 0xCE, 0x75, 0xCE, 0x75, 0x5B, 0x1B, 0x5A, 0xDB, 0x5B, 0x1D, 0x5B, 0x1B, 0x5B, 0x1B, 0x5B, 0x1B, 0x5B, 0x1B, 0x5B, 0x1B,
    0x10, 0x87, 0x08, 0x45, 0x10, 0x87, 0x10, 0x85, 0x08, 0x45, 0x10, 0x85, 0x10, 0x85, 0x10, 0x87, 0xE7, 0x3B, 0xE7, 0x3B, 0xE7, 0x3B, 0xE7, 0x3B, 0xE7, 0x3B, 0xE7, 0x3B, 0xE7, 0x3B, 0xE7, 0x3B,
    0x31, 0xD1, 0x31, 0x91, 0x31, 0x91, 0x31, 0xD1, 0x31, 0xD1, 0x39, 0xD1, 0x31, 0xD1, 0x31, 0x8F, 0xD2, 0x0F, 0xDA, 0x11, 0xDA, 0x11, 0xD2, 0x0F, 0xD2, 0x0F, 0xD2, 0x0F, 0xDA, 0x0F, 0xDA, 0x11,
    0x65, 0x37, 0x5C, 0xF7, 0x5C, 0xF5, 0x5C, 0xF7, 0x5C, 0xF5, 0x5D, 0x37, 0x5C, 0xF7, 0x5C, 0xF5, 0xF6, 0x51, 0xF6, 0x51, 0xEE, 0x11, 0xF6, 0x51, 0xF6, 0x51, 0xF6, 0x51, 0xF6, 0x51, 0xF6, 0x51,
    0xCE, 0x75, 0xCE, 0xB7, 0xCE, 0x75, 0xCE, 0xB7, 0xCE, 0xB7, 0xC6, 0x75, 0xCE, 0x77, 0xCE, 0x77, 0x5A, 0xDB, 0x5B, 0x1B, 0x5A, 0xDB, 0x5B, 0x1D, 0x5A, 0xDB, 0x5B, 0x1D, 0x5B, 0x1D, 0x5B, 0x1B,
    0x10, 0x85, 0x10, 0x85, 0x10, 0x85, 0x10, 0x87, 0x10, 0x87, 0x10, 0x87, 0x08, 0x45, 0x10, 0x87, 0xE7, 0x7D, 0xE7, 0x7D, 0xE7, 0x3B, 0xE7, 0x3B, 0xE7, 0x3B, 0xE7, 0x3B, 0xE7, 0x3B, 0xE7, 0x3B,
    0x31, 0xD1, 0x31, 0x91, 0x31, 0x8F, 0x31, 0xD1, 0x31, 0x91, 0x39, 0xD1, 0x31, 0x91, 0x39, 0xD1, 0xD2, 0x0F, 0xD2, 0x0F, 0xDA, 0x11, 0xDA, 0x0F, 0xDA, 0x11, 0xDA, 0x51, 0xDA, 0x11, 0xDA, 0x11,
    0x65, 0x37, 0x5C, 0xF7, 0x5C, 0xF5, 0x5C, 0xF7, 0x65, 0x37, 0x5C, 0xF7, 0x5C, 0xF5, 0x5C, 0xF5, 0xF6, 0x51, 0xEE, 0x11, 0xF6, 0x51, 0xF6, 0x51, 0xF6, 0x51, 0xEE, 0x51, 0xF6, 0x51, 0xF6, 0x51,
    0xC6, 0x75, 0xCE, 0x77, 0xCE, 0xB7, 0xC6, 0x75, 0xCE, 0xB7, 0xC6, 0x75, 0xCE, 0x77, 0xCE, 0xB7, 0x5B, 0x1D, 0x5B, 0x1B, 0x5B, 0x1D, 0x5B, 0x1B, 0x5B, 0x1B, 0x63, 0x1D, 0x5B, 0x1B, 0x5B, 0x1B,
    0x10, 0x87, 0x10, 0x87, 0x10, 0x87, 0x10, 0x87, 0x10, 0x87, 0x08, 0x45, 0x10, 0x87, 0x10, 0x87, 0xE7, 0x3B, 0xE7, 0x3B, 0xE7, 0x3B, 0xE7, 0x3B, 0xE7, 0x3B, 0xE7, 0x7D, 0xDF, 0x3B, 0xE7, 0x3B,
    0x31, 0xD1, 0x31, 0x8F, 0x31, 0xD1, 0x31, 0x91, 0x31, 0xD1, 0x31, 0x8F, 0x31, 0x8F, 0x39, 0xD1, 0xDA, 0x0F, 0xD2, 0x0F, 0xDA, 0x11, 0xDA, 0x0F, 0xDA, 0x0F, 0xDA, 0x11, 0xDA, 0x11, 0xDA, 0x0F,
    0x5C, 0xF5, 0x5C, 0xF7, 0x5C, 0xF5, 0x5D, 0x37, 0x5C, 0xF5, 0x5C, 0xF5, 0x5C, 0xF7, 0x5C, 0xF5, 0xF6, 0x51, 0xF6, 0x51, 0xEE, 0x11, 0xF6, 0x51, 0xF6, 0x51, 0xF6, 0x51, 0xF6, 0x53, 0xF6, 0x51,
    0xCE, 0x75, 0xC6, 0x75, 0xC6, 0x75, 0xCE, 0x77, 0xC6, 0x75, 0xC6, 0x75, 0xCE, 0x77, 0xCE, 0xB7, 0x5B, 0x1D, 0x5B, 0x1B, 0x5B, 0x1B, 0x5A, 0xDB, 0x5B, 0x1D, 0x5B, 0x1B, 0x5A, 0xDB, 0x63, 0x1D,
    0x10, 0x85, 0x10, 0x87, 0x10, 0x87, 0x08, 0x45, 0x10, 0x87, 0x10, 0x85, 0x10, 0x85, 0x10, 0x87, 0xE7, 0x3B, 0xDF, 0x3B, 0xE7, 0x3B, 0xE7, 0x7B, 0xE7, 0x3B, 0xE7, 0x3B, 0xDF, 0x3B, 0xE7, 0x3B,
    0x31, 0x8F, 0x31, 0x8F, 0x31, 0x8F, 0x31, 0x8F, 0x39, 0xD1, 0x39, 0xD1, 0x31, 0xD1, 0x31, 0x91, 0xDA, 0x11, 0xDA, 0x11, 0xD2, 0x0F, 0xDA, 0x0F, 0xDA, 0x11, 0xDA, 0x11, 0xDA, 0x11, 0xD2, 0x0F,
    0x5C, 0xF5, 0x5C, 0xF5, 0x5C, 0xF5, 0x5C, 0xF7, 0x65, 0x37, 0x5C, 0xF7, 0x5C, 0xF7, 0x5C, 0xF5, 0xF6, 0x53, 0xEE, 0x11, 0xEE, 0x11, 0xF6, 0x51, 0xEE, 0x11, 0xEE, 0x11, 0xF6, 0x51, 0xEE, 0x51,
    0xCE, 0x77, 0xCE, 0x77, 0xCE, 0xB7, 0xC6, 0x75, 0xCE, 0x77, 0xC6, 0x75, 0xCE, 0xB7, 0xCE, 0xB7, 0x5A, 0xDB, 0x63, 0x1D, 0x63, 0x1D, 0x5B, 0x1B, 0x5A, 0xDB, 0x5A, 0xDB, 0x5B, 0x1B, 0x5B, 0x1B,
    0x08, 0x45, 0x10, 0x87, 0x10, 0x85, 0x10, 0x87, 0x10, 0x85, 0x10, 0x87, 0x10, 0x87, 0x10, 0x87, 0xE7, 0x3B, 0xE7, 0x3B, 0xE7, 0x7D, 0xE7, 0x3B, 0xE7, 0x7D, 0xE7, 0x7D, 0xE7, 0x7B, 0xE7, 0x7D,
    0x39, 0xD1, 0x31, 0xD1, 0x31, 0x8F, 0x31, 0xD1, 0x31, 0x91, 0x31, 0x91, 0x31, 0x91, 0x31, 0x91, 0xDA, 0x0F, 0xDA, 0x11, 0xDA, 0x0F, 0xDA, 0x11, 0xDA, 0x51, 0xD2, 0x0F, 0xD2, 0x0F, 0xDA, 0x11,
    0x65, 0x37, 0x5C, 0xF7, 0x5C, 0xF5, 0x5C, 0xF7, 0x5C, 0xF5, 0x5C, 0xF5, 0x5C, 0xF5, 0x5D, 0x37, 0xF6, 0x51, 0xF6, 0x51, 0xF6, 0x51, 0xF6, 0x51, 0xEE, 0x51, 0xF6, 0x51, 0xF6, 0x51, 0xF6, 0x51,
    0x00, 0x01, 0x00, 0x01, 0x00, 0x01, 0x00, 0x01, 0x00, 0x01, 0x00, 0x01, 0x00, 0x01, 0x00, 0x01, 0x00, 0x01, 0x00, 0x01, 0x00, 0x01, 0x00, 0x01, 0x00, 0x01, 0x00, 0x01, 0x00, 0x01, 0x00, 0x01,
    0x00, 0x01, 0x00, 0x01, 0x00, 0x01, 0x00, 0x01, 0x00, 0x01, 0x00, 0x01, 0x00, 0x01, 0x00, 0x01, 0x00, 0x01, 0x00, 0x01, 0x00, 0x01, 0x00, 0x01, 0x00, 0x01, 0x00, 0x01, 0x00, 0x01, 0x00, 0x01,
    0x00, 0x01, 0x00, 0x01, 0x00, 0x01, 0x00, 0x01, 0x00, 0x01, 0x00, 0x01, 0x00, 0x01, 0x00, 0x01, 0x00, 0x01, 0x00, 0x01, 0x00, 0x01, 0x00, 0x01, 0x00, 0x01, 0x00, 0x01, 0x00, 0x01, 0x00, 0x01,
    0x00, 0x01, 0x00, 0x01, 0x00, 0x01, 0x00, 0x01, 0x00, 0x01, 0x00, 0x01, 0x00, 0x01, 0x00, 0x01, 0x00, 0x01, 0x00, 0x01, 0x00, 0x01, 0x00, 0x01, 0x00, 0x01, 0x00, 0x01, 0x00, 0x01, 0x00, 0x01,
    0x00, 0x01, 0x00, 0x01, 0x00, 0x01, 0x00, 0x01, 0x00, 0x01, 0x00, 0x01, 0x00, 0x01, 0x00, 0x01, 0x00, 0x01, 0x00, 0x01, 0x00, 0x01, 0x00, 0x01, 0x00, 0x01, 0x00, 0x01, 0x00, 0x01, 0x00, 0x01,
    0x00, 0x01, 0x00, 0x01, 0x00, 0x01, 0x00, 0x01, 0x00, 0x01, 0x00, 0x01, 0x00, 0x01, 0x00, 0x01, 0x00, 0x01, 0x00, 0x01, 0x00, 0x01, 0x00, 0x01, 0x00, 0x01, 0x00, 0x01, 0x00, 0x01, 0x00, 0x01,
    0x00, 0x01, 0x00, 0x01, 0x00, 0x01, 0x00, 0x01, 0x00, 0x01, 0x00, 0x01, 0x00, 0x01, 0x00, 0x01, 0x00, 0x01, 0x00, 0x01, 0x00, 0x01, 0x00, 0x01, 0x00, 0x01, 0x00, 0x01, 0x00, 0x01, 0x00, 0x01,
    0x00, 0x01, 0x00, 0x01, 0x00, 0x01, 0x00, 0x01, 0x00, 0x01, 0x00, 0x01, 0x00, 0x01, 0x00, 0x01, 0x00, 0x01, 0x00, 0x01, 0x00, 0x01, 0x00, 0x01, 0x00, 0x01, 0x00, 0x01, 0x00, 0x01, 0x00, 0x01,
    0x00, 0x01, 0x00, 0x01, 0x00, 0x01, 0x00, 0x01, 0x00, 0x01, 0x00, 0x01, 0x00, 0x01, 0x00, 0x01, 0x00, 0x01, 0x00, 0x01, 0x00, 0x01, 0x00, 0x01, 0x00, 0x01, 0x00, 0x01, 0x00, 0x01, 0x00, 0x01,
    0x00, 0x01, 0x00, 0x01, 0x00, 0x01, 0x00, 0x01, 0x00, 0x01, 0x00, 0x01, 0x00, 0x01, 0x00, 0x01, 0x00, 0x01, 0x00, 0x01, 0x00, 0x01, 0x00, 0x01, 0x00, 0x01, 0x00, 0x01, 0x00, 0x01, 0x00, 0x01,
    0x00, 0x01, 0x00, 0x01, 0x00, 0x01, 0x00, 0x01, 0x00, 0x01, 0x00, 0x01, 0x00, 0x01, 0x00, 0x01, 0x00, 0x01, 0x00, 0x01, 0x00, 0x01, 0x00, 0x01, 0x00, 0x01, 0x00, 0x01, 0x00, 0x01, 0x00, 0x01,
    0x00, 0x01, 0x00, 0x01, 0x00, 0x01, 0x00, 0x01, 0x00, 0x01, 0x00, 0x01, 0x00, 0x01, 0x00, 0x01, 0x00, 0x01, 0x00, 0x01, 0x00, 0x01, 0x00, 0x01, 0x00, 0x01, 0x00, 0x01, 0x00, 0x01, 0x00, 0x01,
    0x00, 0x01, 0x00, 0x01, 0x00, 0x01, 0x00, 0x01, 0x00, 0x01, 0x00, 0x01, 0x00, 0x01, 0x00, 0x01, 0x00, 0x01, 0x00, 0x01, 0x00, 0x01, 0x00, 0x01, 0x00, 0x01, 0x00, 0x01, 0x00, 0x01, 0x00, 0x01,
    0x00, 0x01, 0x00, 0x01, 0x00, 0x01, 0x00, 0x01, 0x00, 0x01, 0x00, 0x01, 0x00, 0x01, 0x00, 0x01, 0x00, 0x01, 0x00, 0x01, 0x00, 0x01, 0x00, 0x01, 0x00, 0x01, 0x00, 0x01, 0x00, 0x01, 0x00, 0x01,
    0x00, 0x01, 0x00, 0x01, 0x00, 0x01, 0x00, 0x01, 0x00, 0x01, 0x00, 0x01, 0x00, 0x01, 0x00, 0x01, 0x00, 0x01, 0x00, 0x01, 0x00, 0x01, 0x00, 0x01, 0x00, 0x01, 0x00, 0x01, 0x00, 0x01, 0x00, 0x01,
    0x00, 0x01, 0x00, 0x01, 0x00, 0x01, 0x00, 0x01, 0x00, 0x01, 0x00, 0x01, 0x00, 0x01, 0x00, 0x01, 0x00, 0x01, 0x00, 0x01, 0x00, 0x01, 0x00, 0x01, 0x00, 0x01, 0x00, 0x01, 0x00, 0x01, 0x00, 0x01,
    0x00, 0x01, 0x00, 0x01, 0x00, 0x01, 0x00, 0x01, 0x00, 0x01, 0x00, 0x01, 0x00, 0x01, 0x00, 0x01, 0x00, 0x01, 0x00, 0x01, 0x00, 0x01, 0x00, 0x01, 0x00, 0x01, 0x00, 0x01, 0x00, 0x01, 0x00, 0x01,
    0x00, 0x01, 0x00, 0x01, 0x00, 0x01, 0x00, 0x01, 0x00, 0x01, 0x00, 0x01, 0x00, 0x01, 0x00, 0x01, 0x00, 0x01, 0x00, 0x01, 0x00, 0x01, 0x00, 0x01, 0x00, 0x01, 0x00, 0x01, 0x00, 0x01, 0x00, 0x01,
    0x00, 0x01, 0x00, 0x01, 0x00, 0x01, 0x00, 0x01, 0x00, 0x01, 0x00, 0x01, 0x00, 0x01, 0x00, 0x01, 0x00, 0x01, 0x00, 0x01, 0x00, 0x01, 0x00, 0x01, 0x00, 0x01, 0x00, 0x01, 0x00, 0x01, 0x00, 0x01,
    0x00, 0x01, 0x00, 0x01, 0x00, 0x01, 0x00, 0x01, 0x00, 0x01, 0x00, 0x01, 0x00, 0x01, 0x00, 0x01, 0x00, 0x01, 0x00, 0x01, 0x00, 0x01, 0x00, 0x01, 0x00, 0x01, 0x00, 0x01, 0x00, 0x01, 0x00, 0x01,
    0x00, 0x01, 0x00, 0x01, 0x00, 0x01, 0x00, 0x01, 0x00, 0x01, 0x00, 0x01, 0x00, 0x01, 0x00, 0x01, 0x00, 0x01, 0x00, 0x01, 0x00, 0x01, 0x00, 0x01, 0x00, 0x01, 0x00, 0x01, 0x00, 0x01, 0x00, 0x01,
    0x00, 0x01, 0x00, 0x01, 0x00, 0x01, 0x00, 0x01, 0x00, 0x01, 0x00, 0x01, 0x00, 0x01, 0x00, 0x01, 0x00, 0x01, 0x00, 0x01, 0x00, 0x01, 0x00, 0x01, 0x00, 0x01, 0x00, 0x01, 0x00, 0x01, 0x00, 0x01,
    0x00, 0x01, 0x00, 0x01, 0x00, 0x01, 0x00, 0x01, 0x00, 0x01, 0x00, 0x01, 0x00, 0x01, 0x00, 0x01, 0x00, 0x01, 0x00, 0x01, 0x00, 0x01, 0x00, 0x01, 0x00, 0x01, 0x00, 0x01, 0x00, 0x01, 0x00, 0x01,
    0x00, 0x01, 0x00, 0x01, 0x00, 0x01, 0x00, 0x01, 0x00, 0x01, 0x00, 0x01, 0x00, 0x01, 0x00, 0x01, 0x00, 0x01, 0x00, 0x01, 0x00, 0x01, 0x00, 0x01, 0x00, 0x01, 0x00, 0x01, 0x00, 0x01, 0x00, 0x01,
    0x00, 0x01, 0x00, 0x01, 0x00, 0x01, 0x00, 0x01, 0x00, 0x01, 0x00, 0x01, 0x00, 0x01, 0x00, 0x01, 0x00, 0x01, 0x00, 0x01, 0x00, 0x01, 0x00, 0x01, 0x00, 0x01, 0x00, 0x01, 0x00, 0x01, 0x00, 0x01,
    0x00, 0x01, 0x00, 0x01, 0x00, 0x01, 0x00, 0x01, 0x00, 0x01, 0x00, 0x01, 0x00, 0x01, 0x00, 0x01, 0x00, 0x01, 0x00, 0x01, 0x00, 0x01, 0x00, 0x01, 0x00, 0x01, 0x00, 0x01, 0x00, 0x01, 0x00, 0x01,
    0x00, 0x01, 0x00, 0x01, 0x00, 0x01, 0x00, 0x01, 0x00, 0x01, 0x00, 0x01, 0x00, 0x01, 0x00, 0x01, 0x00, 0x01, 0x00, 0x01, 0x00, 0x01, 0x00, 0x01, 0x00, 0x01, 0x00, 0x01, 0x00, 0x01, 0x00, 0x01,
    0x00, 0x01, 0x00, 0x01, 0x00, 0x01, 0x00, 0x01, 0x00, 0x01, 0x00, 0x01, 0x00, 0x01, 0x00, 0x01, 0x00, 0x01, 0x00, 0x01, 0x00, 0x01, 0x00, 0x01, 0x00, 0x01, 0x00, 0x01, 0x00, 0x01, 0x00, 0x01,
    0x00, 0x01, 0x00, 0x01, 0x00, 0x01, 0x00, 0x01, 0x00, 0x01, 0x00, 0x01, 0x00, 0x01, 0x00, 0x01, 0x00, 0x01, 0x00, 0x01, 0x00, 0x01, 0x00, 0x01, 0x00, 0x01, 0x00, 0x01, 0x00, 0x01, 0x00, 0x01,
    0x00, 0x01, 0x00, 0x01, 0x00, 0x01, 0x00, 0x01, 0x00, 0x01, 0x00, 0x01, 0x00, 0x01, 0x00, 0x01, 0x00, 0x01, 0x00, 0x01, 0x00, 0x01, 0x00, 0x01, 0x00, 0x01, 0x00, 0x01, 0x00, 0x01, 0x00, 0x01,
    0x00, 0x01, 0x00, 0x01, 0x00, 0x01, 0x00, 0x01, 0x00, 0x01, 0x00, 0x01, 0x00, 0x01, 0x00, 0x01, 0x00, 0x01, 0x00, 0x01, 0x00, 0x01, 0x00, 0x01, 0x00, 0x01, 0x00, 0x01, 0x00, 0x01, 0x00, 0x01,
    0x00, 0x01, 0x00, 0x01, 0x00, 0x01, 0x00, 0x01, 0x00, 0x01, 0x00, 0x01, 0x00, 0x01, 0x00, 0x01, 0x00, 0x01, 0x00, 0x01, 0x00, 0x01, 0x00, 0x01, 0x00, 0x01, 0x00, 0x01, 0x00, 0x01, 0x00, 0x01,
    0x00, 0x01, 0x00, 0x01, 0x00, 0x01, 0x00, 0x01, 0x00, 0x01, 0x00, 0x01, 0x00, 0x01, 0x00, 0x01, 0x00, 0x01, 0x00, 0x01, 0x00, 0x01, 0x00, 0x01, 0x00, 0x01, 0x00, 0x01, 0x00, 0x01, 0x00, 0x01,
    0x00, 0x01, 0x00, 0x01, 0x00, 0x01, 0x00, 0x01, 0x00, 0x01, 0x00, 0x01, 0x00, 0x01, 0x00, 0x01, 0x00, 0x01, 0x00, 0x01, 0x00, 0x01, 0x00, 0x01, 0x00, 0x01, 0x00, 0x01, 0x00, 0x01, 0x00, 0x01,
    0x00, 0x01, 0x00, 0x01, 0x00, 0x01, 0x00, 0x01, 0x00, 0x01, 0x00, 0x01, 0x00, 0x01, 0x00, 0x01, 0x00, 0x01, 0x00, 0x01, 0x00, 0x01, 0x00, 0x01, 0x00, 0x01, 0x00, 0x01, 0x00, 0x01, 0x00, 0x01,
    0x00, 0x01, 0x00, 0x01, 0x00, 0x01, 0x00, 0x01, 0x00, 0x01, 0x00, 0x01, 0x00, 0x01, 0x00, 0x01, 0x00, 0x01, 0x00, 0x01, 0x00, 0x01, 0x00, 0x01, 0x00, 0x01, 0x00, 0x01, 0x00, 0x01, 0x00, 0x01,
    0x00, 0x01, 0x00, 0x01, 0x00, 0x01, 0x00, 0x01, 0x00, 0x01, 0x00, 0x01, 0x00, 0x01, 0x00, 0x01, 0x00, 0x01, 0x00, 0x01, 0x00, 0x01, 0x00, 0x01, 0x00, 0x01, 0x00, 0x01, 0x00, 0x01, 0x00, 0x01,
    0x00, 0x01, 0x00, 0x01, 0x00, 0x01, 0x00, 0x01, 0x00, 0x01, 0x00, 0x01, 0x00, 0x01, 0x00, 0x01, 0x00, 0x01, 0x00, 0x01, 0x00, 0x01, 0x00, 0x01, 0x00, 0x01, 0x00, 0x01, 0x00, 0x01, 0x00, 0x01,
    0x00, 0x01, 0x00, 0x01, 0x00, 0x01, 0x00, 0x01, 0x00, 0x01, 0x00, 0x01, 0x00, 0x01, 0x00, 0x01, 0x00, 0x01, 0x00, 0x01, 0x00, 0x01, 0x00, 0x01, 0x00, 0x01, 0x00, 0x01, 0x00, 0x01, 0x00, 0x01,
    0x00, 0x01, 0x00, 0x01, 0x00, 0x01, 0x00, 0x01, 0x00, 0x01, 0x00, 0x01, 0x00, 0x01, 0x00, 0x01, 0x00, 0x01, 0x00, 0x01, 0x00, 0x01, 0x00, 0x01, 0x00, 0x01, 0x00, 0x01, 0x00, 0x01, 0x00, 0x01,
    0x00, 0x01, 0x00, 0x01, 0x00, 0x01, 0x00, 0x01, 0x00, 0x01, 0x00, 0x01, 0x00, 0x01, 0x00, 0x01, 0x00, 0x01, 0x00, 0x01, 0x00, 0x01, 0x00, 0x01, 0x00, 0x01, 0x00, 0x01, 0x00, 0x01, 0x00, 0x01,
    0x00, 0x01, 0x00, 0x01, 0x00, 0x01, 0x00, 0x01, 0x00, 0x01, 0x00, 0x01, 0x00, 0x01, 0x00, 0x01, 0x00, 0x01, 0x00, 0x01, 0x00, 0x01, 0x00, 0x01, 0x00, 0x01, 0x00, 0x01, 0x00, 0x01, 0x00, 0x01,
    0x00, 0x01, 0x00, 0x01, 0x00, 0x01, 0x00, 0x01, 0x00, 0x01, 0x00, 0x01, 0x00, 0x01, 0x00, 0x01, 0x00, 0x01, 0x00, 0x01, 0x00, 0x01, 0x00, 0x01, 0x00, 0x01, 0x00, 0x01, 0x00, 0x01, 0x00, 0x01,
    0x00, 0x01, 0x00, 0x01, 0x00, 0x01, 0x00, 0x01, 0x00, 0x01, 0x00, 0x01, 0x00, 0x01, 0x00, 0x01, 0x00, 0x01, 0x00, 0x01, 0x00, 0x01, 0x00, 0x01, 0x00, 0x01, 0x00, 0x01, 0x00, 0x01, 0x00, 0x01,
    0x00, 0x01, 0x00, 0x01, 0x00, 0x01, 0x00, 0x01, 0x00, 0x01, 0x00, 0x01, 0x00, 0x01, 0x00, 0x01, 0x00, 0x01, 0x00, 0x01, 0x00, 0x01, 0x00, 0x01, 0x00, 0x01, 0x00, 0x01, 0x00, 0x01, 0x00, 0x01,
    0x00, 0x01, 0x00, 0x01, 0x00, 0x01, 0x00, 0x01, 0x00, 0x01, 0x00, 0x01, 0x00, 0x01, 0x00, 0x01, 0x00, 0x01, 0x00, 0x01, 0x00, 0x01, 0x00, 0x01, 0x00, 0x01, 0x00, 0x01, 0x00, 0x01, 0x00, 0x01,
    0x00, 0x01, 0x00, 0x01, 0x00, 0x01, 0x00, 0x01, 0x00, 0x01, 0x00, 0x01, 0x00, 0x01, 0x00, 0x01, 0x00, 0x01, 0x00, 0x01, 0x00, 0x01, 0x00, 0x01, 0x00, 0x01, 0x00, 0x01, 0x00, 0x01, 0x00, 0x01,
    0x00, 0x01, 0x00, 0x01, 0x00, 0x01, 0x00, 0x01, 0x00, 0x01, 0x00, 0x01, 0x00, 0x01, 0x00, 0x01, 0x00, 0x01, 0x00, 0x01, 0x00, 0x01, 0x00, 0x01, 0x00, 0x01, 0x00, 0x01, 0x00, 0x01, 0x00, 0x01,
    0x00, 0x01, 0x00, 0x01, 0x00, 0x01, 0x00, 0x01, 0x00, 0x01, 0x00, 0x01, 0x00, 0x01, 0x00, 0x01, 0x00, 0x01, 0x00, 0x01, 0x00, 0x01, 0x00, 0x01, 0x00, 0x01, 0x00, 0x01, 0x00, 0x01, 0x00, 0x01,
    0x00, 0x01, 0x00, 0x01, 0x00, 0x01, 0x00, 0x01, 0x00, 0x01, 0x00, 0x01, 0x00, 0x01, 0x00, 0x01, 0x00, 0x01, 0x00, 0x01, 0x00, 0x01, 0x00, 0x01, 0x00, 0x01, 0x00, 0x01, 0x00, 0x01, 0x00, 0x01,
    0x00, 0x01, 0x00, 0x01, 0x00, 0x01, 0x00, 0x01, 0x00, 0x01, 0x00, 0x01, 0x00, 0x01, 0x00, 0x01, 0x00, 0x01, 0x00, 0x01, 0x00, 0x01, 0x00, 0x01, 0x00, 0x01, 0x00, 0x01, 0x00, 0x01, 0x00, 0x01,
    0x00, 0x01, 0x00, 0x01, 0x00, 0x01, 0x00, 0x01, 0x00, 0x01, 0x00, 0x01, 0x00, 0x01, 0x00, 0x01, 0x00, 0x01, 0x00, 0x01, 0x00, 0x01, 0x00, 0x01, 0x00, 0x01, 0x00, 0x01, 0x00, 0x01, 0x00, 0x01,
    0x00, 0x01, 0x00, 0x01, 0x00, 0x01, 0x00, 0x01, 0x00, 0x01, 0x00, 0x01, 0x00, 0x01, 0x00, 0x01, 0x00, 0x01, 0x00, 0x01, 0x00, 0x01, 0x00, 0x01, 0x00, 0x01, 0x00, 0x01, 0x00, 0x01, 0x00, 0x01,
    0x00, 0x01, 0x00, 0x01, 0x00, 0x01, 0x00, 0x01, 0x00, 0x01, 0x00, 0x01, 0x00, 0x01, 0x00, 0x01, 0x00, 0x01, 0x00, 0x01, 0x00, 0x01, 0x00, 0x01, 0x00, 0x01, 0x00, 0x01, 0x00, 0x01, 0x00, 0x01,
    0x00, 0x01, 0x00, 0x01, 0x00, 0x01, 0x00, 0x01, 0x00, 0x01, 0x00, 0x01, 0x00, 0x01, 0x00, 0x01, 0x00, 0x01, 0x00, 0x01, 0x00, 0x01, 0x00, 0x01, 0x00, 0x01, 0x00, 0x01, 0x00, 0x01, 0x00, 0x01,
    0x00, 0x01, 0x00, 0x01, 0x00, 0x01, 0x00, 0x01, 0x00, 0x01, 0x00, 0x01, 0x00, 0x01, 0x00, 0x01, 0x00, 0x01, 0x00, 0x01, 0x00, 0x01, 0x00, 0x01, 0x00, 0x01, 0x00, 0x01, 0x00, 0x01, 0x00, 0x01,
    0x00, 0x01, 0x00, 0x01, 0x00, 0x01, 0x00, 0x01, 0x00, 0x01, 0x00, 0x01, 0x00, 0x01, 0x00, 0x01, 0x00, 0x01, 0x00, 0x01, 0x00, 0x01, 0x00, 0x01, 0x00, 0x01, 0x00, 0x01, 0x00, 0x01, 0x00, 0x01,
    0x00, 0x01, 0x00, 0x01, 0x00, 0x01, 0x00, 0x01, 0x00, 0x01, 0x00, 0x01, 0x00, 0x01, 0x00, 0x01, 0x00, 0x01, 0x00, 0x01, 0x00, 0x01, 0x00, 0x01, 0x00, 0x01, 0x00, 0x01, 0x00, 0x01, 0x00, 0x01,
    0x00, 0x01, 0x00, 0x01, 0x00, 0x01, 0x00, 0x01, 0x00, 0x01, 0x00, 0x01, 0x00, 0x01, 0x00, 0x01, 0x00, 0x01, 0x00, 0x01, 0x00, 0x01, 0x00, 0x01, 0x00, 0x01, 0x00, 0x01, 0x00, 0x01, 0x00, 0x01,
    0x00, 0x01, 0x00, 0x01, 0x00, 0x01, 0x00, 0x01, 0x00, 0x01, 0x00, 0x01, 0x00, 0x01, 0x00, 0x01, 0x00, 0x01, 0x00, 0x01, 0x00, 0x01, 0x00, 0x01, 0x00, 0x01, 0x00, 0x01, 0x00, 0x01, 0x00, 0x01,
    0x00, 0x01, 0x00, 0x01, 0x00, 0x01, 0x00, 0x01, 0x00, 0x01, 0x00, 0x01, 0x00, 0x01, 0x00, 0x01, 0x00, 0x01, 0x00, 0x01, 0x00, 0x01, 0x00, 0x01, 0x00, 0x01, 0x00, 0x01, 0x00, 0x01, 0x00, 0x01,
    0x00, 0x01, 0x00, 0x01, 0x00, 0x01, 0x00, 0x01, 0x00, 0x01, 0x00, 0x01, 0x00, 0x01, 0x00, 0x01, 0x00, 0x01, 0x00, 0x01, 0x00, 0x01, 0x00, 0x01, 0x00, 0x01, 0x00, 0x01, 0x00, 0x01, 0x00, 0x01,
    0x00, 0x01, 0x00, 0x01, 0x00, 0x01, 0x00, 0x01, 0x00, 0x01, 0x00, 0x01, 0x00, 0x01, 0x00, 0x01, 0x00, 0x01, 0x00, 0x01, 0x00, 0x01, 0x00, 0x01, 0x00, 0x01, 0x00, 0x01, 0x00, 0x01, 0x00, 0x01,
    0x00, 0x01, 0x00, 0x01, 0x00, 0x01, 0x00, 0x01, 0x00, 0x01, 0x00, 0x01, 0x00, 0x01, 0x00, 0x01, 0x00, 0x01, 0x00, 0x01, 0x00, 0x01, 0x00, 0x01, 0x00, 0x01, 0x00, 0x01, 0x00, 0x01, 0x00, 0x01,
    0x00, 0x01, 0x00, 0x01, 0x00, 0x01, 0x00, 0x01, 0x00, 0x01, 0x00, 0x01, 0x00, 0x01, 0x00, 0x01, 0x00, 0x01, 0x00, 0x01, 0x00, 0x01, 0x00, 0x01, 0x00, 0x01, 0x00, 0x01, 0x00, 0x01, 0x00, 0x01,
    0x00, 0x01, 0x00, 0x01, 0x00, 0x01, 0x00, 0x01, 0x00, 0x01, 0x00, 0x01, 0x00, 0x01, 0x00, 0x01, 0x00, 0x01, 0x00, 0x01, 0x00, 0x01, 0x00, 0x01, 0x00, 0x01, 0x00, 0x01, 0x00, 0x01, 0x00, 0x01,
    0x00, 0x01, 0x00, 0x01, 0x00, 0x01, 0x00, 0x01, 0x00, 0x01, 0x00, 0x01, 0x00, 0x01, 0x00, 0x01, 0x00, 0x01, 0x00, 0x01, 0x00, 0x01, 0x00, 0x01, 0x00, 0x01, 0x00, 0x01, 0x00, 0x01, 0x00, 0x01,
    0x00, 0x01, 0x00, 0x01, 0x00, 0x01, 0x00, 0x01, 0x00, 0x01, 0x00, 0x01, 0x00, 0x01, 0x00, 0x01, 0x00, 0x01, 0x00, 0x01, 0x00, 0x01, 0x00, 0x01, 0x00, 0x01, 0x00, 0x01, 0x00, 0x01, 0x00, 0x01,
    0x00, 0x01, 0x00, 0x01, 0x00, 0x01, 0x00, 0x01, 0x00, 0x01, 0x00, 0x01, 0x00, 0x01, 0x00, 0x01, 0x00, 0x01, 0x00, 0x01, 0x00, 0x01, 0x00, 0x01, 0x00, 0x01, 0x00, 0x01, 0x00, 0x01, 0x00, 0x01,
    0x00, 0x01, 0x00, 0x01, 0x00, 0x01, 0x00, 0x01, 0x00, 0x01, 0x00, 0x01, 0x00, 0x01, 0x00, 0x01, 0x00, 0x01, 0x00, 0x01, 0x00, 0x01, 0x00, 0x01, 0x00, 0x01, 0x00, 0x01, 0x00, 0x01, 0x00, 0x01,
    0x00, 0x01, 0x00, 0x01, 0x00, 0x01, 0x00, 0x01, 0x00, 0x01, 0x00, 0x01, 0x00, 0x01, 0x00, 0x01, 0x00, 0x01, 0x00, 0x01, 0x00, 0x01, 0x00, 0x01, 0x00, 0x01, 0x00, 0x01, 0x00, 0x01, 0x00, 0x01,
    0x00, 0x01, 0x00, 0x01, 0x00, 0x01, 0x00, 0x01, 0x00, 0x01, 0x00, 0x01, 0x00, 0x01, 0x00, 0x01, 0x00, 0x01, 0x00, 0x01, 0x00, 0x01, 0x00, 0x01, 0x00, 0x01, 0x00, 0x01, 0x00, 0x01, 0x00, 0x01,
    0x00, 0x01, 0x00, 0x01, 0x00, 0x01, 0x00, 0x01, 0x00, 0x01, 0x00, 0x01, 0x00, 0x01, 0x00, 0x01, 0x00, 0x01, 0x00, 0x01, 0x00, 0x01, 0x00, 0x01, 0x00, 0x01, 0x00, 0x01, 0x00, 0x01, 0x00, 0x01,
    0x00, 0x01, 0x00, 0x01, 0x00, 0x01, 0x00, 0x01, 0x00, 0x01, 0x00, 0x01, 0x00, 0x01, 0x00, 0x01, 0x00, 0x01, 0x00, 0x01, 0x00, 0x01, 0x00, 0x01, 0x00, 0x01, 0x00, 0x01, 0x00, 0x01, 0x00, 0x01,
    0x00, 0x01, 0x00, 0x01, 0x00, 0x01, 0x00, 0x01, 0x00, 0x01, 0x00, 0x01, 0x00, 0x01, 0x00, 0x01, 0x00, 0x01, 0x00, 0x01, 0x00, 0x01, 0x00, 0x01, 0x00, 0x01, 0x00, 0x01, 0x00, 0x01, 0x00, 0x01,
    0x00, 0x01, 0x00, 0x01, 0x00, 0x01, 0x00, 0x01, 0x00, 0x01, 0x00, 0x01, 0x00, 0x01, 0x00, 0x01, 0x00, 0x01, 0x00, 0x01, 0x00, 0x01, 0x00, 0x01, 0x00, 0x01, 0x00, 0x01, 0x00, 0x01, 0x00, 0x01,
    0x00, 0x01, 0x00, 0x01, 0x00, 0x01, 0x00, 0x01, 0x00, 0x01, 0x00, 0x01, 0x00, 0x01, 0x00, 0x01, 0x00, 0x01, 0x00, 0x01, 0x00, 0x01, 0x00, 0x01, 0x00, 0x01, 0x00, 0x01, 0x00, 0x01, 0x00, 0x01,
    0x00, 0x01, 0x00, 0x01, 0x00, 0x01, 0x00, 0x01, 0x00, 0x01, 0x00, 0x01, 0x00, 0x01, 0x00, 0x01, 0x00, 0x01, 0x00, 0x01, 0x00, 0x01, 0x00, 0x01, 0x00, 0x01, 0x00, 0x01, 0x00, 0x01, 0x00, 0x01,
    0x00, 0x01, 0x00, 0x01, 0x00, 0x01, 0x00, 0x01, 0x00, 0x01, 0x00, 0x01, 0x00, 0x01, 0x00, 0x01, 0x00, 0x01, 0x00, 0x01, 0x00, 0x01, 0x00, 0x01, 0x00, 0x01, 0x00, 0x01, 0x00, 0x01, 0x00, 0x01,
    0x00, 0x01, 0x00, 0x01, 0x00, 0x01, 0x00, 0x01, 0x00, 0x01, 0x00, 0x01, 0x00, 0x01, 0x00, 0x01, 0x00, 0x01, 0x00, 0x01, 0x00, 0x01, 0x00, 0x01, 0x00, 0x01, 0x00, 0x01, 0x00, 0x01, 0x00, 0x01,
    0x00, 0x01, 0x00, 0x01, 0x00, 0x01, 0x00, 0x01, 0x00, 0x01, 0x00, 0x01, 0x00, 0x01, 0x00, 0x01, 0x00, 0x01, 0x00, 0x01, 0x00, 0x01, 0x00, 0x01, 0x00, 0x01, 0x00, 0x01, 0x00, 0x01, 0x00, 0x01,
    0x00, 0x01, 0x00, 0x01, 0x00, 0x01, 0x00, 0x01, 0x00, 0x01, 0x00, 0x01, 0x00, 0x01, 0x00, 0x01, 0x00, 0x01, 0x00, 0x01, 0x00, 0x01, 0x00, 0x01, 0x00, 0x01, 0x00, 0x01, 0x00, 0x01, 0x00, 0x01,
    0x00, 0x01, 0x00, 0x01, 0x00, 0x01, 0x00, 0x01, 0x00, 0x01, 0x00, 0x01, 0x00, 0x01, 0x00, 0x01, 0x00, 0x01, 0x00, 0x01, 0x00, 0x01, 0x00, 0x01, 0x00, 0x01, 0x00, 0x01, 0x00, 0x01, 0x00, 0x01,
    0x00, 0x01, 0x00, 0x01, 0x00, 0x01, 0x00, 0x01, 0x00, 0x01, 0x00, 0x01, 0x00, 0x01, 0x00, 0x01, 0x00, 0x01, 0x00, 0x01, 0x00, 0x01, 0x00, 0x01, 0x00, 0x01, 0x00, 0x01, 0x00, 0x01, 0x00, 0x01,
    0x00, 0x01, 0x00, 0x01, 0x00, 0x01, 0x00, 0x01, 0x00, 0x01, 0x00, 0x01, 0x00, 0x01, 0x00, 0x01, 0x00, 0x01, 0x00, 0x01, 0x00, 0x01, 0x00, 0x01, 0x00, 0x01, 0x00, 0x01, 0x00, 0x01, 0x00, 0x01,
    0x00, 0x01, 0x00, 0x01, 0x00, 0x01, 0x00, 0x01, 0x00, 0x01, 0x00, 0x01, 0x00, 0x01, 0x00, 0x01, 0x00, 0x01, 0x00, 0x01, 0x00, 0x01, 0x00, 0x01, 0x00, 0x01, 0x00, 0x01, 0x00, 0x01, 0x00, 0x01,
    0x00, 0x01, 0x00, 0x01, 0x00, 0x01, 0x00, 0x01, 0x00, 0x01, 0x00, 0x01, 0x00, 0x01, 0x00, 0x01, 0x00, 0x01, 0x00, 0x01, 0x00, 0x01, 0x00, 0x01, 0x00, 0x01, 0x00, 0x01, 0x00, 0x01, 0x00, 0x01,
    0x00, 0x01, 0x00, 0x01, 0x00, 0x01, 0x00, 0x01, 0x00, 0x01, 0x00, 0x01, 0x00, 0x01, 0x00, 0x01, 0x00, 0x01, 0x00, 0x01, 0x00, 0x01, 0x00, 0x01, 0x00, 0x01, 0x00, 0x01, 0x00, 0x01, 0x00, 0x01,
    0x00, 0x01, 0x00, 0x01, 0x00, 0x01, 0x00, 0x01, 0x00, 0x01, 0x00, 0x01, 0x00, 0x01, 0x00, 0x01, 0x00, 0x01, 0x00, 0x01, 0x00, 0x01, 0x00, 0x01, 0x00, 0x01, 0x00, 0x01, 0x00, 0x01, 0x00, 0x01,
    0x00, 0x01, 0x00, 0x01, 0x00, 0x01, 0x00, 0x01, 0x00, 0x01, 0x00, 0x01, 0x00, 0x01, 0x00, 0x01, 0x00, 0x01, 0x00, 0x01, 0x00, 0x01, 0x00, 0x01, 0x00, 0x01, 0x00, 0x01, 0x00, 0x01, 0x00, 0x01,
    0x00, 0x01, 0x00, 0x01, 0x00, 0x01, 0x00, 0x01, 0x00, 0x01, 0x00, 0x01, 0x00, 0x01, 0x00, 0x01, 0x00, 0x01, 0x00, 0x01, 0x00, 0x01, 0x00, 0x01, 0x00, 0x01, 0x00, 0x01, 0x00, 0x01, 0x00, 0x01,
    0x00, 0x01, 0x00, 0x01, 0x00, 0x01, 0x00, 0x01, 0x00, 0x01, 0x00, 0x01, 0x00, 0x01, 0x00, 0x01, 0x00, 0x01, 0x00, 0x01, 0x00, 0x01, 0x00, 0x01, 0x00, 0x01, 0x00, 0x01, 0x00, 0x01, 0x00, 0x01,
    0x00, 0x01, 0x00, 0x01, 0x00, 0x01, 0x00, 0x01, 0x00, 0x01, 0x00, 0x01, 0x00, 0x01, 0x00, 0x01, 0x00, 0x01, 0x00, 0x01, 0x00, 0x01, 0x00, 0x01, 0x00, 0x01, 0x00, 0x01, 0x00, 0x01, 0x00, 0x01,
    0x00, 0x01, 0x00, 0x01, 0x00, 0x01, 0x00, 0x01, 0x00, 0x01, 0x00, 0x01, 0x00, 0x01, 0x00, 0x01, 0x00, 0x01, 0x00, 0x01, 0x00, 0x01, 0x00, 0x01, 0x00, 0x01, 0x00, 0x01, 0x00, 0x01, 0x00, 0x01,
    0x00, 0x01, 0x00, 0x01, 0x00, 0x01, 0x00, 0x01, 0x00, 0x01, 0x00, 0x01, 0x00, 0x01, 0x00, 0x01, 0x00, 0x01, 0x00, 0x01, 0x00, 0x01, 0x00, 0x01, 0x00, 0x01, 0x00, 0x01, 0x00, 0x01, 0x00, 0x01,
    0x00, 0x01, 0x00, 0x01, 0x00, 0x01, 0x00, 0x01, 0x00, 0x01, 0x00, 0x01, 0x00, 0x01, 0x00, 0x01, 0x00, 0x01, 0x00, 0x01, 0x00, 0x01, 0x00, 0x01, 0x00, 0x01, 0x00, 0x01, 0x00, 0x01, 0x00, 0x01,
};
alignas(8) inline constexpr uint8_t kTex9[1024] = {   // laptop_keys 32x16
    0x5B, 0x1B, 0x5B, 0x1B, 0x5B, 0x1B, 0x5B, 0x1B, 0x5B, 0x1B, 0x5B, 0x1B, 0x5B, 0x1B, 0x5B, 0x1B, 0x5B, 0x1B, 0x5B, 0x1B, 0x5B, 0x1B, 0x5B, 0x1B, 0x5B, 0x1B, 0x5B, 0x1B, 0x5B, 0x1B, 0x5B, 0x1B,
    0x5B, 0x1B, 0x5B, 0x1B, 0x5B, 0x1B, 0x5B, 0x1B, 0x5B, 0x1B, 0x5B, 0x1B, 0x5B, 0x1B, 0x5B, 0x1B, 0x5B, 0x1B, 0x5B, 0x1B, 0x5B, 0x1B, 0x5B, 0x1B, 0x5B, 0x1B, 0x5B, 0x1B, 0x5B, 0x1B, 0x5B, 0x1B,
    0x5B, 0x1B, 0x31, 0xD1, 0x31, 0xD1, 0x5B, 0x1B, 0xE7, 0x3B, 0xE7, 0x3B, 0x5B, 0x1B, 0xE7, 0x3B, 0xE7, 0x3B, 0x5B, 0x1B, 0xE7, 0x3B, 0xE7, 0x3B, 0x5B, 0x1B, 0xE7, 0x3B, 0xE7, 0x3B, 0x5B, 0x1B,
    0x31, 0xD1, 0x31, 0xD1, 0x5B, 0x1B, 0xE7, 0x3B, 0xE7, 0x3B, 0x5B, 0x1B, 0xE7, 0x3B, 0xE7, 0x3B, 0x5B, 0x1B, 0xE7, 0x3B, 0xE7, 0x3B, 0x5B, 0x1B, 0xE7, 0x3B, 0xE7, 0x3B, 0x5B, 0x1B, 0x5B, 0x1B,
    0x5B, 0x1B, 0x5B, 0x1B, 0x5B, 0x1B, 0x5B, 0x1B, 0x5B, 0x1B, 0x5B, 0x1B, 0x5B, 0x1B, 0x5B, 0x1B, 0x5B, 0x1B, 0x5B, 0x1B, 0x5B, 0x1B, 0x5B, 0x1B, 0x5B, 0x1B, 0x5B, 0x1B, 0x5B, 0x1B, 0x5B, 0x1B,
    0x5B, 0x1B, 0x5B, 0x1B, 0x5B, 0x1B, 0x5B, 0x1B, 0x5B, 0x1B, 0x5B, 0x1B, 0x5B, 0x1B, 0x5B, 0x1B, 0x5B, 0x1B, 0x5B, 0x1B, 0x5B, 0x1B, 0x5B, 0x1B, 0x5B, 0x1B, 0x5B, 0x1B, 0x5B, 0x1B, 0x5B, 0x1B,
    0x5B, 0x1B, 0xE7, 0x3B, 0xE7, 0x3B, 0x5B, 0x1B, 0xE7, 0x3B, 0xE7, 0x3B, 0x5B, 0x1B, 0xE7, 0x3B, 0xE7, 0x3B, 0x5B, 0x1B, 0xE7, 0x3B, 0xE7, 0x3B, 0x5B, 0x1B, 0x31, 0xD1, 0x31, 0xD1, 0x5B, 0x1B,
    0xE7, 0x3B, 0xE7, 0x3B, 0x5B, 0x1B, 0xE7, 0x3B, 0xE7, 0x3B, 0x5B, 0x1B, 0xE7, 0x3B, 0xE7, 0x3B, 0x5B, 0x1B, 0xE7, 0x3B, 0xE7, 0x3B, 0x5B, 0x1B, 0x31, 0xD1, 0x31, 0xD1, 0x5B, 0x1B, 0x5B, 0x1B,
    0x5B, 0x1B, 0x5B, 0x1B, 0x5B, 0x1B, 0x5B, 0x1B, 0x5B, 0x1B, 0x5B, 0x1B, 0x5B, 0x1B, 0x5B, 0x1B, 0x5B, 0x1B, 0x5B, 0x1B, 0x5B, 0x1B, 0x5B, 0x1B, 0x5B, 0x1B, 0x5B, 0x1B, 0x5B, 0x1B, 0x5B, 0x1B,
    0x5B, 0x1B, 0x5B, 0x1B, 0x5B, 0x1B, 0x5B, 0x1B, 0x5B, 0x1B, 0x5B, 0x1B, 0x5B, 0x1B, 0x5B, 0x1B, 0x5B, 0x1B, 0x5B, 0x1B, 0x5B, 0x1B, 0x5B, 0x1B, 0x5B, 0x1B, 0x5B, 0x1B, 0x5B, 0x1B, 0x5B, 0x1B,
    0x5B, 0x1B, 0xE7, 0x3B, 0xE7, 0x3B, 0x5B, 0x1B, 0xE7, 0x3B, 0xE7, 0x3B, 0x5B, 0x1B, 0xE7, 0x3B, 0xE7, 0x3B, 0x5B, 0x1B, 0x31, 0xD1, 0x31, 0xD1, 0x5B, 0x1B, 0xE7, 0x3B, 0xE7, 0x3B, 0x5B, 0x1B,
    0xE7, 0x3B, 0xE7, 0x3B, 0x5B, 0x1B, 0xE7, 0x3B, 0xE7, 0x3B, 0x5B, 0x1B, 0xE7, 0x3B, 0xE7, 0x3B, 0x5B, 0x1B, 0x31, 0xD1, 0x31, 0xD1, 0x5B, 0x1B, 0xE7, 0x3B, 0xE7, 0x3B, 0x5B, 0x1B, 0x5B, 0x1B,
    0x5B, 0x1B, 0x5B, 0x1B, 0x5B, 0x1B, 0x5B, 0x1B, 0x5B, 0x1B, 0x5B, 0x1B, 0x5B, 0x1B, 0x5B, 0x1B, 0x5B, 0x1B, 0x5B, 0x1B, 0x5B, 0x1B, 0x5B, 0x1B, 0x5B, 0x1B, 0x5B, 0x1B, 0x5B, 0x1B, 0x5B, 0x1B,
    0x5B, 0x1B, 0x5B, 0x1B, 0x5B, 0x1B, 0x5B, 0x1B, 0x5B, 0x1B, 0x5B, 0x1B, 0x5B, 0x1B, 0x5B, 0x1B, 0x5B, 0x1B, 0x5B, 0x1B, 0x5B, 0x1B, 0x5B, 0x1B, 0x5B, 0x1B, 0x5B, 0x1B, 0x5B, 0x1B, 0x5B, 0x1B,
    0x5B, 0x1B, 0x5B, 0x1B, 0x31, 0xD1, 0x31, 0xD1, 0x5B, 0x1B, 0x31, 0xD1, 0x31, 0xD1, 0x5B, 0x1B, 0xE7, 0x3B, 0xE7, 0x3B, 0xE7, 0x3B, 0xE7, 0x3B, 0xE7, 0x3B, 0xE7, 0x3B, 0xE7, 0x3B, 0xE7, 0x3B,
    0xE7, 0x3B, 0xE7, 0x3B, 0xE7, 0x3B, 0xE7, 0x3B, 0xE7, 0x3B, 0xE7, 0x3B, 0xE7, 0x3B, 0xE7, 0x3B, 0x5B, 0x1B, 0x5B, 0x1B, 0x31, 0xD1, 0x31, 0xD1, 0x5B, 0x1B, 0x31, 0xD1, 0x31, 0xD1, 0x5B, 0x1B,
    0x5B, 0x1B, 0x5B, 0x1B, 0x5B, 0x1B, 0x5B, 0x1B, 0x5B, 0x1B, 0x5B, 0x1B, 0x5B, 0x1B, 0x5B, 0x1B, 0x5B, 0x1B, 0x5B, 0x1B, 0x5B, 0x1B, 0x5B, 0x1B, 0x5B, 0x1B, 0x5B, 0x1B, 0x5B, 0x1B, 0x5B, 0x1B,
    0x5B, 0x1B, 0x5B, 0x1B, 0x5B, 0x1B, 0x5B, 0x1B, 0x5B, 0x1B, 0x5B, 0x1B, 0x5B, 0x1B, 0x5B, 0x1B, 0x5B, 0x1B, 0x5B, 0x1B, 0x5B, 0x1B, 0x5B, 0x1B, 0x5B, 0x1B, 0x5B, 0x1B, 0x5B, 0x1B, 0x5B, 0x1B,
    0x5B, 0x1B, 0x5B, 0x1B, 0x5B, 0x1B, 0x5B, 0x1B, 0x5B, 0x1B, 0x5B, 0x1B, 0x5B, 0x1B, 0x5B, 0x1B, 0x5B, 0x1B, 0x5B, 0x1B, 0x5B, 0x1B, 0x5B, 0x1B, 0x5B, 0x1B, 0x5B, 0x1B, 0x5B, 0x1B, 0x5B, 0x1B,
    0x5B, 0x1B, 0x5B, 0x1B, 0x5B, 0x1B, 0x5B, 0x1B, 0x5B, 0x1B, 0x5B, 0x1B, 0x5B, 0x1B, 0x5B, 0x1B, 0x5B, 0x1B, 0x5B, 0x1B, 0x5B, 0x1B, 0x5B, 0x1B, 0x5B, 0x1B, 0x5B, 0x1B, 0x5B, 0x1B, 0x5B, 0x1B,
    0x5B, 0x1B, 0x5B, 0x1B, 0x5B, 0x1B, 0x5B, 0x1B, 0x5B, 0x1B, 0x5B, 0x1B, 0x5B, 0x1B, 0x5B, 0x1B, 0x5B, 0x1B, 0x5B, 0x1B, 0x84, 0x25, 0x84, 0x25, 0x84, 0x25, 0x84, 0x25, 0x84, 0x25, 0x84, 0x25,
    0x84, 0x25, 0x84, 0x25, 0x84, 0x25, 0x84, 0x25, 0x84, 0x25, 0x84, 0x25, 0x5B, 0x1B, 0x5B, 0x1B, 0x5B, 0x1B, 0x5B, 0x1B, 0x5B, 0x1B, 0x5B, 0x1B, 0x5B, 0x1B, 0x5B, 0x1B, 0x5B, 0x1B, 0x5B, 0x1B,
    0x5B, 0x1B, 0x5B, 0x1B, 0x5B, 0x1B, 0x5B, 0x1B, 0x5B, 0x1B, 0x5B, 0x1B, 0x5B, 0x1B, 0x5B, 0x1B, 0x5B, 0x1B, 0x5B, 0x1B, 0x84, 0x25, 0x84, 0x25, 0x84, 0x25, 0x84, 0x25, 0x84, 0x25, 0x84, 0x25,
    0x84, 0x25, 0x84, 0x25, 0x84, 0x25, 0x84, 0x25, 0x84, 0x25, 0x84, 0x25, 0x5B, 0x1B, 0x5B, 0x1B, 0x5B, 0x1B, 0x5B, 0x1B, 0x5B, 0x1B, 0x5B, 0x1B, 0x5B, 0x1B, 0x5B, 0x1B, 0x5B, 0x1B, 0x5B, 0x1B,
    0x5B, 0x1B, 0x5B, 0x1B, 0x5B, 0x1B, 0x5B, 0x1B, 0x5B, 0x1B, 0x5B, 0x1B, 0x5B, 0x1B, 0x5B, 0x1B, 0x5B, 0x1B, 0x5B, 0x1B, 0x84, 0x25, 0x84, 0x25, 0x84, 0x25, 0x84, 0x25, 0x84, 0x25, 0x84, 0x25,
    0x84, 0x25, 0x84, 0x25, 0x84, 0x25, 0x84, 0x25, 0x84, 0x25, 0x84, 0x25, 0x5B, 0x1B, 0x5B, 0x1B, 0x5B, 0x1B, 0x5B, 0x1B, 0x5B, 0x1B, 0x5B, 0x1B, 0x5B, 0x1B, 0x5B, 0x1B, 0x5B, 0x1B, 0x5B, 0x1B,
    0x5B, 0x1B, 0x5B, 0x1B, 0x5B, 0x1B, 0x5B, 0x1B, 0x5B, 0x1B, 0x5B, 0x1B, 0x5B, 0x1B, 0x5B, 0x1B, 0x5B, 0x1B, 0x5B, 0x1B, 0x84, 0x25, 0x84, 0x25, 0x84, 0x25, 0x84, 0x25, 0x84, 0x25, 0x84, 0x25,
    0x84, 0x25, 0x84, 0x25, 0x84, 0x25, 0x84, 0x25, 0x84, 0x25, 0x84, 0x25, 0x5B, 0x1B, 0x5B, 0x1B, 0x5B, 0x1B, 0x5B, 0x1B, 0x5B, 0x1B, 0x5B, 0x1B, 0x5B, 0x1B, 0x5B, 0x1B, 0x5B, 0x1B, 0x5B, 0x1B,
    0x5B, 0x1B, 0x5B, 0x1B, 0x5B, 0x1B, 0x5B, 0x1B, 0x5B, 0x1B, 0x5B, 0x1B, 0x5B, 0x1B, 0x5B, 0x1B, 0x5B, 0x1B, 0x5B, 0x1B, 0x84, 0x25, 0x84, 0x25, 0x84, 0x25, 0x84, 0x25, 0x84, 0x25, 0x84, 0x25,
    0x84, 0x25, 0x84, 0x25, 0x84, 0x25, 0x84, 0x25, 0x84, 0x25, 0x84, 0x25, 0x5B, 0x1B, 0x5B, 0x1B, 0x5B, 0x1B, 0x5B, 0x1B, 0x5B, 0x1B, 0x5B, 0x1B, 0x5B, 0x1B, 0x5B, 0x1B, 0x5B, 0x1B, 0x5B, 0x1B,
    0x5B, 0x1B, 0x5B, 0x1B, 0x5B, 0x1B, 0x5B, 0x1B, 0x5B, 0x1B, 0x5B, 0x1B, 0x5B, 0x1B, 0x5B, 0x1B, 0x5B, 0x1B, 0x5B, 0x1B, 0x5B, 0x1B, 0x5B, 0x1B, 0x5B, 0x1B, 0x5B, 0x1B, 0x5B, 0x1B, 0x5B, 0x1B,
    0x5B, 0x1B, 0x5B, 0x1B, 0x5B, 0x1B, 0x5B, 0x1B, 0x5B, 0x1B, 0x5B, 0x1B, 0x5B, 0x1B, 0x5B, 0x1B, 0x5B, 0x1B, 0x5B, 0x1B, 0x5B, 0x1B, 0x5B, 0x1B, 0x5B, 0x1B, 0x5B, 0x1B, 0x5B, 0x1B, 0x5B, 0x1B,
};
inline constexpr TexInfo kTextures[kTexCount] = { { kTex0, 64, 32 }, { kTex1, 32, 16 }, { kTex2, 64, 32 }, { kTex3, 32, 32 }, { kTex4, 32, 32 }, { kTex5, 32, 32 }, { kTex6, 32, 32 }, { kTex7, 32, 32 }, { kTex8, 64, 32 }, { kTex9, 32, 16 } };

// ---- Plush: 9 parts, 955 vertices in 34 batches, 1324 triangles ----
constexpr int kPlushPartCount = 9;
inline constexpr const char* kPlushPartNames[kPlushPartCount] = { "body", "head", "ear.L", "ear.R", "arm.L", "arm.R", "leg.L", "leg.R", "tail" };
inline constexpr Part kPlushParts[kPlushPartCount] = {
    { -1, 0.00f, 0.00f, -0.00f, 0, 144, 0, 5 },
    { 0, 0.00f, 20.50f, -0.00f, 144, 444, 5, 15 },
    { 1, 5.50f, 14.00f, -0.00f, 588, 52, 20, 2 },
    { 1, -5.50f, 14.00f, -0.00f, 640, 52, 22, 2 },
    { 0, 8.40f, 18.50f, -0.00f, 692, 53, 24, 2 },
    { 0, -8.40f, 18.50f, -0.00f, 745, 53, 26, 2 },
    { 0, 4.60f, 7.50f, -0.00f, 798, 52, 28, 2 },
    { 0, -4.60f, 7.50f, -0.00f, 850, 52, 30, 2 },
    { 0, 0.00f, 8.50f, -8.20f, 902, 53, 32, 2 },
};
constexpr int kPlushVertCount = 955;
inline constexpr Vert kPlushVerts[kPlushVertCount] = {
    {7.00f, 4.50f, -0.00f, 116, 49, -18, 128, 128},
    {7.52f, 9.00f, -4.70f, 93, -23, -83, 128, 128},
    {9.30f, 9.00f, -0.00f, 125, -25, -4, 128, 128},
    {5.66f, 4.50f, -3.53f, 80, 46, -88, 128, 128},
    {2.87f, 9.00f, -7.61f, 31, -21, -121, 128, 128},
    {2.16f, 4.50f, -5.71f, 19, 43, -118, 128, 128},
    {-2.87f, 9.00f, -7.61f, -36, -21, -120, 128, 128},
    {-2.16f, 4.50f, -5.71f, -45, 43, -111, 128, 128},
    {-7.52f, 9.00f, -4.70f, -97, -23, -78, 128, 128},
    {-5.66f, 4.50f, -3.53f, -99, 47, -63, 128, 128},
    {-9.30f, 9.00f, -0.00f, -125, -25, 4, 128, 128},
    {-7.00f, 4.50f, -0.00f, -116, 49, 18, 128, 128},
    {-7.52f, 9.00f, 4.70f, -93, -23, 83, 128, 128},
    {-5.66f, 4.50f, 3.53f, -80, 46, 88, 128, 128},
    {-2.87f, 9.00f, 7.61f, -31, -21, 121, 128, 128},
    {-2.16f, 4.50f, 5.71f, -19, 43, 118, 128, 128},
    {2.87f, 9.00f, 7.61f, 36, -21, 120, 128, 128},
    {2.16f, 4.50f, 5.71f, 45, 43, 111, 128, 128},
    {7.52f, 9.00f, 4.70f, 97, -23, 78, 128, 128},
    {5.66f, 4.50f, 3.53f, 99, 47, 63, 128, 128},
    {7.44f, 15.00f, -4.58f, 96, 29, -77, 128, 128},
    {9.20f, 15.00f, -0.00f, 123, 32, 4, 128, 128},
    {2.84f, 15.00f, -7.42f, 36, 26, -119, 128, 128},
    {-2.84f, 15.00f, -7.42f, -30, 27, -120, 128, 128},
    {-7.44f, 15.00f, -4.58f, -92, 31, -82, 128, 128},
    {-9.20f, 15.00f, -0.00f, -123, 32, -4, 128, 128},
    {-7.44f, 15.00f, 4.58f, -96, 29, 77, 128, 128},
    {-2.84f, 15.00f, 7.42f, -36, 26, 119, 128, 128},
    {2.84f, 15.00f, 7.42f, 30, 27, 120, 128, 128},
    {7.44f, 15.00f, 4.58f, 92, 31, 82, 128, 128},
    {5.02f, 20.00f, -3.29f, 67, 99, -41, 128, 128},
    {6.20f, 20.00f, -0.00f, 76, 101, 12, 128, 128},
    {7.44f, 15.00f, -4.58f, 96, 29, -77, 128, 128},
    {1.92f, 20.00f, -5.33f, 33, 95, -78, 128, 128},
    {5.02f, 20.00f, -3.29f, 67, 99, -41, 128, 128},
    {2.84f, 15.00f, -7.42f, 36, 26, -119, 128, 128},
    {-1.92f, 20.00f, -5.33f, -14, 93, -85, 128, 128},
    {-2.84f, 15.00f, -7.42f, -30, 27, -120, 128, 128},
    {-5.02f, 20.00f, -3.29f, -55, 97, -60, 128, 128},
    {-7.44f, 15.00f, -4.58f, -92, 31, -82, 128, 128},
    {-6.20f, 20.00f, -0.00f, -76, 101, -12, 128, 128},
    {-9.20f, 15.00f, -0.00f, -123, 32, -4, 128, 128},
    {-5.02f, 20.00f, 3.29f, -67, 99, 41, 128, 128},
    {-7.44f, 15.00f, 4.58f, -96, 29, 77, 128, 128},
    {-1.92f, 20.00f, 5.33f, -33, 95, 78, 128, 128},
    {-2.84f, 15.00f, 7.42f, -36, 26, 119, 128, 128},
    {1.92f, 20.00f, 5.33f, 14, 93, 85, 128, 128},
    {2.84f, 15.00f, 7.42f, 30, 27, 120, 128, 128},
    {5.02f, 20.00f, 3.29f, 55, 97, 60, 128, 128},
    {7.44f, 15.00f, 4.58f, 92, 31, 82, 128, 128},
    {6.20f, 20.00f, -0.00f, 76, 101, 12, 128, 128},
    {9.20f, 15.00f, -0.00f, 123, 32, 4, 128, 128},
    {0.00f, 4.50f, -0.00f, 0, 127, 0, 128, 128},
    {7.00f, 4.50f, -0.00f, 116, 49, -18, 128, 128},
    {5.66f, 4.50f, -3.53f, 80, 46, -88, 128, 128},
    {2.16f, 4.50f, -5.71f, 19, 43, -118, 128, 128},
    {-2.16f, 4.50f, -5.71f, -45, 43, -111, 128, 128},
    {-5.66f, 4.50f, -3.53f, -99, 47, -63, 128, 128},
    {-7.00f, 4.50f, -0.00f, -116, 49, 18, 128, 128},
    {-5.66f, 4.50f, 3.53f, -80, 46, 88, 128, 128},
    {-2.16f, 4.50f, 5.71f, -19, 43, 118, 128, 128},
    {2.16f, 4.50f, 5.71f, 45, 43, 111, 128, 128},
    {5.66f, 4.50f, 3.53f, 99, 47, 63, 128, 128},
    {0.00f, 20.00f, -0.00f, 0, 127, 0, 128, 128},
    {0.00f, 18.50f, 5.00f, 0, 127, 0, 384, 128},
    {3.23f, 17.16f, 5.00f, 94, 84, -20, 384, 128},
    {2.29f, 17.16f, 3.34f, 49, 73, -92, 384, 128},
    {0.00f, 17.16f, 2.65f, -12, 69, -106, 384, 128},
    {-2.29f, 17.16f, 3.34f, -71, 78, -71, 384, 128},
    {-3.23f, 17.16f, 5.00f, -94, 84, 20, 384, 128},
    {-2.29f, 17.16f, 6.66f, -49, 73, 92, 384, 128},
    {-0.00f, 17.16f, 7.35f, 12, 69, 106, 384, 128},
    {2.29f, 17.16f, 6.66f, 71, 78, 71, 384, 128},
    {5.23f, 13.66f, 5.00f, 123, 29, -7, 384, 128},
    {3.70f, 13.66f, 2.31f, 69, 24, -104, 384, 128},
    {0.00f, 13.66f, 1.20f, -4, 21, -125, 384, 128},
    {-3.70f, 13.66f, 2.31f, -77, 25, -98, 384, 128},
    {-5.23f, 13.66f, 5.00f, -123, 29, 7, 384, 128},
    {-3.70f, 13.66f, 7.69f, -69, 24, 104, 384, 128},
    {-0.00f, 13.66f, 8.80f, 4, 21, 125, 384, 128},
    {3.70f, 13.66f, 7.69f, 77, 25, 98, 384, 128},
    {5.23f, 9.34f, 5.00f, 123, -29, 7, 384, 128},
    {3.70f, 9.34f, 2.31f, 77, -25, -98, 384, 128},
    {0.00f, 9.34f, 1.20f, 4, -21, -125, 384, 128},
    {-3.70f, 9.34f, 2.31f, -69, -24, -104, 384, 128},
    {-5.23f, 9.34f, 5.00f, -123, -29, -7, 384, 128},
    {-3.70f, 9.34f, 7.69f, -77, -25, 98, 384, 128},
    {-0.00f, 9.34f, 8.80f, -4, -21, 125, 384, 128},
    {3.70f, 9.34f, 7.69f, 69, -24, 104, 384, 128},
    {3.23f, 5.84f, 5.00f, 94, -84, 20, 384, 128},
    {2.29f, 5.84f, 3.34f, 71, -78, -71, 384, 128},
    {0.00f, 5.84f, 2.65f, 12, -69, -106, 384, 128},
    {-2.29f, 5.84f, 3.34f, -49, -73, -92, 384, 128},
    {-3.23f, 5.84f, 5.00f, -94, -84, -20, 384, 128},
    {-2.29f, 5.84f, 6.66f, -71, -78, 71, 384, 128},
    {-0.00f, 5.84f, 7.35f, -12, -69, 106, 384, 128},
    {-0.00f, 9.34f, 8.80f, -4, -21, 125, 384, 128},
    {-0.00f, 5.84f, 7.35f, -12, -69, 106, 384, 128},
    {2.29f, 5.84f, 6.66f, 49, -73, 92, 384, 128},
    {3.70f, 9.34f, 7.69f, 69, -24, 104, 384, 128},
    {3.23f, 5.84f, 5.00f, 94, -84, 20, 384, 128},
    {5.23f, 9.34f, 5.00f, 123, -29, 7, 384, 128},
    {0.00f, 4.50f, 5.00f, 0, -127, 0, 384, 128},
    {2.29f, 5.84f, 3.34f, 71, -78, -71, 384, 128},
    {0.00f, 5.84f, 2.65f, 12, -69, -106, 384, 128},
    {-2.29f, 5.84f, 3.34f, -49, -73, -92, 384, 128},
    {-3.23f, 5.84f, 5.00f, -94, -84, -20, 384, 128},
    {-2.29f, 5.84f, 6.66f, -71, -78, 71, 384, 128},
    {0.00f, 16.00f, -6.00f, 0, 127, 0, 1920, 128},
    {4.95f, 14.24f, -6.00f, 91, 86, -22, 1920, 128},
    {3.50f, 14.24f, -8.00f, 43, 66, -99, 1920, 128},
    {0.00f, 14.24f, -8.83f, -9, 60, -112, 1920, 128},
    {-3.50f, 14.24f, -8.00f, -63, 73, -83, 1920, 128},
    {-4.95f, 14.24f, -6.00f, -91, 86, 22, 1920, 128},
    {-3.50f, 14.24f, -4.00f, -43, 66, 99, 1920, 128},
    {-0.00f, 14.24f, -3.17f, 9, 60, 112, 1920, 128},
    {3.50f, 14.24f, -4.00f, 63, 73, 83, 1920, 128},
    {7.00f, 10.00f, -6.00f, 127, 0, 0, 1920, 128},
    {4.95f, 10.00f, -8.83f, 63, 0, -110, 1920, 128},
    {0.00f, 10.00f, -10.00f, 0, 0, -127, 1920, 128},
    {-4.95f, 10.00f, -8.83f, -63, 0, -110, 1920, 128},
    {-7.00f, 10.00f, -6.00f, -127, 0, 0, 1920, 128},
    {-4.95f, 10.00f, -3.17f, -63, 0, 110, 1920, 128},
    {-0.00f, 10.00f, -2.00f, 0, 0, 127, 1920, 128},
    {4.95f, 10.00f, -3.17f, 63, 0, 110, 1920, 128},
    {4.95f, 5.76f, -6.00f, 91, -86, 22, 1920, 128},
    {3.50f, 5.76f, -8.00f, 63, -73, -83, 1920, 128},
    {0.00f, 5.76f, -8.83f, 9, -60, -112, 1920, 128},
    {0.00f, 10.00f, -10.00f, 0, 0, -127, 1920, 128},
    {0.00f, 5.76f, -8.83f, 9, -60, -112, 1920, 128},
    {-3.50f, 5.76f, -8.00f, -43, -66, -99, 1920, 128},
    {-4.95f, 10.00f, -8.83f, -63, 0, -110, 1920, 128},
    {-4.95f, 5.76f, -6.00f, -91, -86, -22, 1920, 128},
    {-7.00f, 10.00f, -6.00f, -127, 0, 0, 1920, 128},
    {-3.50f, 5.76f, -4.00f, -63, -73, 83, 1920, 128},
    {-4.95f, 10.00f, -3.17f, -63, 0, 110, 1920, 128},
    {-0.00f, 5.76f, -3.17f, -9, -60, 112, 1920, 128},
    {-0.00f, 10.00f, -2.00f, 0, 0, 127, 1920, 128},
    {3.50f, 5.76f, -4.00f, 43, -66, 99, 1920, 128},
    {4.95f, 10.00f, -3.17f, 63, 0, 110, 1920, 128},
    {4.95f, 5.76f, -6.00f, 91, -86, 22, 1920, 128},
    {7.00f, 10.00f, -6.00f, 127, 0, 0, 1920, 128},
    {0.00f, 4.00f, -6.00f, 0, -127, 0, 1920, 128},
    {3.50f, 5.76f, -8.00f, 63, -73, -83, 1920, 128},
    {0.00f, 16.20f, -0.00f, 0, 127, 0, 128, 128},
    {4.25f, 15.39f, -0.00f, 55, 114, -7, 128, 128},
    {3.68f, 15.39f, -1.91f, 44, 114, -36, 128, 128},
    {2.13f, 15.39f, -3.31f, 22, 112, -55, 128, 128},
    {0.00f, 15.39f, -3.82f, -6, 112, -60, 128, 128},
    {-2.13f, 15.39f, -3.31f, -32, 113, -49, 128, 128},
    {-3.68f, 15.39f, -1.91f, -50, 114, -25, 128, 128},
    {-4.25f, 15.39f, -0.00f, -55, 114, 7, 128, 128},
    {-3.68f, 15.39f, 1.91f, -44, 114, 36, 128, 128},
    {-2.13f, 15.39f, 3.31f, -22, 112, 55, 128, 128},
    {-0.00f, 15.39f, 3.82f, 6, 112, 60, 128, 128},
    {2.13f, 15.39f, 3.31f, 32, 113, 49, 128, 128},
    {3.68f, 15.39f, 1.91f, 50, 114, 25, 128, 128},
    {7.66f, 13.11f, -0.00f, 94, 85, -5, 128, 128},
    {6.64f, 13.11f, -3.44f, 78, 83, -56, 128, 128},
    {3.83f, 13.11f, -5.96f, 41, 81, -89, 128, 128},
    {0.00f, 13.11f, -6.88f, -4, 80, -99, 128, 128},
    {-3.83f, 13.11f, -5.96f, -49, 81, -85, 128, 128},
    {-6.64f, 13.11f, -3.44f, -83, 84, -48, 128, 128},
    {-7.66f, 13.11f, -0.00f, -94, 85, 5, 128, 128},
    {-6.64f, 13.11f, 3.44f, -78, 83, 56, 128, 128},
    {-3.83f, 13.11f, 5.96f, -41, 81, 89, 128, 128},
    {-0.00f, 13.11f, 6.88f, 4, 80, 99, 128, 128},
    {3.83f, 13.11f, 5.96f, 49, 81, 85, 128, 128},
    {6.64f, 13.11f, 3.44f, 83, 84, 48, 128, 128},
    {9.55f, 9.82f, -0.00f, 123, 32, -2, 128, 128},
    {8.27f, 9.82f, -4.29f, 103, 31, -68, 128, 128},
    {4.78f, 9.82f, -7.43f, 55, 30, -110, 128, 128},
    {0.00f, 9.82f, -8.58f, -1, 29, -124, 128, 128},
    {-4.78f, 9.82f, -7.43f, -58, 30, -109, 128, 128},
    {-8.27f, 9.82f, -4.29f, -104, 31, -65, 128, 128},
    {-9.55f, 9.82f, -0.00f, -123, 32, 2, 128, 128},
    {-7.66f, 13.11f, -0.00f, -94, 85, 5, 128, 128},
    {-9.55f, 9.82f, -0.00f, -123, 32, 2, 128, 128},
    {-8.27f, 9.82f, 4.29f, -103, 31, 68, 128, 128},
    {-6.64f, 13.11f, 3.44f, -78, 83, 56, 128, 128},
    {-4.78f, 9.82f, 7.43f, -55, 30, 110, 128, 128},
    {-3.83f, 13.11f, 5.96f, -41, 81, 89, 128, 128},
    {-0.00f, 9.82f, 8.58f, 1, 29, 124, 128, 128},
    {-0.00f, 13.11f, 6.88f, 4, 80, 99, 128, 128},
    {4.78f, 9.82f, 7.43f, 58, 30, 109, 128, 128},
    {3.83f, 13.11f, 5.96f, 49, 81, 85, 128, 128},
    {8.27f, 9.82f, 4.29f, 104, 31, 65, 128, 128},
    {6.64f, 13.11f, 3.44f, 83, 84, 48, 128, 128},
    {9.55f, 9.82f, -0.00f, 123, 32, -2, 128, 128},
    {7.66f, 13.11f, -0.00f, 94, 85, -5, 128, 128},
    {9.55f, 6.18f, -0.00f, 123, -32, 2, 128, 128},
    {8.27f, 6.18f, -4.29f, 104, -31, -65, 128, 128},
    {8.27f, 9.82f, -4.29f, 103, 31, -68, 128, 128},
    {4.78f, 6.18f, -7.43f, 58, -30, -109, 128, 128},
    {4.78f, 9.82f, -7.43f, 55, 30, -110, 128, 128},
    {0.00f, 6.18f, -8.58f, 1, -29, -124, 128, 128},
    {0.00f, 9.82f, -8.58f, -1, 29, -124, 128, 128},
    {-4.78f, 6.18f, -7.43f, -55, -30, -110, 128, 128},
    {-4.78f, 9.82f, -7.43f, -58, 30, -109, 128, 128},
    {-8.27f, 6.18f, -4.29f, -103, -31, -68, 128, 128},
    {-8.27f, 9.82f, -4.29f, -104, 31, -65, 128, 128},
    {-9.55f, 6.18f, -0.00f, -123, -32, -2, 128, 128},
    {-8.27f, 6.18f, 4.29f, -104, -31, 65, 128, 128},
    {-4.78f, 6.18f, 7.43f, -58, -30, 109, 128, 128},
    {-0.00f, 6.18f, 8.58f, -1, -29, 124, 128, 128},
    {4.78f, 6.18f, 7.43f, 55, -30, 110, 128, 128},
    {8.27f, 6.18f, 4.29f, 103, -31, 68, 128, 128},
    {9.55f, 6.18f, -0.00f, 123, -32, 2, 128, 128},
    {7.66f, 2.89f, -0.00f, 94, -85, 5, 128, 128},
    {6.64f, 2.89f, -3.44f, 83, -84, -48, 128, 128},
    {8.27f, 6.18f, -4.29f, 104, -31, -65, 128, 128},
    {3.83f, 2.89f, -5.96f, 49, -81, -85, 128, 128},
    {4.78f, 6.18f, -7.43f, 58, -30, -109, 128, 128},
    {0.00f, 2.89f, -6.88f, 4, -80, -99, 128, 128},
    {0.00f, 6.18f, -8.58f, 1, -29, -124, 128, 128},
    {-3.83f, 2.89f, -5.96f, -41, -81, -89, 128, 128},
    {-4.78f, 6.18f, -7.43f, -55, -30, -110, 128, 128},
    {-6.64f, 2.89f, -3.44f, -78, -83, -56, 128, 128},
    {-8.27f, 6.18f, -4.29f, -103, -31, -68, 128, 128},
    {-7.66f, 2.89f, -0.00f, -94, -85, -5, 128, 128},
    {-9.55f, 6.18f, -0.00f, -123, -32, -2, 128, 128},
    {-6.64f, 2.89f, 3.44f, -83, -84, 48, 128, 128},
    {-8.27f, 6.18f, 4.29f, -104, -31, 65, 128, 128},
    {-3.83f, 2.89f, 5.96f, -49, -81, 85, 128, 128},
    {-4.78f, 6.18f, 7.43f, -58, -30, 109, 128, 128},
    {-0.00f, 2.89f, 6.88f, -4, -80, 99, 128, 128},
    {-0.00f, 6.18f, 8.58f, -1, -29, 124, 128, 128},
    {3.83f, 2.89f, 5.96f, 41, -81, 89, 128, 128},
    {4.78f, 6.18f, 7.43f, 55, -30, 110, 128, 128},
    {6.64f, 2.89f, 3.44f, 78, -83, 56, 128, 128},
    {8.27f, 6.18f, 4.29f, 103, -31, 68, 128, 128},
    {4.25f, 0.61f, -0.00f, 55, -114, 7, 128, 128},
    {3.68f, 0.61f, -1.91f, 50, -114, -25, 128, 128},
    {2.13f, 0.61f, -3.31f, 32, -113, -49, 128, 128},
    {0.00f, 0.61f, -3.82f, 6, -112, -60, 128, 128},
    {-2.13f, 0.61f, -3.31f, -22, -112, -55, 128, 128},
    {-3.68f, 0.61f, -1.91f, -44, -114, -36, 128, 128},
    {-4.25f, 0.61f, -0.00f, -55, -114, -7, 128, 128},
    {-3.68f, 0.61f, 1.91f, -50, -114, 25, 128, 128},
    {-6.64f, 2.89f, 3.44f, -83, -84, 48, 128, 128},
    {-3.68f, 0.61f, 1.91f, -50, -114, 25, 128, 128},
    {-2.13f, 0.61f, 3.31f, -32, -113, 49, 128, 128},
    {-3.83f, 2.89f, 5.96f, -49, -81, 85, 128, 128},
    {-0.00f, 0.61f, 3.82f, -6, -112, 60, 128, 128},
    {-0.00f, 2.89f, 6.88f, -4, -80, 99, 128, 128},
    {2.13f, 0.61f, 3.31f, 22, -112, 55, 128, 128},
    {3.83f, 2.89f, 5.96f, 41, -81, 89, 128, 128},
    {3.68f, 0.61f, 1.91f, 44, -114, 36, 128, 128},
    {6.64f, 2.89f, 3.44f, 78, -83, 56, 128, 128},
    {4.25f, 0.61f, -0.00f, 55, -114, 7, 128, 128},
    {7.66f, 2.89f, -0.00f, 94, -85, 5, 128, 128},
    {0.00f, -0.20f, -0.00f, 0, -127, 0, 128, 128},
    {3.68f, 0.61f, -1.91f, 50, -114, -25, 128, 128},
    {2.13f, 0.61f, -3.31f, 32, -113, -49, 128, 128},
    {0.00f, 0.61f, -3.82f, 6, -112, -60, 128, 128},
    {-2.13f, 0.61f, -3.31f, -22, -112, -55, 128, 128},
    {-3.68f, 0.61f, -1.91f, -44, -114, -36, 128, 128},
    {-4.25f, 0.61f, -0.00f, -55, -114, -7, 128, 128},
    {0.00f, 16.40f, -0.00f, 0, 127, 0, 1920, 128},
    {2.09f, 16.22f, -0.00f, 26, 124, -3, 1920, 128},
    {1.81f, 16.22f, -0.94f, 21, 124, -17, 1920, 128},
    {1.04f, 16.22f, -1.62f, 10, 124, -26, 1920, 128},
    {0.00f, 16.22f, -1.88f, -3, 124, -29, 1920, 128},
    {-1.04f, 16.22f, -1.62f, -15, 124, -23, 1920, 128},
    {-1.81f, 16.22f, -0.94f, -24, 124, -12, 1920, 128},
    {-2.09f, 16.22f, -0.00f, -26, 124, 3, 1920, 128},
    {-1.81f, 16.22f, 0.94f, -21, 124, 17, 1920, 128},
    {-1.04f, 16.22f, 1.62f, -10, 124, 26, 1920, 128},
    {-0.00f, 16.22f, 1.88f, 3, 124, 29, 1920, 128},
    {1.04f, 16.22f, 1.62f, 15, 124, 23, 1920, 128},
    {1.81f, 16.22f, 0.94f, 24, 124, 12, 1920, 128},
    {2.09f, 16.22f, -0.00f, 26, 124, -3, 1920, 128},
    {4.09f, 15.68f, -0.00f, 46, 118, -3, 1920, 128},
    {3.54f, 15.68f, -1.83f, 38, 118, -28, 1920, 128},
    {1.81f, 16.22f, -0.94f, 21, 124, -17, 1920, 128},
    {2.04f, 15.68f, -3.18f, 20, 117, -45, 1920, 128},
    {1.04f, 16.22f, -1.62f, 10, 124, -26, 1920, 128},
    {0.00f, 15.68f, -3.67f, -3, 116, -50, 1920, 128},
    {0.00f, 16.22f, -1.88f, -3, 124, -29, 1920, 128},
    {-2.04f, 15.68f, -3.18f, -25, 117, -42, 1920, 128},
    {-1.04f, 16.22f, -1.62f, -15, 124, -23, 1920, 128},
    {-3.54f, 15.68f, -1.83f, -41, 118, -23, 1920, 128},
    {-1.81f, 16.22f, -0.94f, -24, 124, -12, 1920, 128},
    {-4.09f, 15.68f, -0.00f, -46, 118, 3, 1920, 128},
    {-2.09f, 16.22f, -0.00f, -26, 124, 3, 1920, 128},
    {-3.54f, 15.68f, 1.83f, -38, 118, 28, 1920, 128},
    {-1.81f, 16.22f, 0.94f, -21, 124, 17, 1920, 128},
    {-2.04f, 15.68f, 3.18f, -20, 117, 45, 1920, 128},
    {-1.04f, 16.22f, 1.62f, -10, 124, 26, 1920, 128},
    {-0.00f, 15.68f, 3.67f, 3, 116, 50, 1920, 128},
    {-0.00f, 16.22f, 1.88f, 3, 124, 29, 1920, 128},
    {2.04f, 15.68f, 3.18f, 25, 117, 42, 1920, 128},
    {1.04f, 16.22f, 1.62f, 15, 124, 23, 1920, 128},
    {3.54f, 15.68f, 1.83f, 41, 118, 23, 1920, 128},
    {1.81f, 16.22f, 0.94f, 24, 124, 12, 1920, 128},
    {5.90f, 14.80f, -0.00f, 67, 108, -3, 1920, 128},
    {5.11f, 14.80f, -2.65f, 56, 107, -39, 1920, 128},
    {2.95f, 14.80f, -4.59f, 31, 105, -64, 1920, 128},
    {0.00f, 14.80f, -5.30f, -2, 104, -72, 1920, 128},
    {-2.95f, 14.80f, -4.59f, -35, 105, -62, 1920, 128},
    {-5.11f, 14.80f, -2.65f, -59, 107, -35, 1920, 128},
    {-5.90f, 14.80f, -0.00f, -67, 108, 3, 1920, 128},
    {-5.11f, 14.80f, 2.65f, -56, 107, 39, 1920, 128},
    {-3.54f, 15.68f, 1.83f, -38, 118, 28, 1920, 128},
    {-5.11f, 14.80f, 2.65f, -56, 107, 39, 1920, 128},
    {-2.95f, 14.80f, 4.59f, -31, 105, 64, 1920, 128},
    {-2.04f, 15.68f, 3.18f, -20, 117, 45, 1920, 128},
    {-0.00f, 14.80f, 5.30f, 2, 104, 72, 1920, 128},
    {-0.00f, 15.68f, 3.67f, 3, 116, 50, 1920, 128},
    {2.95f, 14.80f, 4.59f, 35, 105, 62, 1920, 128},
    {2.04f, 15.68f, 3.18f, 25, 117, 42, 1920, 128},
    {5.11f, 14.80f, 2.65f, 59, 107, 35, 1920, 128},
    {3.54f, 15.68f, 1.83f, 41, 118, 23, 1920, 128},
    {5.90f, 14.80f, -0.00f, 67, 108, -3, 1920, 128},
    {4.09f, 15.68f, -0.00f, 46, 118, -3, 1920, 128},
    {7.46f, 13.62f, -0.00f, 76, 101, 6, 1920, 128},
    {6.46f, 13.62f, -3.35f, 68, 101, -37, 1920, 128},
    {5.11f, 14.80f, -2.65f, 56, 107, -39, 1920, 128},
    {3.73f, 13.62f, -5.81f, 42, 98, -68, 1920, 128},
    {2.95f, 14.80f, -4.59f, 31, 105, -64, 1920, 128},
    {0.00f, 13.62f, -6.70f, 6, 97, -82, 1920, 128},
    {0.00f, 14.80f, -5.30f, -2, 104, -72, 1920, 128},
    {-3.73f, 13.62f, -5.81f, -32, 98, -74, 1920, 128},
    {-2.95f, 14.80f, -4.59f, -35, 105, -62, 1920, 128},
    {-6.46f, 13.62f, -3.35f, -62, 100, -47, 1920, 128},
    {-5.11f, 14.80f, -2.65f, -59, 107, -35, 1920, 128},
    {-7.46f, 13.62f, -0.00f, -76, 101, -6, 1920, 128},
    {-5.90f, 14.80f, -0.00f, -67, 108, 3, 1920, 128},
    {-6.46f, 13.62f, 3.35f, -68, 101, 37, 1920, 128},
    {-3.73f, 13.62f, 5.81f, -42, 98, 68, 1920, 128},
    {-0.00f, 13.62f, 6.70f, -6, 97, 82, 1920, 128},
    {3.73f, 13.62f, 5.81f, 32, 98, 74, 1920, 128},
    {6.46f, 13.62f, 3.35f, 62, 100, 47, 1920, 128},
    {0.00f, 9.50f, 7.60f, 0, 127, 0, 896, 128},
    {2.60f, 8.94f, 7.60f, 62, 111, -8, 896, 128},
    {2.10f, 8.94f, 6.13f, 45, 110, -44, 896, 128},
    {0.80f, 8.94f, 5.22f, 12, 110, -63, 896, 128},
    {-0.80f, 8.94f, 5.22f, -26, 110, -58, 896, 128},
    {-2.10f, 8.94f, 6.13f, -54, 110, -31, 896, 128},
    {-2.60f, 8.94f, 7.60f, -62, 111, 8, 896, 128},
    {-2.10f, 8.94f, 9.07f, -45, 110, 44, 896, 128},
    {-0.80f, 8.94f, 9.98f, -12, 110, 63, 896, 128},
    {0.80f, 8.94f, 9.98f, 26, 110, 58, 896, 128},
    {2.10f, 8.94f, 9.07f, 54, 110, 31, 896, 128},
    {4.50f, 7.40f, 7.60f, 105, 71, -5, 896, 128},
    {3.64f, 7.40f, 5.05f, 81, 70, -68, 896, 128},
    {1.39f, 7.40f, 3.48f, 27, 69, -103, 896, 128},
    {-1.39f, 7.40f, 3.48f, -36, 69, -100, 896, 128},
    {-3.64f, 7.40f, 5.05f, -87, 70, -60, 896, 128},
    {-4.50f, 7.40f, 7.60f, -105, 71, 5, 896, 128},
    {-3.64f, 7.40f, 10.15f, -81, 70, 68, 896, 128},
    {-1.39f, 7.40f, 11.72f, -27, 69, 103, 896, 128},
    {1.39f, 7.40f, 11.72f, 36, 69, 100, 896, 128},
    {3.64f, 7.40f, 10.15f, 87, 70, 60, 896, 128},
    {5.20f, 5.30f, 7.60f, 127, 0, 0, 896, 128},
    {4.21f, 5.30f, 4.66f, 101, 0, -77, 896, 128},
    {1.61f, 5.30f, 2.84f, 38, 0, -121, 896, 128},
    {-1.61f, 5.30f, 2.84f, -38, 0, -121, 896, 128},
    {-4.21f, 5.30f, 4.66f, -101, 0, -77, 896, 128},
    {-5.20f, 5.30f, 7.60f, -127, 0, 0, 896, 128},
    {-4.21f, 5.30f, 10.54f, -101, 0, 77, 896, 128},
    {-1.61f, 5.30f, 12.36f, -38, 0, 121, 896, 128},
    {1.61f, 5.30f, 12.36f, 38, 0, 121, 896, 128},
    {4.21f, 5.30f, 10.54f, 101, 0, 77, 896, 128},
    {5.20f, 5.30f, 7.60f, 127, 0, 0, 896, 128},
    {4.50f, 3.20f, 7.60f, 105, -71, 5, 896, 128},
    {3.64f, 3.20f, 5.05f, 87, -70, -60, 896, 128},
    {4.21f, 5.30f, 4.66f, 101, 0, -77, 896, 128},
    {1.39f, 3.20f, 3.48f, 36, -69, -100, 896, 128},
    {1.61f, 5.30f, 2.84f, 38, 0, -121, 896, 128},
    {-1.39f, 3.20f, 3.48f, -27, -69, -103, 896, 128},
    {-1.61f, 5.30f, 2.84f, -38, 0, -121, 896, 128},
    {-3.64f, 3.20f, 5.05f, -81, -70, -68, 896, 128},
    {-4.21f, 5.30f, 4.66f, -101, 0, -77, 896, 128},
    {-4.50f, 3.20f, 7.60f, -105, -71, -5, 896, 128},
    {-5.20f, 5.30f, 7.60f, -127, 0, 0, 896, 128},
    {-3.64f, 3.20f, 10.15f, -87, -70, 60, 896, 128},
    {-4.21f, 5.30f, 10.54f, -101, 0, 77, 896, 128},
    {-1.39f, 3.20f, 11.72f, -36, -69, 100, 896, 128},
    {-1.61f, 5.30f, 12.36f, -38, 0, 121, 896, 128},
    {1.39f, 3.20f, 11.72f, 27, -69, 103, 896, 128},
    {1.61f, 5.30f, 12.36f, 38, 0, 121, 896, 128},
    {3.64f, 3.20f, 10.15f, 81, -70, 68, 896, 128},
    {4.21f, 5.30f, 10.54f, 101, 0, 77, 896, 128},
    {2.60f, 1.66f, 7.60f, 62, -111, 8, 896, 128},
    {2.10f, 1.66f, 6.13f, 54, -110, -31, 896, 128},
    {0.80f, 1.66f, 5.22f, 26, -110, -58, 896, 128},
    {-0.80f, 1.66f, 5.22f, -12, -110, -63, 896, 128},
    {-2.10f, 1.66f, 6.13f, -45, -110, -44, 896, 128},
    {-2.60f, 1.66f, 7.60f, -62, -111, -8, 896, 128},
    {-2.10f, 1.66f, 9.07f, -54, -110, 31, 896, 128},
    {-0.80f, 1.66f, 9.98f, -26, -110, 58, 896, 128},
    {0.80f, 1.66f, 9.98f, 12, -110, 63, 896, 128},
    {2.10f, 1.66f, 9.07f, 45, -110, 44, 896, 128},
    {0.00f, 1.10f, 7.60f, 0, -127, 0, 896, 128},
    {0.00f, 8.60f, 12.30f, 0, 127, 0, 1152, 128},
    {1.34f, 8.22f, 12.30f, 82, 96, -16, 1152, 128},
    {0.95f, 8.22f, 11.65f, 44, 84, -84, 1152, 128},
    {0.00f, 8.22f, 11.38f, -9, 79, -99, 1152, 128},
    {-0.95f, 8.22f, 11.65f, -61, 89, -67, 1152, 128},
    {-1.34f, 8.22f, 12.30f, -82, 96, 16, 1152, 128},
    {-0.95f, 8.22f, 12.95f, -44, 84, 84, 1152, 128},
    {-0.00f, 8.22f, 13.22f, 9, 79, 99, 1152, 128},
    {0.95f, 8.22f, 12.95f, 61, 89, 67, 1152, 128},
    {1.90f, 7.30f, 12.30f, 127, 0, 0, 1152, 128},
    {1.34f, 7.30f, 11.38f, 72, 0, -105, 1152, 128},
    {0.00f, 7.30f, 11.00f, 0, 0, -127, 1152, 128},
    {-1.34f, 7.30f, 11.38f, -72, 0, -105, 1152, 128},
    {-1.90f, 7.30f, 12.30f, -127, 0, 0, 1152, 128},
    {-1.34f, 7.30f, 13.22f, -72, 0, 105, 1152, 128},
    {-0.00f, 7.30f, 13.60f, 0, 0, 127, 1152, 128},
    {1.34f, 7.30f, 13.22f, 72, 0, 105, 1152, 128},
    {1.34f, 6.38f, 12.30f, 82, -96, 16, 1152, 128},
    {0.95f, 6.38f, 11.65f, 61, -89, -67, 1152, 128},
    {0.00f, 6.38f, 11.38f, 9, -79, -99, 1152, 128},
    {-0.95f, 6.38f, 11.65f, -44, -84, -84, 1152, 128},
    {-1.34f, 6.38f, 12.30f, -82, -96, -16, 1152, 128},
    {-0.95f, 6.38f, 12.95f, -61, -89, 67, 1152, 128},
    {-0.00f, 6.38f, 13.22f, -9, -79, 99, 1152, 128},
    {0.95f, 6.38f, 12.95f, 44, -84, 84, 1152, 128},
    {0.00f, 6.00f, 12.30f, 0, -127, 0, 1152, 128},
    {-3.70f, 13.70f, 7.20f, 0, 127, 0, 1408, 128},
    {-2.11f, 13.09f, 7.20f, 90, 87, -22, 1408, 128},
    {-2.58f, 13.09f, 6.49f, 44, 71, -96, 1408, 128},
    {-3.70f, 13.09f, 6.20f, -10, 65, -108, 1408, 128},
    {-4.82f, 13.09f, 6.49f, -66, 77, -77, 1408, 128},
    {-5.29f, 13.09f, 7.20f, -90, 87, 22, 1408, 128},
    {-3.70f, 13.70f, 7.20f, 0, 127, 0, 1408, 128},
    {-5.29f, 13.09f, 7.20f, -90, 87, 22, 1408, 128},
    {-4.82f, 13.09f, 7.91f, -44, 71, 96, 1408, 128},
    {-3.70f, 13.09f, 8.20f, 10, 65, 108, 1408, 128},
    {-2.58f, 13.09f, 7.91f, 66, 77, 77, 1408, 128},
    {-2.11f, 13.09f, 7.20f, 90, 87, -22, 1408, 128},
    {-1.13f, 11.49f, 7.20f, 123, 31, -8, 1408, 128},
    {-1.88f, 11.49f, 6.06f, 63, 23, -108, 1408, 128},
    {-2.58f, 13.09f, 6.49f, 44, 71, -96, 1408, 128},
    {-3.70f, 11.49f, 5.58f, -3, 20, -125, 1408, 128},
    {-3.70f, 13.09f, 6.20f, -10, 65, -108, 1408, 128},
    {-5.52f, 11.49f, 6.06f, -70, 24, -103, 1408, 128},
    {-4.82f, 13.09f, 6.49f, -66, 77, -77, 1408, 128},
    {-6.27f, 11.49f, 7.20f, -123, 31, 8, 1408, 128},
    {-5.52f, 11.49f, 8.34f, -63, 23, 108, 1408, 128},
    {-3.70f, 11.49f, 8.82f, 3, 20, 125, 1408, 128},
    {-1.88f, 11.49f, 8.34f, 70, 24, 103, 1408, 128},
    {-1.13f, 9.51f, 7.20f, 123, -31, 8, 1408, 128},
    {-1.88f, 9.51f, 6.06f, 70, -24, -103, 1408, 128},
    {-3.70f, 9.51f, 5.58f, 3, -20, -125, 1408, 128},
    {-5.52f, 9.51f, 6.06f, -63, -23, -108, 1408, 128},
    {-6.27f, 9.51f, 7.20f, -123, -31, -8, 1408, 128},
    {-5.52f, 9.51f, 8.34f, -70, -24, 103, 1408, 128},
    {-3.70f, 9.51f, 8.82f, -3, -20, 125, 1408, 128},
    {-1.88f, 9.51f, 8.34f, 63, -23, 108, 1408, 128},
    {-2.11f, 7.91f, 7.20f, 90, -87, 22, 1408, 128},
    {-2.58f, 7.91f, 6.49f, 66, -77, -77, 1408, 128},
    {-3.70f, 7.91f, 6.20f, 10, -65, -108, 1408, 128},
    {-4.82f, 7.91f, 6.49f, -44, -71, -96, 1408, 128},
    {-5.29f, 7.91f, 7.20f, -90, -87, -22, 1408, 128},
    {-4.82f, 7.91f, 7.91f, -66, -77, 77, 1408, 128},
    {-3.70f, 7.91f, 8.20f, -10, -65, 108, 1408, 128},
    {-3.70f, 9.51f, 8.82f, -3, -20, 125, 1408, 128},
    {-3.70f, 7.91f, 8.20f, -10, -65, 108, 1408, 128},
    {-2.58f, 7.91f, 7.91f, 44, -71, 96, 1408, 128},
    {-1.88f, 9.51f, 8.34f, 63, -23, 108, 1408, 128},
    {-2.11f, 7.91f, 7.20f, 90, -87, 22, 1408, 128},
    {-1.13f, 9.51f, 7.20f, 123, -31, 8, 1408, 128},
    {-3.70f, 7.30f, 7.20f, 0, -127, 0, 1408, 128},
    {-2.58f, 7.91f, 6.49f, 66, -77, -77, 1408, 128},
    {-3.70f, 7.91f, 6.20f, 10, -65, -108, 1408, 128},
    {-4.82f, 7.91f, 6.49f, -44, -71, -96, 1408, 128},
    {-5.29f, 7.91f, 7.20f, -90, -87, -22, 1408, 128},
    {-4.82f, 7.91f, 7.91f, -66, -77, 77, 1408, 128},
    {-3.50f, 12.10f, 8.60f, 0, 127, 0, 1152, 128},
    {-2.46f, 11.30f, 8.60f, 118, 38, -26, 1152, 128},
    {-2.98f, 11.30f, 8.00f, 32, 28, -120, 1152, 128},
    {-4.02f, 11.30f, 8.00f, -57, 30, -109, 1152, 128},
    {-4.54f, 11.30f, 8.60f, -118, 38, 26, 1152, 128},
    {-4.02f, 11.30f, 9.20f, -32, 28, 120, 1152, 128},
    {-2.98f, 11.30f, 9.20f, 57, 30, 109, 1152, 128},
    {-2.46f, 9.70f, 8.60f, 118, -38, 26, 1152, 128},
    {-2.98f, 9.70f, 8.00f, 57, -30, -109, 1152, 128},
    {-4.02f, 9.70f, 8.00f, -32, -28, -120, 1152, 128},
    {-4.54f, 9.70f, 8.60f, -118, -38, -26, 1152, 128},
    {-4.02f, 9.70f, 9.20f, -57, -30, 109, 1152, 128},
    {-2.98f, 9.70f, 9.20f, 32, -28, 120, 1152, 128},
    {-3.50f, 8.90f, 8.60f, 0, -127, 0, 1152, 128},
    {-3.25f, 11.75f, 9.25f, 0, 127, 0, 1408, 128},
    {-2.80f, 11.20f, 9.25f, 127, 0, 0, 1408, 128},
    {-3.11f, 11.20f, 8.96f, 27, 0, -124, 1408, 128},
    {-3.61f, 11.20f, 9.07f, -86, 0, -94, 1408, 128},
    {-3.61f, 11.20f, 9.43f, -86, 0, 94, 1408, 128},
    {-3.11f, 11.20f, 9.54f, 27, 0, 124, 1408, 128},
    {-2.80f, 11.20f, 9.25f, 127, 0, 0, 1408, 128},
    {-3.25f, 10.65f, 9.25f, 0, -127, 0, 1408, 128},
    {-3.11f, 11.20f, 8.96f, 27, 0, -124, 1408, 128},
    {-3.61f, 11.20f, 9.07f, -86, 0, -94, 1408, 128},
    {-3.61f, 11.20f, 9.43f, -86, 0, 94, 1408, 128},
    {-3.11f, 11.20f, 9.54f, 27, 0, 124, 1408, 128},
    {3.70f, 13.70f, 7.20f, 0, 127, 0, 1408, 128},
    {5.29f, 13.09f, 7.20f, 90, 87, -22, 1408, 128},
    {4.82f, 13.09f, 6.49f, 44, 71, -96, 1408, 128},
    {3.70f, 13.09f, 6.20f, -10, 65, -108, 1408, 128},
    {2.58f, 13.09f, 6.49f, -66, 77, -77, 1408, 128},
    {2.11f, 13.09f, 7.20f, -90, 87, 22, 1408, 128},
    {2.58f, 13.09f, 7.91f, -44, 71, 96, 1408, 128},
    {3.70f, 13.09f, 8.20f, 10, 65, 108, 1408, 128},
    {4.82f, 13.09f, 7.91f, 66, 77, 77, 1408, 128},
    {6.27f, 11.49f, 7.20f, 123, 31, -8, 1408, 128},
    {5.52f, 11.49f, 6.06f, 63, 23, -108, 1408, 128},
    {3.70f, 11.49f, 5.58f, -3, 20, -125, 1408, 128},
    {1.88f, 11.49f, 6.06f, -70, 24, -103, 1408, 128},
    {1.13f, 11.49f, 7.20f, -123, 31, 8, 1408, 128},
    {1.88f, 11.49f, 8.34f, -63, 23, 108, 1408, 128},
    {3.70f, 11.49f, 8.82f, 3, 20, 125, 1408, 128},
    {5.52f, 11.49f, 8.34f, 70, 24, 103, 1408, 128},
    {6.27f, 9.51f, 7.20f, 123, -31, 8, 1408, 128},
    {5.52f, 9.51f, 6.06f, 70, -24, -103, 1408, 128},
    {3.70f, 9.51f, 5.58f, 3, -20, -125, 1408, 128},
    {1.88f, 9.51f, 6.06f, -63, -23, -108, 1408, 128},
    {1.13f, 9.51f, 7.20f, -123, -31, -8, 1408, 128},
    {1.88f, 9.51f, 8.34f, -70, -24, 103, 1408, 128},
    {3.70f, 9.51f, 8.82f, -3, -20, 125, 1408, 128},
    {5.52f, 9.51f, 8.34f, 63, -23, 108, 1408, 128},
    {6.27f, 9.51f, 7.20f, 123, -31, 8, 1408, 128},
    {5.29f, 7.91f, 7.20f, 90, -87, 22, 1408, 128},
    {4.82f, 7.91f, 6.49f, 66, -77, -77, 1408, 128},
    {5.52f, 9.51f, 6.06f, 70, -24, -103, 1408, 128},
    {3.70f, 7.91f, 6.20f, 10, -65, -108, 1408, 128},
    {3.70f, 9.51f, 5.58f, 3, -20, -125, 1408, 128},
    {2.58f, 7.91f, 6.49f, -44, -71, -96, 1408, 128},
    {1.88f, 9.51f, 6.06f, -63, -23, -108, 1408, 128},
    {2.11f, 7.91f, 7.20f, -90, -87, -22, 1408, 128},
    {1.13f, 9.51f, 7.20f, -123, -31, -8, 1408, 128},
    {2.58f, 7.91f, 7.91f, -66, -77, 77, 1408, 128},
    {1.88f, 9.51f, 8.34f, -70, -24, 103, 1408, 128},
    {3.70f, 7.91f, 8.20f, -10, -65, 108, 1408, 128},
    {3.70f, 9.51f, 8.82f, -3, -20, 125, 1408, 128},
    {4.82f, 7.91f, 7.91f, 44, -71, 96, 1408, 128},
    {5.52f, 9.51f, 8.34f, 63, -23, 108, 1408, 128},
    {3.70f, 7.30f, 7.20f, 0, -127, 0, 1408, 128},
    {3.50f, 12.10f, 8.60f, 0, 127, 0, 1152, 128},
    {4.54f, 11.30f, 8.60f, 118, 38, -26, 1152, 128},
    {4.02f, 11.30f, 8.00f, 32, 28, -120, 1152, 128},
    {2.98f, 11.30f, 8.00f, -57, 30, -109, 1152, 128},
    {2.46f, 11.30f, 8.60f, -118, 38, 26, 1152, 128},
    {2.98f, 11.30f, 9.20f, -32, 28, 120, 1152, 128},
    {4.02f, 11.30f, 9.20f, 57, 30, 109, 1152, 128},
    {4.54f, 9.70f, 8.60f, 118, -38, 26, 1152, 128},
    {4.02f, 9.70f, 8.00f, 57, -30, -109, 1152, 128},
    {2.98f, 9.70f, 8.00f, -32, -28, -120, 1152, 128},
    {2.46f, 9.70f, 8.60f, -118, -38, -26, 1152, 128},
    {2.98f, 9.70f, 9.20f, -57, -30, 109, 1152, 128},
    {4.02f, 9.70f, 9.20f, 32, -28, 120, 1152, 128},
    {3.50f, 8.90f, 8.60f, 0, -127, 0, 1152, 128},
    {3.25f, 11.75f, 9.25f, 0, 127, 0, 1408, 128},
    {3.70f, 11.20f, 9.25f, 127, 0, 0, 1408, 128},
    {3.39f, 11.20f, 8.96f, 27, 0, -124, 1408, 128},
    {2.89f, 11.20f, 9.07f, -86, 0, -94, 1408, 128},
    {2.89f, 11.20f, 9.43f, -86, 0, 94, 1408, 128},
    {3.39f, 11.20f, 9.54f, 27, 0, 124, 1408, 128},
    {3.25f, 10.65f, 9.25f, 0, -127, 0, 1408, 128},
    {-2.94f, 2.81f, 10.64f, -60, -70, 87, 32, 448},
    {-2.07f, 2.81f, 11.24f, -45, -71, 96, 187, 448},
    {-2.35f, 3.64f, 11.73f, -52, -57, 101, 187, 309},
    {-3.33f, 3.64f, 11.04f, -66, -52, 95, 32, 309},
    {-1.07f, 2.81f, 11.62f, -21, -70, 104, 341, 448},
    {-1.21f, 3.64f, 12.16f, -27, -56, 111, 341, 309},
    {0.00f, 2.81f, 11.75f, 5, -70, 106, 496, 448},
    {0.00f, 3.64f, 12.30f, 1, -56, 114, 496, 309},
    {1.07f, 2.81f, 11.62f, 30, -70, 102, 651, 448},
    {1.21f, 3.64f, 12.16f, 28, -56, 110, 651, 309},
    {2.07f, 2.81f, 11.24f, 53, -71, 91, 805, 448},
    {2.35f, 3.64f, 11.73f, 53, -57, 100, 805, 309},
    {2.94f, 2.81f, 10.64f, 60, -70, 87, 960, 448},
    {3.33f, 3.64f, 11.04f, 63, -61, 91, 960, 309},
    {-2.50f, 4.56f, 12.01f, -58, -26, 110, 187, 171},
    {-3.56f, 4.56f, 11.28f, -71, -20, 103, 32, 171},
    {-1.29f, 4.56f, 12.47f, -29, -26, 121, 341, 171},
    {0.00f, 4.56f, 12.62f, 0, -26, 124, 496, 171},
    {1.29f, 4.56f, 12.47f, 30, -26, 121, 651, 171},
    {2.50f, 4.56f, 12.01f, 58, -26, 110, 805, 171},
    {3.56f, 4.56f, 11.28f, 70, -31, 101, 960, 171},
    {-2.54f, 5.51f, 12.07f, -63, -9, 110, 187, 32},
    {-3.61f, 5.51f, 11.33f, -72, -9, 104, 32, 32},
    {-1.31f, 5.51f, 12.54f, -35, -9, 122, 341, 32},
    {0.00f, 5.51f, 12.69f, -5, -9, 127, 496, 32},
    {1.31f, 5.51f, 12.54f, 25, -9, 124, 651, 32},
    {2.54f, 5.51f, 12.07f, 54, -9, 114, 805, 32},
    {3.61f, 5.51f, 11.33f, 72, -9, 104, 960, 32},
    {3.71f, -1.33f, -0.00f, 124, -3, -29, 1920, 128},
    {2.34f, 4.58f, -2.13f, 61, 5, -112, 1920, 128},
    {3.73f, 4.39f, -0.40f, 126, 6, 18, 1920, 128},
    {1.82f, -1.06f, -2.25f, 39, 39, -115, 1920, 128},
    {-0.39f, 5.20f, -2.13f, -33, 22, -121, 1920, 128},
    {-1.89f, -0.23f, -2.25f, -44, 59, -103, 1920, 128},
    {-1.73f, 5.61f, -0.40f, -112, 55, -22, 1920, 128},
    {-3.71f, 0.33f, -0.00f, -88, 89, 19, 1920, 128},
    {-0.34f, 5.42f, 1.33f, -50, 43, 109, 1920, 128},
    {-1.82f, 0.06f, 2.25f, -16, 65, 108, 1920, 128},
    {2.39f, 4.80f, 1.33f, 43, 21, 118, 1920, 128},
    {1.89f, -0.77f, 2.25f, 66, 12, 108, 1920, 128},
    {2.84f, 11.45f, -1.06f, 94, 8, -85, 1920, 128},
    {2.99f, 11.43f, -0.80f, 110, 15, 62, 1920, 128},
    {2.55f, 11.52f, -1.06f, -5, 24, -125, 1920, 128},
    {2.41f, 11.57f, -0.80f, -91, 59, -66, 1920, 128},
    {2.56f, 11.55f, -0.54f, -77, 62, 80, 1920, 128},
    {2.85f, 11.48f, -0.54f, 18, 34, 121, 1920, 128},
    {0.00f, -0.50f, -0.00f, 28, 124, -8, 1920, 128},
    {2.70f, 11.50f, -0.80f, 28, 124, -8, 1920, 128},
    {2.52f, -0.64f, 1.80f, 115, 33, -43, 896, 128},
    {1.81f, 4.44f, 1.01f, 38, -1, -121, 896, 128},
    {2.74f, 4.23f, 1.70f, 122, -2, 35, 896, 128},
    {1.25f, -0.35f, 0.93f, 24, 19, -123, 896, 128},
    {-0.03f, 4.91f, 1.01f, -21, 12, -125, 896, 128},
    {-1.27f, 0.28f, 0.93f, -37, 12, -121, 896, 128},
    {-0.94f, 5.17f, 1.70f, -109, 52, -38, 896, 128},
    {-2.52f, 0.64f, 1.80f, -118, -5, 46, 896, 128},
    {-0.01f, 4.96f, 2.39f, -33, 25, 120, 896, 128},
    {-1.25f, 0.35f, 2.67f, -21, -8, 125, 896, 128},
    {1.83f, 4.49f, 2.39f, 26, 9, 124, 896, 128},
    {1.27f, -0.28f, 2.67f, 41, 3, 120, 896, 128},
    {2.74f, 4.23f, 1.70f, 122, -2, 35, 896, 128},
    {2.50f, 9.47f, 1.23f, 73, -3, -104, 896, 128},
    {2.59f, 9.45f, 1.40f, 96, 7, 83, 896, 128},
    {1.81f, 4.44f, 1.01f, 38, -1, -121, 896, 128},
    {2.30f, 9.52f, 1.23f, -8, 11, -126, 896, 128},
    {-0.03f, 4.91f, 1.01f, -21, 12, -125, 896, 128},
    {2.21f, 9.55f, 1.40f, -80, 51, -84, 896, 128},
    {-0.94f, 5.17f, 1.70f, -109, 52, -38, 896, 128},
    {2.30f, 9.53f, 1.57f, -60, 50, 100, 896, 128},
    {-0.01f, 4.96f, 2.39f, -33, 25, 120, 896, 128},
    {2.50f, 9.48f, 1.57f, 15, 18, 125, 896, 128},
    {1.83f, 4.49f, 2.39f, 26, 9, 124, 896, 128},
    {0.00f, 0.00f, 1.80f, 0, -124, -26, 896, 128},
    {2.52f, -0.64f, 1.80f, 115, 33, -43, 896, 128},
    {1.25f, -0.35f, 0.93f, 24, 19, -123, 896, 128},
    {-1.27f, 0.28f, 0.93f, -37, 12, -121, 896, 128},
    {-2.52f, 0.64f, 1.80f, -118, -5, 46, 896, 128},
    {-1.25f, 0.35f, 2.67f, -21, -8, 125, 896, 128},
    {1.27f, -0.28f, 2.67f, 41, 3, 120, 896, 128},
    {2.40f, 9.50f, 1.40f, 31, 123, -5, 896, 128},
    {3.71f, 0.33f, -0.00f, 117, 41, -29, 1920, 128},
    {0.39f, 5.20f, -2.13f, 53, 28, -112, 1920, 128},
    {1.73f, 5.61f, -0.40f, 112, 58, 18, 1920, 128},
    {1.89f, -0.23f, -2.25f, 19, 50, -115, 1920, 128},
    {-2.34f, 4.58f, -2.13f, -39, 6, -121, 1920, 128},
    {-1.82f, -1.06f, -2.25f, -65, 38, -102, 1920, 128},
    {-3.73f, 4.39f, -0.40f, -125, 3, -22, 1920, 128},
    {-3.71f, -1.33f, -0.00f, -124, 1, 25, 1920, 128},
    {-2.39f, 4.80f, 1.33f, -64, 19, 108, 1920, 128},
    {-1.89f, -0.77f, 2.25f, -37, 17, 120, 1920, 128},
    {0.34f, 5.42f, 1.33f, 30, 38, 118, 1920, 128},
    {1.82f, 0.06f, 2.25f, 56, 34, 109, 1920, 128},
    {-2.55f, 11.52f, -1.06f, 79, 53, -85, 1920, 128},
    {-2.41f, 11.57f, -0.80f, 89, 67, 61, 1920, 128},
    {-2.84f, 11.45f, -1.06f, -14, 19, -125, 1920, 128},
    {-2.99f, 11.43f, -0.80f, -108, 8, -67, 1920, 128},
    {-2.85f, 11.48f, -0.54f, -96, 18, 81, 1920, 128},
    {-2.56f, 11.55f, -0.54f, 1, 39, 121, 1920, 128},
    {0.00f, -0.50f, -0.00f, -28, 124, -8, 1920, 128},
    {-2.70f, 11.50f, -0.80f, -28, 124, -8, 1920, 128},
    {2.52f, 0.64f, 1.80f, 119, -7, -43, 896, 128},
    {0.03f, 4.91f, 1.01f, 35, 16, -121, 896, 128},
    {0.94f, 5.17f, 1.70f, 109, 54, 36, 896, 128},
    {1.27f, 0.28f, 0.93f, 18, 7, -126, 896, 128},
    {-1.81f, 4.44f, 1.01f, -24, 0, -125, 896, 128},
    {-1.25f, -0.35f, 0.93f, -44, 20, -118, 896, 128},
    {-2.74f, 4.23f, 1.70f, -121, -3, -37, 896, 128},
    {-2.52f, -0.64f, 1.80f, -116, 35, 38, 896, 128},
    {-1.83f, 4.49f, 2.39f, -41, 8, 120, 896, 128},
    {-1.27f, -0.28f, 2.67f, -25, 24, 122, 896, 128},
    {0.01f, 4.96f, 2.39f, 19, 21, 124, 896, 128},
    {1.25f, 0.35f, 2.67f, 36, 17, 121, 896, 128},
    {0.94f, 5.17f, 1.70f, 109, 54, 36, 896, 128},
    {-2.30f, 9.52f, 1.23f, 63, 39, -103, 896, 128},
    {-2.21f, 9.55f, 1.40f, 77, 61, 81, 896, 128},
    {0.03f, 4.91f, 1.01f, 35, 16, -121, 896, 128},
    {-2.50f, 9.47f, 1.23f, -11, 4, -126, 896, 128},
    {-1.81f, 4.44f, 1.01f, -24, 0, -125, 896, 128},
    {-2.59f, 9.45f, 1.40f, -94, -3, -85, 896, 128},
    {-2.74f, 4.23f, 1.70f, -121, -3, -37, 896, 128},
    {-2.50f, 9.48f, 1.57f, -76, 9, 102, 896, 128},
    {-1.83f, 4.49f, 2.39f, -41, 8, 120, 896, 128},
    {-2.30f, 9.53f, 1.57f, 4, 25, 124, 896, 128},
    {0.01f, 4.96f, 2.39f, 19, 21, 124, 896, 128},
    {0.00f, 0.00f, 1.80f, -31, 123, -5, 896, 128},
    {1.27f, 0.28f, 0.93f, 18, 7, -126, 896, 128},
    {2.52f, 0.64f, 1.80f, 119, -7, -43, 896, 128},
    {-1.25f, -0.35f, 0.93f, -44, 20, -118, 896, 128},
    {-2.52f, -0.64f, 1.80f, -116, 35, 38, 896, 128},
    {-1.27f, -0.28f, 2.67f, -25, 24, 122, 896, 128},
    {1.25f, 0.35f, 2.67f, 36, 17, 121, 896, 128},
    {-2.40f, 9.50f, 1.40f, -31, 123, -5, 896, 128},
    {-2.26f, -1.48f, -0.00f, -115, -46, -25, 128, 128},
    {1.82f, -4.74f, -0.61f, -49, -77, -89, 128, 128},
    {0.79f, -4.82f, 1.20f, -100, -77, 8, 128, 128},
    {-1.10f, -1.39f, -2.04f, -55, -28, -111, 128, 128},
    {3.59f, -3.72f, -1.06f, 44, -25, -117, 128, 128},
    {0.88f, -0.25f, -2.54f, 29, 35, -119, 128, 128},
    {4.76f, -2.54f, 0.20f, 108, 39, -55, 128, 128},
    {2.20f, 1.08f, -1.13f, 72, 94, -47, 128, 128},
    {4.46f, -2.08f, 2.20f, 95, 68, 51, 128, 128},
    {1.86f, 1.59f, 1.13f, 46, 107, 51, 128, 128},
    {2.91f, -2.69f, 3.46f, 14, 38, 120, 128, 128},
    {0.12f, 0.91f, 2.54f, -31, 64, 105, 128, 128},
    {1.28f, -3.91f, 3.01f, -72, -26, 101, 128, 128},
    {-1.71f, -0.46f, 2.04f, -104, -4, 72, 128, 128},
    {3.58f, -7.73f, 0.69f, -85, -38, -87, 128, 128},
    {2.73f, -7.80f, 2.20f, -108, -63, 22, 128, 128},
    {5.06f, -6.89f, 0.32f, 31, -37, -118, 128, 128},
    {6.03f, -5.90f, 1.36f, 117, -13, -48, 128, 128},
    {5.78f, -5.52f, 3.04f, 109, 52, 39, 128, 128},
    {4.49f, -6.02f, 4.08f, 34, 38, 116, 128, 128},
    {3.13f, -7.04f, 3.71f, -38, -44, 113, 128, 128},
    {0.00f, 0.00f, -0.00f, -67, 102, -34, 128, 128},
    {4.40f, -6.70f, 2.20f, 67, -102, 34, 128, 128},
    {4.60f, -5.30f, 2.40f, 0, 127, 0, 128, 128},
    {6.30f, -6.00f, 2.40f, 98, 79, -17, 128, 128},
    {5.66f, -6.00f, 1.18f, 47, 76, -91, 128, 128},
    {4.22f, -6.00f, 0.88f, -35, 75, -96, 128, 128},
    {3.07f, -6.00f, 1.73f, -95, 79, -31, 128, 128},
    {3.07f, -6.00f, 3.07f, -80, 78, 61, 128, 128},
    {4.22f, -6.00f, 3.92f, -6, 75, 102, 128, 128},
    {5.66f, -6.00f, 3.62f, 72, 77, 71, 128, 128},
    {6.30f, -6.00f, 2.40f, 98, 79, -17, 128, 128},
    {7.00f, -7.70f, 2.40f, 127, 0, 0, 128, 128},
    {6.10f, -7.70f, 0.68f, 75, 0, -103, 128, 128},
    {5.66f, -6.00f, 1.18f, 47, 76, -91, 128, 128},
    {4.07f, -7.70f, 0.26f, -26, 0, -124, 128, 128},
    {4.22f, -6.00f, 0.88f, -35, 75, -96, 128, 128},
    {2.44f, -7.70f, 1.45f, -112, 0, -59, 128, 128},
    {3.07f, -6.00f, 1.73f, -95, 79, -31, 128, 128},
    {2.44f, -7.70f, 3.35f, -112, 0, 59, 128, 128},
    {3.07f, -6.00f, 3.07f, -80, 78, 61, 128, 128},
    {4.07f, -7.70f, 4.54f, -26, 0, 124, 128, 128},
    {4.22f, -6.00f, 3.92f, -6, 75, 102, 128, 128},
    {6.10f, -7.70f, 4.12f, 75, 0, 103, 128, 128},
    {5.66f, -6.00f, 3.62f, 72, 77, 71, 128, 128},
    {6.30f, -9.40f, 2.40f, 98, -79, 17, 128, 128},
    {5.66f, -9.40f, 1.18f, 72, -77, -71, 128, 128},
    {4.22f, -9.40f, 0.88f, -6, -75, -102, 128, 128},
    {3.07f, -9.40f, 1.73f, -80, -78, -61, 128, 128},
    {3.07f, -9.40f, 3.07f, -95, -79, 31, 128, 128},
    {4.22f, -9.40f, 3.92f, -35, -75, 96, 128, 128},
    {5.66f, -9.40f, 3.62f, 47, -76, 91, 128, 128},
    {4.60f, -10.10f, 2.40f, 0, -127, 0, 128, 128},
    {-2.26f, 1.48f, -0.00f, -106, 68, -19, 128, 128},
    {-4.32f, -3.09f, -0.61f, -88, 17, -90, 128, 128},
    {-4.81f, -2.18f, 1.20f, -110, 63, 8, 128, 128},
    {-1.71f, 0.46f, -2.04f, -40, 47, -111, 128, 128},
    {-2.69f, -4.31f, -1.06f, -3, -47, -118, 128, 128},
    {0.12f, -0.91f, -2.54f, 40, -19, -119, 128, 128},
    {-1.14f, -4.92f, 0.20f, 79, -83, -55, 128, 128},
    {1.86f, -1.59f, -1.13f, 109, -48, -43, 128, 128},
    {-0.84f, -4.46f, 2.20f, 98, -62, 51, 128, 128},
    {2.20f, -1.08f, 1.13f, 112, -15, 58, 128, 128},
    {-2.01f, -3.28f, 3.46f, 39, -1, 121, 128, 128},
    {0.88f, 0.25f, 2.54f, 46, 53, 106, 128, 128},
    {-3.78f, -2.26f, 3.01f, -54, 54, 101, 128, 128},
    {-1.10f, 1.39f, 2.04f, -65, 70, 84, 128, 128},
    {-5.67f, -6.36f, 0.69f, -113, -18, -56, 128, 128},
    {-6.07f, -5.60f, 2.20f, -113, 50, 28, 128, 128},
    {-4.31f, -7.38f, 0.32f, -21, -42, -118, 128, 128},
    {-3.02f, -7.88f, 1.36f, 74, -75, -71, 128, 128},
    {-2.77f, -7.50f, 3.04f, 108, -59, 33, 128, 128},
    {-3.74f, -6.51f, 4.08f, 74, 26, 100, 128, 128},
    {-5.22f, -5.67f, 3.71f, -22, 75, 100, 128, 128},
    {0.00f, 0.00f, -0.00f, 67, 102, -34, 128, 128},
    {-4.40f, -6.70f, 2.20f, 67, 102, -34, 128, 128},
    {-4.60f, -5.30f, 2.40f, 0, 127, 0, 128, 128},
    {-2.90f, -6.00f, 2.40f, 98, 79, -17, 128, 128},
    {-3.54f, -6.00f, 1.18f, 47, 76, -91, 128, 128},
    {-4.98f, -6.00f, 0.88f, -35, 75, -96, 128, 128},
    {-6.13f, -6.00f, 1.73f, -95, 79, -31, 128, 128},
    {-6.13f, -6.00f, 3.07f, -80, 78, 61, 128, 128},
    {-4.98f, -6.00f, 3.92f, -6, 75, 102, 128, 128},
    {-3.54f, -6.00f, 3.62f, 72, 77, 71, 128, 128},
    {-2.90f, -6.00f, 2.40f, 98, 79, -17, 128, 128},
    {-2.20f, -7.70f, 2.40f, 127, 0, 0, 128, 128},
    {-3.10f, -7.70f, 0.68f, 75, 0, -103, 128, 128},
    {-3.54f, -6.00f, 1.18f, 47, 76, -91, 128, 128},
    {-5.13f, -7.70f, 0.26f, -26, 0, -124, 128, 128},
    {-4.98f, -6.00f, 0.88f, -35, 75, -96, 128, 128},
    {-6.76f, -7.70f, 1.45f, -112, 0, -59, 128, 128},
    {-6.13f, -6.00f, 1.73f, -95, 79, -31, 128, 128},
    {-6.76f, -7.70f, 3.35f, -112, 0, 59, 128, 128},
    {-6.13f, -6.00f, 3.07f, -80, 78, 61, 128, 128},
    {-5.13f, -7.70f, 4.54f, -26, 0, 124, 128, 128},
    {-4.98f, -6.00f, 3.92f, -6, 75, 102, 128, 128},
    {-3.10f, -7.70f, 4.12f, 75, 0, 103, 128, 128},
    {-3.54f, -6.00f, 3.62f, 72, 77, 71, 128, 128},
    {-2.90f, -9.40f, 2.40f, 98, -79, 17, 128, 128},
    {-3.54f, -9.40f, 1.18f, 72, -77, -71, 128, 128},
    {-4.98f, -9.40f, 0.88f, -6, -75, -102, 128, 128},
    {-6.13f, -9.40f, 1.73f, -80, -78, -61, 128, 128},
    {-6.13f, -9.40f, 3.07f, -95, -79, 31, 128, 128},
    {-4.98f, -9.40f, 3.92f, -35, -75, 96, 128, 128},
    {-3.54f, -9.40f, 3.62f, 47, -76, 91, 128, 128},
    {-4.60f, -10.10f, 2.40f, 0, -127, 0, 128, 128},
    {-3.40f, -0.17f, -0.00f, -126, -9, -16, 128, 128},
    {-2.13f, -4.12f, -2.47f, -103, -8, -74, 128, 128},
    {-3.10f, -4.16f, -0.00f, -126, -9, 17, 128, 128},
    {-2.40f, -0.12f, -2.55f, -79, -7, -99, 128, 128},
    {0.20f, -4.00f, -3.50f, -19, -4, -126, 128, 128},
    {0.00f, 0.00f, -3.60f, 18, -2, -126, 128, 128},
    {2.53f, -3.88f, -2.47f, 79, 1, -99, 128, 128},
    {2.40f, 0.12f, -2.55f, 103, 2, -74, 128, 128},
    {3.50f, -3.84f, -0.00f, 126, 3, -17, 128, 128},
    {3.40f, 0.17f, -0.00f, 126, 3, 16, 128, 128},
    {2.53f, -3.88f, 2.47f, 104, 2, 74, 128, 128},
    {2.40f, 0.12f, 2.55f, 80, 1, 99, 128, 128},
    {0.20f, -4.00f, 3.50f, 19, -2, 126, 128, 128},
    {0.00f, 0.00f, 3.60f, -18, -4, 126, 128, 128},
    {-2.13f, -4.12f, 2.47f, -79, -7, 99, 128, 128},
    {-2.40f, -0.12f, 2.55f, -103, -8, 74, 128, 128},
    {0.20f, -2.90f, 2.40f, 0, 127, 0, 384, 128},
    {2.82f, -3.60f, 2.40f, 80, 99, -7, 384, 128},
    {2.05f, -3.60f, -0.35f, 52, 106, -46, 384, 128},
    {0.20f, -3.60f, -1.49f, -12, 111, -60, 384, 128},
    {-1.65f, -3.60f, -0.35f, -67, 103, -34, 384, 128},
    {-2.42f, -3.60f, 2.40f, -80, 99, 7, 384, 128},
    {-1.65f, -3.60f, 5.15f, -52, 106, 46, 384, 128},
    {0.20f, -3.60f, 6.29f, 12, 111, 60, 384, 128},
    {2.05f, -3.60f, 5.15f, 67, 103, 34, 384, 128},
    {3.90f, -5.30f, 2.40f, 127, 0, 0, 384, 128},
    {2.82f, -5.30f, -1.49f, 105, 0, -71, 384, 128},
    {0.20f, -5.30f, -3.10f, 0, 0, -127, 384, 128},
    {-2.42f, -5.30f, -1.49f, -105, 0, -71, 384, 128},
    {-3.50f, -5.30f, 2.40f, -127, 0, 0, 384, 128},
    {-2.42f, -5.30f, 6.29f, -105, 0, 71, 384, 128},
    {0.20f, -5.30f, 7.90f, 0, 0, 127, 384, 128},
    {0.20f, -3.60f, 6.29f, 12, 111, 60, 384, 128},
    {0.20f, -5.30f, 7.90f, 0, 0, 127, 384, 128},
    {2.82f, -5.30f, 6.29f, 105, 0, 71, 384, 128},
    {2.05f, -3.60f, 5.15f, 67, 103, 34, 384, 128},
    {3.90f, -5.30f, 2.40f, 127, 0, 0, 384, 128},
    {2.82f, -3.60f, 2.40f, 80, 99, -7, 384, 128},
    {2.82f, -7.00f, 2.40f, 80, -99, 7, 384, 128},
    {2.05f, -7.00f, -0.35f, 67, -103, -34, 384, 128},
    {2.82f, -5.30f, -1.49f, 105, 0, -71, 384, 128},
    {0.20f, -7.00f, -1.49f, 12, -111, -60, 384, 128},
    {0.20f, -5.30f, -3.10f, 0, 0, -127, 384, 128},
    {-1.65f, -7.00f, -0.35f, -52, -106, -46, 384, 128},
    {-2.42f, -5.30f, -1.49f, -105, 0, -71, 384, 128},
    {-2.42f, -7.00f, 2.40f, -80, -99, -7, 384, 128},
    {-3.50f, -5.30f, 2.40f, -127, 0, 0, 384, 128},
    {-1.65f, -7.00f, 5.15f, -67, -103, 34, 384, 128},
    {-2.42f, -5.30f, 6.29f, -105, 0, 71, 384, 128},
    {0.20f, -7.00f, 6.29f, -12, -111, 60, 384, 128},
    {2.05f, -7.00f, 5.15f, 52, -106, 46, 384, 128},
    {0.20f, -7.70f, 2.40f, 0, -127, 0, 384, 128},
    {-3.40f, 0.17f, -0.00f, -126, 3, -16, 128, 128},
    {-2.53f, -3.88f, -2.47f, -104, 2, -74, 128, 128},
    {-3.50f, -3.84f, -0.00f, -126, 3, 17, 128, 128},
    {-2.40f, 0.12f, -2.55f, -80, 1, -99, 128, 128},
    {-0.20f, -4.00f, -3.50f, -19, -2, -126, 128, 128},
    {0.00f, 0.00f, -3.60f, 18, -4, -126, 128, 128},
    {2.13f, -4.12f, -2.47f, 79, -7, -99, 128, 128},
    {2.40f, -0.12f, -2.55f, 103, -8, -74, 128, 128},
    {3.10f, -4.16f, -0.00f, 126, -9, -17, 128, 128},
    {3.40f, -0.17f, -0.00f, 126, -9, 16, 128, 128},
    {2.13f, -4.12f, 2.47f, 103, -8, 74, 128, 128},
    {2.40f, -0.12f, 2.55f, 79, -7, 99, 128, 128},
    {-0.20f, -4.00f, 3.50f, 19, -4, 126, 128, 128},
    {0.00f, 0.00f, 3.60f, -18, -2, 126, 128, 128},
    {-2.53f, -3.88f, 2.47f, -79, 1, 99, 128, 128},
    {-2.40f, 0.12f, 2.55f, -103, 2, 74, 128, 128},
    {-0.20f, -2.90f, 2.40f, 0, 127, 0, 384, 128},
    {2.42f, -3.60f, 2.40f, 80, 99, -7, 384, 128},
    {1.65f, -3.60f, -0.35f, 52, 106, -46, 384, 128},
    {-0.20f, -3.60f, -1.49f, -12, 111, -60, 384, 128},
    {-2.05f, -3.60f, -0.35f, -67, 103, -34, 384, 128},
    {-2.82f, -3.60f, 2.40f, -80, 99, 7, 384, 128},
    {-2.05f, -3.60f, 5.15f, -52, 106, 46, 384, 128},
    {-0.20f, -3.60f, 6.29f, 12, 111, 60, 384, 128},
    {1.65f, -3.60f, 5.15f, 67, 103, 34, 384, 128},
    {3.50f, -5.30f, 2.40f, 127, 0, 0, 384, 128},
    {2.42f, -5.30f, -1.49f, 105, 0, -71, 384, 128},
    {-0.20f, -5.30f, -3.10f, 0, 0, -127, 384, 128},
    {-2.82f, -5.30f, -1.49f, -105, 0, -71, 384, 128},
    {-3.90f, -5.30f, 2.40f, -127, 0, 0, 384, 128},
    {-2.82f, -5.30f, 6.29f, -105, 0, 71, 384, 128},
    {-0.20f, -5.30f, 7.90f, 0, 0, 127, 384, 128},
    {-0.20f, -3.60f, 6.29f, 12, 111, 60, 384, 128},
    {-0.20f, -5.30f, 7.90f, 0, 0, 127, 384, 128},
    {2.42f, -5.30f, 6.29f, 105, 0, 71, 384, 128},
    {1.65f, -3.60f, 5.15f, 67, 103, 34, 384, 128},
    {3.50f, -5.30f, 2.40f, 127, 0, 0, 384, 128},
    {2.42f, -3.60f, 2.40f, 80, 99, -7, 384, 128},
    {2.42f, -7.00f, 2.40f, 80, -99, 7, 384, 128},
    {1.65f, -7.00f, -0.35f, 67, -103, -34, 384, 128},
    {2.42f, -5.30f, -1.49f, 105, 0, -71, 384, 128},
    {-0.20f, -7.00f, -1.49f, 12, -111, -60, 384, 128},
    {-0.20f, -5.30f, -3.10f, 0, 0, -127, 384, 128},
    {-2.05f, -7.00f, -0.35f, -52, -106, -46, 384, 128},
    {-2.82f, -5.30f, -1.49f, -105, 0, -71, 384, 128},
    {-2.82f, -7.00f, 2.40f, -80, -99, -7, 384, 128},
    {-3.90f, -5.30f, 2.40f, -127, 0, 0, 384, 128},
    {-2.05f, -7.00f, 5.15f, -67, -103, 34, 384, 128},
    {-2.82f, -5.30f, 6.29f, -105, 0, 71, 384, 128},
    {-0.20f, -7.00f, 6.29f, -12, -111, 60, 384, 128},
    {1.65f, -7.00f, 5.15f, 52, -106, 46, 384, 128},
    {-0.20f, -7.70f, 2.40f, 0, -127, 0, 384, 128},
    {3.40f, 0.00f, -0.00f, 113, 29, -49, 1920, 128},
    {1.87f, 1.91f, -6.02f, 81, -55, -81, 1920, 128},
    {3.00f, 3.50f, -4.30f, 126, 14, -9, 1920, 128},
    {2.12f, -1.80f, -1.95f, 64, -79, -76, 1920, 128},
    {-0.67f, 1.52f, -6.45f, -25, -75, -99, 1920, 128},
    {-0.76f, -2.25f, -2.44f, -46, -86, -82, 1920, 128},
    {-2.70f, 2.62f, -5.26f, -113, -31, -50, 1920, 128},
    {-3.06f, -1.00f, -1.08f, -110, 15, -61, 1920, 128},
    {-2.70f, 4.38f, -3.34f, -115, 44, 30, 1920, 128},
    {-3.06f, 1.00f, 1.08f, -104, 62, 39, 1920, 128},
    {-0.67f, 5.48f, -2.15f, -31, 94, 80, 1920, 128},
    {-0.76f, 2.25f, 2.44f, -10, 104, 73, 1920, 128},
    {1.87f, 5.09f, -2.58f, 76, 80, 62, 1920, 128},
    {2.12f, 1.80f, 1.95f, 80, 98, 11, 1920, 128},
    {1.25f, 7.94f, -9.45f, 91, -18, -87, 1920, 128},
    {2.00f, 9.00f, -8.30f, 120, 42, -6, 1920, 128},
    {-0.45f, 7.68f, -9.73f, -3, -60, -112, 1920, 128},
    {-1.80f, 8.41f, -8.94f, -99, -31, -74, 1920, 128},
    {-1.80f, 9.59f, -7.66f, -119, 45, -2, 1920, 128},
    {-0.45f, 10.32f, -6.87f, -52, 95, 66, 1920, 128},
    {1.25f, 10.06f, -7.15f, 56, 94, 64, 1920, 128},
    {0.00f, 0.00f, -0.00f, 0, 93, -86, 1920, 128},
    {0.00f, 9.00f, -8.30f, 0, 93, -86, 1920, 128},
    {0.00f, 12.10f, -8.80f, 0, 127, 0, 640, 128},
    {1.56f, 11.40f, -8.80f, 101, 75, -16, 640, 128},
    {0.97f, 11.40f, -10.02f, 50, 75, -89, 640, 128},
    {-0.35f, 11.40f, -10.32f, -38, 75, -95, 640, 128},
    {-1.40f, 11.40f, -9.47f, -98, 75, -29, 640, 128},
    {-1.40f, 11.40f, -8.13f, -84, 75, 59, 640, 128},
    {-0.35f, 11.40f, -7.28f, -7, 75, 102, 640, 128},
    {0.97f, 11.40f, -7.58f, 76, 75, 69, 640, 128},
    {1.56f, 11.40f, -8.80f, 101, 75, -16, 640, 128},
    {2.20f, 9.70f, -8.80f, 127, 0, 0, 640, 128},
    {1.37f, 9.70f, -10.52f, 79, 0, -99, 640, 128},
    {0.97f, 11.40f, -10.02f, 50, 75, -89, 640, 128},
    {-0.49f, 9.70f, -10.94f, -28, 0, -124, 640, 128},
    {-0.35f, 11.40f, -10.32f, -38, 75, -95, 640, 128},
    {-1.98f, 9.70f, -9.75f, -114, 0, -55, 640, 128},
    {-1.40f, 11.40f, -9.47f, -98, 75, -29, 640, 128},
    {-1.98f, 9.70f, -7.85f, -114, 0, 55, 640, 128},
    {-1.40f, 11.40f, -8.13f, -84, 75, 59, 640, 128},
    {-0.49f, 9.70f, -6.66f, -28, 0, 124, 640, 128},
    {-0.35f, 11.40f, -7.28f, -7, 75, 102, 640, 128},
    {1.37f, 9.70f, -7.08f, 79, 0, 99, 640, 128},
    {0.97f, 11.40f, -7.58f, 76, 75, 69, 640, 128},
    {1.56f, 8.00f, -8.80f, 101, -75, 16, 640, 128},
    {0.97f, 8.00f, -10.02f, 76, -75, -69, 640, 128},
    {-0.35f, 8.00f, -10.32f, -7, -75, -102, 640, 128},
    {-1.40f, 8.00f, -9.47f, -84, -75, -59, 640, 128},
    {-1.40f, 8.00f, -8.13f, -98, -75, 29, 640, 128},
    {-0.35f, 8.00f, -7.28f, -38, -75, 95, 640, 128},
    {0.97f, 8.00f, -7.58f, 50, -75, 89, 640, 128},
    {0.00f, 7.30f, -8.80f, 0, -127, 0, 640, 128},
};
constexpr int kPlushBatchCount = 34;
inline constexpr Batch kPlushBatches[kPlushBatchCount] = {
    { 0, 0, 32, 0, 42 },
    { 0, 32, 32, 42, 38 },
    { 0, 64, 32, 80, 52 },
    { 0, 96, 32, 132, 40 },
    { 0, 128, 16, 172, 20 },
    { 0, 144, 32, 192, 48 },
    { 0, 176, 31, 240, 36 },
    { 0, 207, 32, 276, 38 },
    { 0, 239, 32, 314, 34 },
    { 0, 271, 32, 348, 38 },
    { 0, 303, 30, 386, 34 },
    { 0, 333, 31, 420, 50 },
    { 0, 364, 31, 470, 50 },
    { 0, 395, 32, 520, 52 },
    { 0, 427, 32, 572, 48 },
    { 0, 459, 32, 620, 41 },
    { 0, 491, 31, 661, 45 },
    { 0, 522, 31, 706, 48 },
    { 0, 553, 7, 754, 10 },
    { 1, 560, 28, 764, 36 },
    { 0, 588, 32, 800, 48 },
    { 0, 620, 20, 848, 24 },
    { 0, 640, 32, 872, 48 },
    { 0, 672, 20, 920, 24 },
    { 0, 692, 31, 944, 49 },
    { 0, 723, 22, 993, 35 },
    { 0, 745, 31, 1028, 49 },
    { 0, 776, 22, 1077, 35 },
    { 0, 798, 32, 1112, 36 },
    { 0, 830, 20, 1148, 28 },
    { 0, 850, 32, 1176, 36 },
    { 0, 882, 20, 1212, 28 },
    { 0, 902, 31, 1240, 49 },
    { 0, 933, 22, 1289, 35 },
};
constexpr int kPlushTriCount = 1324;
inline constexpr uint8_t kPlushTris[kPlushTriCount][3] = {
{0,1,2}, {0,3,1}, {3,4,1}, {3,5,4}, {5,6,4}, {5,7,6}, {7,8,6}, {7,9,8}, {9,10,8}, {9,11,10}, {11,12,10}, {11,13,12}, {13,14,12}, {13,15,14}, {15,16,14}, {15,17,16}, {17,18,16}, {17,19,18}, {19,2,18}, {19,0,2}, {2,20,21}, {2,1,20}, {1,22,20}, {1,4,22}, {4,23,22}, {4,6,23}, {6,24,23}, {6,8,24}, {8,25,24}, {8,10,25}, {10,26,25}, {10,12,26}, {12,27,26}, {12,14,27}, {14,28,27}, {14,16,28}, {16,29,28}, {16,18,29}, {18,21,29}, {18,2,21}, {21,30,31}, {21,20,30}, {0,1,2}, {0,3,1}, {3,4,1}, {3,5,4}, {5,6,4}, {5,7,6}, {7,8,6}, {7,9,8}, {9,10,8}, {9,11,10}, {11,12,10}, {11,13,12}, {13,14,12}, {13,15,14}, {15,16,14}, {15,17,16}, {17,18,16}, {17,19,18}, {20,21,22}, {20,22,23}, {20,23,24}, {20,24,25}, {20,25,26}, {20,26,27}, {20,27,28}, {20,28,29}, {20,29,30}, {20,30,21}, {31,18,2}, {31,2,1}, {31,1,4}, {31,4,6}, {31,6,8}, {31,8,10}, {31,10,12}, {31,12,14}, {31,14,16}, {31,16,18}, {0,1,2}, {0,2,3}, {0,3,4}, {0,4,5}, {0,5,6}, {0,6,7}, {0,7,8}, {0,8,1}, {1,9,10}, {1,10,2}, {2,10,11}, {2,11,3}, {3,11,12}, {3,12,4}, {4,12,13}, {4,13,5}, {5,13,14}, {5,14,6}, {6,14,15}, {6,15,7}, {7,15,16}, {7,16,8}, {8,16,9}, {8,9,1}, {9,17,18}, {9,18,10}, {10,18,19}, {10,19,11}, {11,19,20}, {11,20,12}, {12,20,21}, {12,21,13}, {13,21,22}, {13,22,14}, {14,22,23}, {14,23,15}, {15,23,24}, {15,24,16}, {16,24,17}, {16,17,9}, {17,25,26}, {17,26,18}, {18,26,27}, {18,27,19}, {19,27,28}, {19,28,20}, {20,28,29}, {20,29,21}, {21,29,30}, {21,30,22}, {22,30,31}, {22,31,23}, {0,1,2}, {0,2,3}, {3,2,4}, {3,4,5}, {4,6,7}, {7,6,8}, {8,6,9}, {9,6,10}, {10,6,11}, {11,6,1}, {1,6,2}, {2,6,4}, {12,13,14}, {12,14,15}, {12,15,16}, {12,16,17}, {12,17,18}, {12,18,19}, {12,19,20}, {12,20,13}, {13,21,22}, {13,22,14}, {14,22,23}, {14,23,15}, {15,23,24}, {15,24,16}, {16,24,25}, {16,25,17}, {17,25,26}, {17,26,18}, {18,26,27}, {18,27,19}, {19,27,28}, {19,28,20}, {20,28,21}, {20,21,13}, {21,29,30}, {21,30,22}, {22,30,31}, {22,31,23}, {0,1,2}, {0,2,3}, {3,2,4}, {3,4,5}, {5,4,6}, {5,6,7}, {7,6,8}, {7,8,9}, {9,8,10}, {9,10,11}, {11,10,12}, {11,12,13}, {12,14,15}, {15,14,1}, {1,14,2}, {2,14,4}, {4,14,6}, {6,14,8}, {8,14,10}, {10,14,12}, {0,1,2}, {0,2,3}, {0,3,4}, {0,4,5}, {0,5,6}, {0,6,7}, {0,7,8}, {0,8,9}, {0,9,10}, {0,10,11}, {0,11,12}, {0,12,1}, {1,13,14}, {1,14,2}, {2,14,15}, {2,15,3}, {3,15,16}, {3,16,4}, {4,16,17}, {4,17,5}, {5,17,18}, {5,18,6}, {6,18,19}, {6,19,7}, {7,19,20}, {7,20,8}, {8,20,21}, {8,21,9}, {9,21,22}, {9,22,10}, {10,22,23}, {10,23,11}, {11,23,24}, {11,24,12}, {12,24,13}, {12,13,1}, {13,25,26}, {13,26,14}, {14,26,27}, {14,27,15}, {15,27,28}, {15,28,16}, {16,28,29}, {16,29,17}, {17,29,30}, {17,30,18}, {18,30,31}, {18,31,19}, {0,1,2}, {0,2,3}, {3,2,4}, {3,4,5}, {5,4,6}, {5,6,7}, {7,6,8}, {7,8,9}, {9,8,10}, {9,10,11}, {11,10,12}, {11,12,13}, {12,14,15}, {12,15,16}, {16,15,17}, {16,17,18}, {18,17,19}, {18,19,20}, {20,19,21}, {20,21,22}, {22,21,23}, {22,23,24}, {24,23,25}, {24,25,1}, {1,25,26}, {1,26,2}, {2,26,27}, {2,27,4}, {4,27,28}, {4,28,6}, {6,28,29}, {6,29,8}, {8,29,30}, {8,30,10}, {10,30,14}, {10,14,12}, {0,1,2}, {0,2,3}, {3,2,4}, {3,4,5}, {5,4,6}, {5,6,7}, {7,6,8}, {7,8,9}, {9,8,10}, {9,10,11}, {11,10,12}, {11,12,13}, {13,12,14}, {13,14,15}, {15,14,16}, {15,16,17}, {17,16,18}, {17,18,19}, {19,18,20}, {19,20,21}, {21,20,22}, {21,22,23}, {23,22,1}, {23,1,0}, {1,24,25}, {1,25,2}, {2,25,26}, {2,26,4}, {4,26,27}, {4,27,6}, {6,27,28}, {6,28,8}, {8,28,29}, {8,29,10}, {10,29,30}, {10,30,12}, {12,30,31}, {12,31,14}, {0,1,2}, {0,2,3}, {3,2,4}, {3,4,5}, {5,4,6}, {5,6,7}, {7,6,8}, {7,8,9}, {9,8,10}, {9,10,11}, {10,12,13}, {13,12,14}, {14,12,15}, {15,12,16}, {16,12,17}, {17,12,18}, {18,12,1}, {1,12,2}, {2,12,4}, {4,12,6}, {6,12,8}, {8,12,10}, {19,20,21}, {19,21,22}, {19,22,23}, {19,23,24}, {19,24,25}, {19,25,26}, {19,26,27}, {19,27,28}, {19,28,29}, {19,29,30}, {19,30,31}, {19,31,20}, {0,1,2}, {0,2,3}, {3,2,4}, {3,4,5}, {5,4,6}, {5,6,7}, {7,6,8}, {7,8,9}, {9,8,10}, {9,10,11}, {11,10,12}, {11,12,13}, {13,12,14}, {13,14,15}, {15,14,16}, {15,16,17}, {17,16,18}, {17,18,19}, {19,18,20}, {19,20,21}, {21,20,22}, {21,22,23}, {23,22,1}, {23,1,0}, {1,24,25}, {1,25,2}, {2,25,26}, {2,26,4}, {4,26,27}, {4,27,6}, {6,27,28}, {6,28,8}, {8,28,29}, {8,29,10}, {10,29,30}, {10,30,12}, {12,30,31}, {12,31,14}, {0,1,2}, {0,2,3}, {3,2,4}, {3,4,5}, {5,4,6}, {5,6,7}, {7,6,8}, {7,8,9}, {9,8,10}, {9,10,11}, {10,12,13}, {10,13,14}, {14,13,15}, {14,15,16}, {16,15,17}, {16,17,18}, {18,17,19}, {18,19,20}, {20,19,21}, {20,21,22}, {22,21,23}, {22,23,24}, {24,23,25}, {24,25,1}, {1,25,26}, {1,26,2}, {2,26,27}, {2,27,4}, {4,27,28}, {4,28,6}, {6,28,29}, {6,29,8}, {8,29,12}, {8,12,10}, {0,1,2}, {0,2,3}, {0,3,4}, {0,4,5}, {0,5,6}, {0,6,7}, {0,7,8}, {0,8,9}, {0,9,10}, {0,10,1}, {1,11,12}, {1,12,2}, {2,12,13}, {2,13,3}, {3,13,14}, {3,14,4}, {4,14,15}, {4,15,5}, {5,15,16}, {5,16,6}, {6,16,17}, {6,17,7}, {7,17,18}, {7,18,8}, {8,18,19}, {8,19,9}, {9,19,20}, {9,20,10}, {10,20,11}, {10,11,1}, {11,21,22}, {11,22,12}, {12,22,23}, {12,23,13}, {13,23,24}, {13,24,14}, {14,24,25}, {14,25,15}, {15,25,26}, {15,26,16}, {16,26,27}, {16,27,17}, {17,27,28}, {17,28,18}, {18,28,29}, {18,29,19}, {19,29,30}, {19,30,20}, {20,30,21}, {20,21,11}, {0,1,2}, {0,2,3}, {3,2,4}, {3,4,5}, {5,4,6}, {5,6,7}, {7,6,8}, {7,8,9}, {9,8,10}, {9,10,11}, {11,10,12}, {11,12,13}, {13,12,14}, {13,14,15}, {15,14,16}, {15,16,17}, {17,16,18}, {17,18,19}, {19,18,1}, {19,1,0}, {1,20,21}, {1,21,2}, {2,21,22}, {2,22,4}, {4,22,23}, {4,23,6}, {6,23,24}, {6,24,8}, {8,24,25}, {8,25,10}, {10,25,26}, {10,26,12}, {12,26,27}, {12,27,14}, {14,27,28}, {14,28,16}, {16,28,29}, {16,29,18}, {18,29,20}, {18,20,1}, {20,30,21}, {21,30,22}, {22,30,23}, {23,30,24}, {24,30,25}, {25,30,26}, {26,30,27}, {27,30,28}, {28,30,29}, {29,30,20}, {0,1,2}, {0,2,3}, {0,3,4}, {0,4,5}, {0,5,6}, {0,6,7}, {0,7,8}, {0,8,1}, {1,9,10}, {1,10,2}, {2,10,11}, {2,11,3}, {3,11,12}, {3,12,4}, {4,12,13}, {4,13,5}, {5,13,14}, {5,14,6}, {6,14,15}, {6,15,7}, {7,15,16}, {7,16,8}, {8,16,9}, {8,9,1}, {9,17,18}, {9,18,10}, {10,18,19}, {10,19,11}, {11,19,20}, {11,20,12}, {12,20,21}, {12,21,13}, {13,21,22}, {13,22,14}, {14,22,23}, {14,23,15}, {15,23,24}, {15,24,16}, {16,24,17}, {16,17,9}, {17,25,18}, {18,25,19}, {19,25,20}, {20,25,21}, {21,25,22}, {22,25,23}, {23,25,24}, {24,25,17}, {26,27,28}, {26,28,29}, {26,29,30}, {26,30,31}, {0,1,2}, {0,2,3}, {0,3,4}, {0,4,5}, {5,6,7}, {5,7,8}, {8,7,9}, {8,9,10}, {10,9,11}, {10,11,12}, {12,11,13}, {12,13,1}, {1,13,14}, {1,14,2}, {2,14,15}, {2,15,3}, {3,15,16}, {3,16,4}, {4,16,6}, {4,6,5}, {6,17,18}, {6,18,7}, {7,18,19}, {7,19,9}, {9,19,20}, {9,20,11}, {11,20,21}, {11,21,13}, {13,21,22}, {13,22,14}, {14,22,23}, {14,23,15}, {15,23,24}, {15,24,16}, {16,24,17}, {16,17,6}, {17,25,26}, {17,26,18}, {18,26,27}, {18,27,19}, {19,27,28}, {19,28,20}, {20,28,29}, {20,29,21}, {21,29,30}, {21,30,22}, {22,30,31}, {22,31,23}, {0,1,2}, {0,2,3}, {3,2,4}, {3,4,5}, {4,6,7}, {7,6,8}, {8,6,9}, {9,6,10}, {10,6,11}, {11,6,1}, {1,6,2}, {2,6,4}, {12,13,14}, {12,14,15}, {12,15,16}, {12,16,17}, {12,17,18}, {12,18,13}, {13,19,20}, {13,20,14}, {14,20,21}, {14,21,15}, {15,21,22}, {15,22,16}, {16,22,23}, {16,23,17}, {17,23,24}, {17,24,18}, {18,24,19}, {18,19,13}, {19,25,20}, {20,25,21}, {21,25,22}, {22,25,23}, {23,25,24}, {24,25,19}, {26,27,28}, {26,28,29}, {26,29,30}, {26,30,31}, {26,31,27}, {0,1,2}, {2,1,3}, {3,1,4}, {4,1,5}, {5,1,0}, {6,7,8}, {6,8,9}, {6,9,10}, {6,10,11}, {6,11,12}, {6,12,13}, {6,13,14}, {6,14,7}, {7,15,16}, {7,16,8}, {8,16,17}, {8,17,9}, {9,17,18}, {9,18,10}, {10,18,19}, {10,19,11}, {11,19,20}, {11,20,12}, {12,20,21}, {12,21,13}, {13,21,22}, {13,22,14}, {14,22,15}, {14,15,7}, {15,23,24}, {15,24,16}, {16,24,25}, {16,25,17}, {17,25,26}, {17,26,18}, {18,26,27}, {18,27,19}, {19,27,28}, {19,28,20}, {20,28,29}, {20,29,21}, {21,29,30}, {21,30,22}, {22,30,23}, {22,23,15}, {0,1,2}, {0,2,3}, {3,2,4}, {3,4,5}, {5,4,6}, {5,6,7}, {7,6,8}, {7,8,9}, {9,8,10}, {9,10,11}, {11,10,12}, {11,12,13}, {13,12,14}, {13,14,15}, {15,14,1}, {15,1,0}, {1,16,2}, {2,16,4}, {4,16,6}, {6,16,8}, {8,16,10}, {10,16,12}, {12,16,14}, {14,16,1}, {17,18,19}, {17,19,20}, {17,20,21}, {17,21,22}, {17,22,23}, {17,23,18}, {18,24,25}, {18,25,19}, {19,25,26}, {19,26,20}, {20,26,27}, {20,27,21}, {21,27,28}, {21,28,22}, {22,28,29}, {22,29,23}, {23,29,24}, {23,24,18}, {24,30,25}, {25,30,26}, {26,30,27}, {27,30,28}, {28,30,29}, {29,30,24}, {0,1,2}, {0,2,3}, {0,3,4}, {0,4,5}, {0,5,1}, {1,6,2}, {2,6,3}, {3,6,4}, {4,6,5}, {5,6,1}, {0,1,2}, {0,2,3}, {1,4,5}, {1,5,2}, {4,6,7}, {4,7,5}, {6,8,9}, {6,9,7}, {8,10,11}, {8,11,9}, {10,12,13}, {10,13,11}, {3,2,14}, {3,14,15}, {2,5,16}, {2,16,14}, {5,7,17}, {5,17,16}, {7,9,18}, {7,18,17}, {9,11,19}, {9,19,18}, {11,13,20}, {11,20,19}, {15,14,21}, {15,21,22}, {14,16,23}, {14,23,21}, {16,17,24}, {16,24,23}, {17,18,25}, {17,25,24}, {18,19,26}, {18,26,25}, {19,20,27}, {19,27,26}, {0,1,2}, {0,3,1}, {3,4,1}, {3,5,4}, {5,6,4}, {5,7,6}, {7,8,6}, {7,9,8}, {9,10,8}, {9,11,10}, {11,2,10}, {11,0,2}, {2,12,13}, {2,1,12}, {1,14,12}, {1,4,14}, {4,15,14}, {4,6,15}, {6,16,15}, {6,8,16}, {8,17,16}, {8,10,17}, {10,13,17}, {10,2,13}, {18,0,3}, {18,3,5}, {18,5,7}, {18,7,9}, {18,9,11}, {18,0,11}, {19,13,12}, {19,12,14}, {19,14,15}, {19,15,16}, {19,16,17}, {19,17,13}, {20,21,22}, {20,23,21}, {23,24,21}, {23,25,24}, {25,26,24}, {25,27,26}, {27,28,26}, {27,29,28}, {29,30,28}, {29,31,30}, {31,22,30}, {31,20,22}, {0,1,2}, {0,3,1}, {3,4,1}, {3,5,4}, {5,6,4}, {5,7,6}, {7,8,6}, {7,9,8}, {9,10,8}, {9,11,10}, {11,2,10}, {11,0,2}, {12,13,14}, {12,14,15}, {12,16,15}, {12,17,16}, {12,18,17}, {12,18,13}, {19,2,1}, {19,1,4}, {19,4,6}, {19,6,8}, {19,10,8}, {19,10,2}, {0,1,2}, {0,3,1}, {3,4,1}, {3,5,4}, {5,6,4}, {5,7,6}, {7,8,6}, {7,9,8}, {9,10,8}, {9,11,10}, {11,2,10}, {11,0,2}, {2,12,13}, {2,1,12}, {1,14,12}, {1,4,14}, {4,15,14}, {4,6,15}, {6,16,15}, {6,8,16}, {8,17,16}, {8,10,17}, {10,13,17}, {10,2,13}, {18,0,3}, {18,3,5}, {18,5,7}, {18,9,7}, {18,9,11}, {18,0,11}, {19,13,12}, {19,12,14}, {19,14,15}, {19,15,16}, {19,16,17}, {19,17,13}, {20,21,22}, {20,23,21}, {23,24,21}, {23,25,24}, {25,26,24}, {25,27,26}, {27,28,26}, {27,29,28}, {29,30,28}, {29,31,30}, {31,22,30}, {31,20,22}, {0,1,2}, {0,3,1}, {3,4,1}, {3,5,4}, {5,6,4}, {5,7,6}, {7,8,6}, {7,9,8}, {9,10,8}, {9,11,10}, {11,2,10}, {11,0,2}, {12,13,14}, {12,13,15}, {12,15,16}, {12,16,17}, {12,17,18}, {12,14,18}, {19,2,1}, {19,4,1}, {19,4,6}, {19,6,8}, {19,8,10}, {19,10,2}, {0,1,2}, {0,3,1}, {3,4,1}, {3,5,4}, {5,6,4}, {5,7,6}, {7,8,6}, {7,9,8}, {9,10,8}, {9,11,10}, {11,12,10}, {11,13,12}, {13,2,12}, {13,0,2}, {2,14,15}, {2,1,14}, {1,16,14}, {1,4,16}, {4,17,16}, {4,6,17}, {6,18,17}, {6,8,18}, {8,19,18}, {8,10,19}, {10,20,19}, {10,12,20}, {12,15,20}, {12,2,15}, {21,3,0}, {21,5,3}, {21,7,5}, {21,9,7}, {21,11,9}, {21,13,11}, {21,0,13}, {22,14,15}, {22,16,14}, {22,16,17}, {22,17,18}, {22,19,18}, {22,19,20}, {22,20,15}, {23,24,25}, {23,25,26}, {23,26,27}, {23,27,28}, {23,28,29}, {23,29,30}, {23,30,24}, {0,1,2}, {0,2,3}, {3,2,4}, {3,4,5}, {5,4,6}, {5,6,7}, {7,6,8}, {7,8,9}, {9,8,10}, {9,10,11}, {11,10,12}, {11,12,13}, {13,12,1}, {13,1,0}, {1,14,15}, {1,15,2}, {2,15,16}, {2,16,4}, {4,16,17}, {4,17,6}, {6,17,18}, {6,18,8}, {8,18,19}, {8,19,10}, {10,19,20}, {10,20,12}, {12,20,14}, {12,14,1}, {14,21,15}, {15,21,16}, {16,21,17}, {17,21,18}, {18,21,19}, {19,21,20}, {20,21,14}, {0,1,2}, {0,3,1}, {3,4,1}, {3,5,4}, {5,6,4}, {5,7,6}, {7,8,6}, {7,9,8}, {9,10,8}, {9,11,10}, {11,12,10}, {11,13,12}, {13,2,12}, {13,0,2}, {2,14,15}, {2,1,14}, {1,16,14}, {1,4,16}, {4,17,16}, {4,6,17}, {6,18,17}, {6,8,18}, {8,19,18}, {8,10,19}, {10,20,19}, {10,12,20}, {12,15,20}, {12,2,15}, {21,3,0}, {21,5,3}, {21,7,5}, {21,9,7}, {21,11,9}, {21,13,11}, {21,13,0}, {22,15,14}, {22,14,16}, {22,17,16}, {22,17,18}, {22,19,18}, {22,20,19}, {22,15,20}, {23,24,25}, {23,25,26}, {23,26,27}, {23,27,28}, {23,28,29}, {23,29,30}, {23,30,24}, {0,1,2}, {0,2,3}, {3,2,4}, {3,4,5}, {5,4,6}, {5,6,7}, {7,6,8}, {7,8,9}, {9,8,10}, {9,10,11}, {11,10,12}, {11,12,13}, {13,12,1}, {13,1,0}, {1,14,15}, {1,15,2}, {2,15,16}, {2,16,4}, {4,16,17}, {4,17,6}, {6,17,18}, {6,18,8}, {8,18,19}, {8,19,10}, {10,19,20}, {10,20,12}, {12,20,14}, {12,14,1}, {14,21,15}, {15,21,16}, {16,21,17}, {17,21,18}, {18,21,19}, {19,21,20}, {20,21,14}, {0,1,2}, {0,3,1}, {3,4,1}, {3,5,4}, {5,6,4}, {5,7,6}, {7,8,6}, {7,9,8}, {9,10,8}, {9,11,10}, {11,12,10}, {11,13,12}, {13,14,12}, {13,15,14}, {15,2,14}, {15,0,2}, {16,17,18}, {16,18,19}, {16,19,20}, {16,20,21}, {16,21,22}, {16,22,23}, {16,23,24}, {16,24,17}, {17,25,26}, {17,26,18}, {18,26,27}, {18,27,19}, {19,27,28}, {19,28,20}, {20,28,29}, {20,29,21}, {21,29,30}, {21,30,22}, {22,30,31}, {22,31,23}, {0,1,2}, {0,2,3}, {3,2,4}, {3,4,5}, {4,6,7}, {4,7,8}, {8,7,9}, {8,9,10}, {10,9,11}, {10,11,12}, {12,11,13}, {12,13,14}, {14,13,15}, {14,15,16}, {16,15,17}, {16,17,1}, {1,17,18}, {1,18,2}, {2,18,6}, {2,6,4}, {6,19,7}, {7,19,9}, {9,19,11}, {11,19,13}, {13,19,15}, {15,19,17}, {17,19,18}, {18,19,6}, {0,1,2}, {0,3,1}, {3,4,1}, {3,5,4}, {5,6,4}, {5,7,6}, {7,8,6}, {7,9,8}, {9,10,8}, {9,11,10}, {11,12,10}, {11,13,12}, {13,14,12}, {13,15,14}, {15,2,14}, {15,0,2}, {16,17,18}, {16,18,19}, {16,19,20}, {16,20,21}, {16,21,22}, {16,22,23}, {16,23,24}, {16,24,17}, {17,25,26}, {17,26,18}, {18,26,27}, {18,27,19}, {19,27,28}, {19,28,20}, {20,28,29}, {20,29,21}, {21,29,30}, {21,30,22}, {22,30,31}, {22,31,23}, {0,1,2}, {0,2,3}, {3,2,4}, {3,4,5}, {4,6,7}, {4,7,8}, {8,7,9}, {8,9,10}, {10,9,11}, {10,11,12}, {12,11,13}, {12,13,14}, {14,13,15}, {14,15,16}, {16,15,17}, {16,17,1}, {1,17,18}, {1,18,2}, {2,18,6}, {2,6,4}, {6,19,7}, {7,19,9}, {9,19,11}, {11,19,13}, {13,19,15}, {15,19,17}, {17,19,18}, {18,19,6}, {0,1,2}, {0,3,1}, {3,4,1}, {3,5,4}, {5,6,4}, {5,7,6}, {7,8,6}, {7,9,8}, {9,10,8}, {9,11,10}, {11,12,10}, {11,13,12}, {13,2,12}, {13,0,2}, {2,14,15}, {2,1,14}, {1,16,14}, {1,4,16}, {4,17,16}, {4,6,17}, {6,18,17}, {6,8,18}, {8,19,18}, {8,10,19}, {10,20,19}, {10,12,20}, {12,15,20}, {12,2,15}, {21,0,3}, {21,5,3}, {21,5,7}, {21,7,9}, {21,11,9}, {21,11,13}, {21,13,0}, {22,15,14}, {22,14,16}, {22,17,16}, {22,17,18}, {22,18,19}, {22,19,20}, {22,20,15}, {23,24,25}, {23,25,26}, {23,26,27}, {23,27,28}, {23,28,29}, {23,29,30}, {23,30,24}, {0,1,2}, {0,2,3}, {3,2,4}, {3,4,5}, {5,4,6}, {5,6,7}, {7,6,8}, {7,8,9}, {9,8,10}, {9,10,11}, {11,10,12}, {11,12,13}, {13,12,1}, {13,1,0}, {1,14,15}, {1,15,2}, {2,15,16}, {2,16,4}, {4,16,17}, {4,17,6}, {6,17,18}, {6,18,8}, {8,18,19}, {8,19,10}, {10,19,20}, {10,20,12}, {12,20,14}, {12,14,1}, {14,21,15}, {15,21,16}, {16,21,17}, {17,21,18}, {18,21,19}, {19,21,20}, {20,21,14}
};

// ---- Tv: 3 parts, 455 vertices in 15 batches, 588 triangles ----
constexpr int kTvPartCount = 3;
inline constexpr const char* kTvPartNames[kTvPartCount] = { "body", "aerial.L", "aerial.R" };
inline constexpr Part kTvParts[kTvPartCount] = {
    { -1, 0.00f, 0.00f, -0.00f, 0, 393, 0, 13 },
    { 0, 1.20f, 31.80f, -2.00f, 393, 31, 13, 1 },
    { 0, -1.20f, 31.80f, -2.00f, 424, 31, 14, 1 },
};
constexpr int kTvVertCount = 455;
inline constexpr Vert kTvVerts[kTvVertCount] = {
    {-16.80f, 17.50f, 12.00f, -76, 2, -102, 384, 128},
    {-16.53f, 26.04f, 4.00f, -123, 30, -6, 384, 128},
    {-17.20f, 17.50f, 4.00f, -127, 0, -7, 384, 128},
    {-16.15f, 25.85f, 12.00f, -63, 21, -108, 384, 128},
    {-14.46f, 29.10f, 4.00f, -79, 99, -7, 384, 128},
    {-14.13f, 28.85f, 12.00f, -41, 62, -103, 384, 128},
    {-10.64f, 30.76f, 4.00f, -19, 125, -6, 384, 128},
    {-10.39f, 30.48f, 12.00f, -10, 90, -89, 384, 128},
    {-0.00f, 31.30f, 4.00f, 0, 127, -5, 384, 128},
    {-0.00f, 31.00f, 12.00f, 1, 86, -93, 384, 128},
    {10.64f, 30.76f, 4.00f, 20, 125, -4, 384, 128},
    {10.39f, 30.48f, 12.00f, 16, 74, -102, 384, 128},
    {14.46f, 29.10f, 4.00f, 80, 98, -7, 384, 128},
    {14.13f, 28.85f, 12.00f, 51, 52, -104, 384, 128},
    {16.53f, 26.04f, 4.00f, 123, 28, -9, 384, 128},
    {16.15f, 25.85f, 12.00f, 79, 13, -98, 384, 128},
    {17.20f, 17.50f, 4.00f, 127, 0, -7, 384, 128},
    {16.80f, 17.50f, 12.00f, 76, -2, -102, 384, 128},
    {16.53f, 8.96f, 4.00f, 123, -30, -6, 384, 128},
    {16.15f, 9.15f, 12.00f, 63, -21, -108, 384, 128},
    {14.46f, 5.90f, 4.00f, 79, -99, -7, 384, 128},
    {14.13f, 6.15f, 12.00f, 41, -62, -103, 384, 128},
    {10.64f, 4.24f, 4.00f, 19, -125, -6, 384, 128},
    {10.39f, 4.52f, 12.00f, 10, -90, -89, 384, 128},
    {0.00f, 3.70f, 4.00f, 0, -127, -5, 384, 128},
    {0.00f, 4.00f, 12.00f, -1, -86, -93, 384, 128},
    {-10.64f, 4.24f, 4.00f, -20, -125, -4, 384, 128},
    {-10.39f, 4.52f, 12.00f, -16, -74, -102, 384, 128},
    {-14.46f, 5.90f, 4.00f, -80, -98, -7, 384, 128},
    {-14.13f, 6.15f, 12.00f, -51, -52, -104, 384, 128},
    {-16.53f, 8.96f, 4.00f, -123, -28, -9, 384, 128},
    {-16.15f, 9.15f, 12.00f, -79, -13, -98, 384, 128},
    {-17.20f, 17.50f, 4.00f, -127, 0, -7, 384, 128},
    {-15.19f, 25.42f, -6.00f, -119, 26, -34, 384, 128},
    {-15.80f, 17.50f, -6.00f, -122, -1, -35, 384, 128},
    {-16.53f, 26.04f, 4.00f, -123, 30, -6, 384, 128},
    {-13.29f, 28.26f, -6.00f, -79, 93, -36, 384, 128},
    {-14.46f, 29.10f, 4.00f, -79, 99, -7, 384, 128},
    {-9.77f, 29.80f, -6.00f, -20, 121, -31, 384, 128},
    {-10.64f, 30.76f, 4.00f, -19, 125, -6, 384, 128},
    {-0.00f, 30.30f, -6.00f, 0, 124, -27, 384, 128},
    {-0.00f, 31.30f, 4.00f, 0, 127, -5, 384, 128},
    {9.77f, 29.80f, -6.00f, 17, 123, -27, 384, 128},
    {10.64f, 30.76f, 4.00f, 20, 125, -4, 384, 128},
    {13.29f, 28.26f, -6.00f, 75, 96, -36, 384, 128},
    {14.46f, 29.10f, 4.00f, 80, 98, -7, 384, 128},
    {15.19f, 25.42f, -6.00f, 117, 29, -39, 384, 128},
    {16.53f, 26.04f, 4.00f, 123, 28, -9, 384, 128},
    {15.80f, 17.50f, -6.00f, 122, 1, -35, 384, 128},
    {17.20f, 17.50f, 4.00f, 127, 0, -7, 384, 128},
    {15.19f, 9.58f, -6.00f, 119, -26, -34, 384, 128},
    {16.53f, 8.96f, 4.00f, 123, -30, -6, 384, 128},
    {13.29f, 6.74f, -6.00f, 79, -93, -36, 384, 128},
    {14.46f, 5.90f, 4.00f, 79, -99, -7, 384, 128},
    {9.77f, 5.20f, -6.00f, 20, -121, -31, 384, 128},
    {10.64f, 4.24f, 4.00f, 19, -125, -6, 384, 128},
    {0.00f, 4.70f, -6.00f, 0, -124, -27, 384, 128},
    {0.00f, 3.70f, 4.00f, 0, -127, -5, 384, 128},
    {-9.77f, 5.20f, -6.00f, -17, -123, -27, 384, 128},
    {-10.64f, 4.24f, 4.00f, -20, -125, -4, 384, 128},
    {-13.29f, 6.74f, -6.00f, -75, -96, -36, 384, 128},
    {-14.46f, 5.90f, 4.00f, -80, -98, -7, 384, 128},
    {-15.19f, 9.58f, -6.00f, -117, -29, -39, 384, 128},
    {-16.53f, 8.96f, 4.00f, -123, -28, -9, 384, 128},
    {-15.80f, 17.50f, -6.00f, -122, -1, -35, 384, 128},
    {-11.05f, 23.38f, -15.00f, -81, 13, -97, 384, 128},
    {-11.50f, 17.50f, -15.00f, -80, -2, -99, 384, 128},
    {-15.19f, 25.42f, -6.00f, -119, 26, -34, 384, 128},
    {-9.67f, 25.49f, -15.00f, -55, 53, -102, 384, 128},
    {-13.29f, 28.26f, -6.00f, -79, 93, -36, 384, 128},
    {-7.11f, 26.63f, -15.00f, -18, 78, -98, 384, 128},
    {-9.77f, 29.80f, -6.00f, -20, 121, -31, 384, 128},
    {-0.00f, 27.00f, -15.00f, -2, 90, -89, 384, 128},
    {-0.00f, 30.30f, -6.00f, 0, 124, -27, 384, 128},
    {7.11f, 26.63f, -15.00f, 9, 92, -87, 384, 128},
    {9.77f, 29.80f, -6.00f, 17, 123, -27, 384, 128},
    {9.67f, 25.49f, -15.00f, 43, 66, -100, 384, 128},
    {13.29f, 28.26f, -6.00f, 75, 96, -36, 384, 128},
    {11.05f, 23.38f, -15.00f, 68, 23, -105, 384, 128},
    {15.19f, 25.42f, -6.00f, 117, 29, -39, 384, 128},
    {11.50f, 17.50f, -15.00f, 80, 2, -99, 384, 128},
    {15.80f, 17.50f, -6.00f, 122, 1, -35, 384, 128},
    {11.05f, 11.62f, -15.00f, 81, -13, -97, 384, 128},
    {15.19f, 9.58f, -6.00f, 119, -26, -34, 384, 128},
    {9.67f, 9.51f, -15.00f, 55, -53, -102, 384, 128},
    {13.29f, 6.74f, -6.00f, 79, -93, -36, 384, 128},
    {7.11f, 8.37f, -15.00f, 18, -78, -98, 384, 128},
    {9.77f, 5.20f, -6.00f, 20, -121, -31, 384, 128},
    {0.00f, 8.00f, -15.00f, 2, -90, -89, 384, 128},
    {0.00f, 4.70f, -6.00f, 0, -124, -27, 384, 128},
    {-7.11f, 8.37f, -15.00f, -9, -92, -87, 384, 128},
    {-9.77f, 5.20f, -6.00f, -17, -123, -27, 384, 128},
    {-9.67f, 9.51f, -15.00f, -43, -66, -100, 384, 128},
    {-13.29f, 6.74f, -6.00f, -75, -96, -36, 384, 128},
    {-11.05f, 11.62f, -15.00f, -68, -23, -105, 384, 128},
    {-15.19f, 9.58f, -6.00f, -117, -29, -39, 384, 128},
    {0.00f, 17.50f, 12.00f, 0, 0, -127, 384, 128},
    {-16.80f, 17.50f, 12.00f, -76, 2, -102, 384, 128},
    {-16.15f, 25.85f, 12.00f, -63, 21, -108, 384, 128},
    {-14.13f, 28.85f, 12.00f, -41, 62, -103, 384, 128},
    {-10.39f, 30.48f, 12.00f, -10, 90, -89, 384, 128},
    {-0.00f, 31.00f, 12.00f, 1, 86, -93, 384, 128},
    {10.39f, 30.48f, 12.00f, 16, 74, -102, 384, 128},
    {14.13f, 28.85f, 12.00f, 51, 52, -104, 384, 128},
    {16.15f, 25.85f, 12.00f, 79, 13, -98, 384, 128},
    {16.80f, 17.50f, 12.00f, 76, -2, -102, 384, 128},
    {16.15f, 9.15f, 12.00f, 63, -21, -108, 384, 128},
    {14.13f, 6.15f, 12.00f, 41, -62, -103, 384, 128},
    {10.39f, 4.52f, 12.00f, 10, -90, -89, 384, 128},
    {0.00f, 4.00f, 12.00f, -1, -86, -93, 384, 128},
    {-10.39f, 4.52f, 12.00f, -16, -74, -102, 384, 128},
    {-14.13f, 6.15f, 12.00f, -51, -52, -104, 384, 128},
    {-16.15f, 9.15f, 12.00f, -79, -13, -98, 384, 128},
    {0.00f, 17.50f, -15.00f, 0, 0, -127, 384, 128},
    {-11.50f, 17.50f, -15.00f, -80, -2, -99, 384, 128},
    {-11.05f, 23.38f, -15.00f, -81, 13, -97, 384, 128},
    {-9.67f, 25.49f, -15.00f, -55, 53, -102, 384, 128},
    {-7.11f, 26.63f, -15.00f, -18, 78, -98, 384, 128},
    {-0.00f, 27.00f, -15.00f, -2, 90, -89, 384, 128},
    {7.11f, 26.63f, -15.00f, 9, 92, -87, 384, 128},
    {9.67f, 25.49f, -15.00f, 43, 66, -100, 384, 128},
    {11.05f, 23.38f, -15.00f, 68, 23, -105, 384, 128},
    {11.50f, 17.50f, -15.00f, 80, 2, -99, 384, 128},
    {11.05f, 11.62f, -15.00f, 81, -13, -97, 384, 128},
    {9.67f, 9.51f, -15.00f, 55, -53, -102, 384, 128},
    {7.11f, 8.37f, -15.00f, 18, -78, -98, 384, 128},
    {0.00f, 8.00f, -15.00f, 2, -90, -89, 384, 128},
    {-7.11f, 8.37f, -15.00f, -9, -92, -87, 384, 128},
    {0.00f, 17.50f, -15.00f, 0, 0, -127, 384, 128},
    {-7.11f, 8.37f, -15.00f, -9, -92, -87, 384, 128},
    {-9.67f, 9.51f, -15.00f, -43, -66, -100, 384, 128},
    {-11.05f, 11.62f, -15.00f, -68, -23, -105, 384, 128},
    {-11.50f, 17.50f, -15.00f, -80, -2, -99, 384, 128},
    {-17.20f, 17.50f, 12.80f, -30, 1, -123, 128, 128},
    {-16.53f, 26.10f, 10.00f, -32, 5, -123, 128, 128},
    {-17.20f, 17.50f, 10.00f, -30, -1, -123, 128, 128},
    {-16.53f, 26.10f, 12.80f, -24, 8, -125, 128, 128},
    {-14.46f, 29.19f, 10.00f, -20, 20, -124, 128, 128},
    {-14.46f, 29.19f, 12.80f, -16, 24, -124, 128, 128},
    {-10.64f, 30.86f, 10.00f, -6, 29, -123, 128, 128},
    {-10.64f, 30.86f, 12.80f, -4, 39, -121, 128, 128},
    {-0.00f, 31.40f, 10.00f, -1, 37, -122, 128, 128},
    {-0.00f, 31.40f, 12.80f, 1, 37, -122, 128, 128},
    {10.64f, 30.86f, 10.00f, 4, 39, -121, 128, 128},
    {10.64f, 30.86f, 12.80f, 6, 29, -123, 128, 128},
    {14.46f, 29.19f, 10.00f, 16, 24, -124, 128, 128},
    {14.46f, 29.19f, 12.80f, 20, 20, -124, 128, 128},
    {16.53f, 26.10f, 10.00f, 24, 8, -125, 128, 128},
    {16.53f, 26.10f, 12.80f, 32, 5, -123, 128, 128},
    {17.20f, 17.50f, 10.00f, 30, 1, -123, 128, 128},
    {17.20f, 17.50f, 12.80f, 30, -1, -123, 128, 128},
    {16.53f, 8.90f, 10.00f, 32, -5, -123, 128, 128},
    {16.53f, 8.90f, 12.80f, 24, -8, -125, 128, 128},
    {14.46f, 5.81f, 10.00f, 20, -20, -124, 128, 128},
    {14.46f, 5.81f, 12.80f, 16, -24, -124, 128, 128},
    {10.64f, 4.14f, 10.00f, 6, -29, -123, 128, 128},
    {10.64f, 4.14f, 12.80f, 4, -39, -121, 128, 128},
    {0.00f, 3.60f, 10.00f, 1, -37, -122, 128, 128},
    {0.00f, 3.60f, 12.80f, -1, -37, -122, 128, 128},
    {-10.64f, 4.14f, 10.00f, -4, -39, -121, 128, 128},
    {0.00f, 3.60f, 12.80f, -1, -37, -122, 128, 128},
    {-10.64f, 4.14f, 12.80f, -6, -29, -123, 128, 128},
    {-10.64f, 4.14f, 10.00f, -4, -39, -121, 128, 128},
    {-14.46f, 5.81f, 10.00f, -16, -24, -124, 128, 128},
    {-14.46f, 5.81f, 12.80f, -20, -20, -124, 128, 128},
    {-16.53f, 8.90f, 10.00f, -24, -8, -125, 128, 128},
    {-16.53f, 8.90f, 12.80f, -32, -5, -123, 128, 128},
    {-17.20f, 17.50f, 10.00f, -30, -1, -123, 128, 128},
    {-17.20f, 17.50f, 12.80f, -30, 1, -123, 128, 128},
    {0.00f, 17.50f, 12.80f, 0, 0, -127, 128, 128},
    {-16.53f, 26.10f, 12.80f, -24, 8, -125, 128, 128},
    {-14.46f, 29.19f, 12.80f, -16, 24, -124, 128, 128},
    {-10.64f, 30.86f, 12.80f, -4, 39, -121, 128, 128},
    {-0.00f, 31.40f, 12.80f, 1, 37, -122, 128, 128},
    {10.64f, 30.86f, 12.80f, 6, 29, -123, 128, 128},
    {14.46f, 29.19f, 12.80f, 20, 20, -124, 128, 128},
    {16.53f, 26.10f, 12.80f, 32, 5, -123, 128, 128},
    {17.20f, 17.50f, 12.80f, 30, -1, -123, 128, 128},
    {16.53f, 8.90f, 12.80f, 24, -8, -125, 128, 128},
    {14.46f, 5.81f, 12.80f, 16, -24, -124, 128, 128},
    {10.64f, 4.14f, 12.80f, 4, -39, -121, 128, 128},
    {0.00f, 17.50f, 10.00f, 0, 0, -127, 128, 128},
    {-16.53f, 26.10f, 10.00f, -32, 5, -123, 128, 128},
    {-14.46f, 29.19f, 10.00f, -20, 20, -124, 128, 128},
    {-10.64f, 30.86f, 10.00f, -6, 29, -123, 128, 128},
    {-0.00f, 31.40f, 10.00f, -1, 37, -122, 128, 128},
    {10.64f, 30.86f, 10.00f, 4, 39, -121, 128, 128},
    {14.46f, 29.19f, 10.00f, 16, 24, -124, 128, 128},
    {16.53f, 26.10f, 10.00f, 24, 8, -125, 128, 128},
    {17.20f, 17.50f, 10.00f, 30, 1, -123, 128, 128},
    {16.53f, 8.90f, 10.00f, 32, -5, -123, 128, 128},
    {14.46f, 5.81f, 10.00f, 20, -20, -124, 128, 128},
    {0.00f, 17.50f, 10.00f, 0, 0, -127, 128, 128},
    {14.46f, 5.81f, 10.00f, 20, -20, -124, 128, 128},
    {10.64f, 4.14f, 10.00f, 6, -29, -123, 128, 128},
    {0.00f, 3.60f, 10.00f, 1, -37, -122, 128, 128},
    {-10.64f, 4.14f, 10.00f, -4, -39, -121, 128, 128},
    {-14.46f, 5.81f, 10.00f, -16, -24, -124, 128, 128},
    {-16.53f, 8.90f, 10.00f, -24, -8, -125, 128, 128},
    {-17.20f, 17.50f, 10.00f, -30, -1, -123, 128, 128},
    {15.80f, 21.50f, 12.80f, 104, 13, 72, 1408, 128},
    {15.19f, 22.49f, 14.70f, 89, 66, 63, 1408, 128},
    {15.60f, 21.50f, 14.70f, 109, -16, 63, 1408, 128},
    {15.33f, 22.63f, 12.80f, 64, 83, 72, 1408, 128},
    {14.20f, 22.90f, 14.70f, 16, 109, 63, 1408, 128},
    {14.20f, 23.10f, 12.80f, -13, 104, 72, 1408, 128},
    {13.21f, 22.49f, 14.70f, -66, 89, 63, 1408, 128},
    {13.07f, 22.63f, 12.80f, -83, 64, 72, 1408, 128},
    {12.80f, 21.50f, 14.70f, -109, 16, 63, 1408, 128},
    {12.60f, 21.50f, 12.80f, -104, -13, 72, 1408, 128},
    {13.21f, 20.51f, 14.70f, -89, -66, 63, 1408, 128},
    {13.07f, 20.37f, 12.80f, -64, -83, 72, 1408, 128},
    {14.20f, 20.10f, 14.70f, -16, -109, 63, 1408, 128},
    {14.20f, 19.90f, 12.80f, 13, -104, 72, 1408, 128},
    {15.19f, 20.51f, 14.70f, 66, -89, 63, 1408, 128},
    {15.33f, 20.37f, 12.80f, 83, -64, 72, 1408, 128},
    {14.20f, 21.50f, 12.80f, 0, 0, 127, 1408, 128},
    {14.20f, 21.50f, 14.70f, 0, 0, 127, 1408, 128},
    {15.80f, 16.50f, 12.80f, 104, 13, 72, 1664, 128},
    {15.19f, 17.49f, 14.70f, 89, 66, 63, 1664, 128},
    {15.60f, 16.50f, 14.70f, 109, -16, 63, 1664, 128},
    {15.33f, 17.63f, 12.80f, 64, 83, 72, 1664, 128},
    {14.20f, 17.90f, 14.70f, 16, 109, 63, 1664, 128},
    {14.20f, 18.10f, 12.80f, -13, 104, 72, 1664, 128},
    {14.20f, 18.10f, 12.80f, -13, 104, 72, 1664, 128},
    {13.21f, 17.49f, 14.70f, -66, 89, 63, 1664, 128},
    {14.20f, 17.90f, 14.70f, 16, 109, 63, 1664, 128},
    {13.07f, 17.63f, 12.80f, -83, 64, 72, 1664, 128},
    {12.80f, 16.50f, 14.70f, -109, 16, 63, 1664, 128},
    {12.60f, 16.50f, 12.80f, -104, -13, 72, 1664, 128},
    {13.21f, 15.51f, 14.70f, -89, -66, 63, 1664, 128},
    {13.07f, 15.37f, 12.80f, -64, -83, 72, 1664, 128},
    {14.20f, 15.10f, 14.70f, -16, -109, 63, 1664, 128},
    {14.20f, 14.90f, 12.80f, 13, -104, 72, 1664, 128},
    {15.19f, 15.51f, 14.70f, 66, -89, 63, 1664, 128},
    {15.33f, 15.37f, 12.80f, 83, -64, 72, 1664, 128},
    {15.60f, 16.50f, 14.70f, 109, -16, 63, 1664, 128},
    {15.80f, 16.50f, 12.80f, 104, 13, 72, 1664, 128},
    {14.20f, 16.50f, 12.80f, 0, 0, 127, 1664, 128},
    {15.33f, 17.63f, 12.80f, 64, 83, 72, 1664, 128},
    {14.20f, 16.50f, 14.70f, 0, 0, 127, 1664, 128},
    {15.19f, 17.49f, 14.70f, 89, 66, 63, 1664, 128},
    {16.40f, 12.00f, 13.00f, 26, 78, 97, 1920, 128},
    {14.20f, 12.25f, 13.40f, 4, 117, 49, 1920, 128},
    {16.40f, 12.00f, 13.40f, 26, -78, 97, 1920, 128},
    {14.20f, 12.25f, 13.00f, -4, 117, 49, 1920, 128},
    {12.00f, 12.00f, 13.40f, -26, 78, 97, 1920, 128},
    {12.00f, 12.00f, 13.00f, -26, -78, 97, 1920, 128},
    {14.20f, 11.75f, 13.40f, -4, -117, 49, 1920, 128},
    {14.20f, 11.75f, 13.00f, 4, -117, 49, 1920, 128},
    {14.20f, 12.00f, 13.00f, 0, 0, 127, 1920, 128},
    {14.20f, 12.00f, 13.40f, 0, 0, 127, 1920, 128},
    {16.40f, 10.70f, 13.00f, 26, 78, 97, 1920, 128},
    {14.20f, 10.95f, 13.40f, 4, 117, 49, 1920, 128},
    {16.40f, 10.70f, 13.40f, 26, -78, 97, 1920, 128},
    {14.20f, 10.95f, 13.00f, -4, 117, 49, 1920, 128},
    {14.20f, 10.95f, 13.00f, -4, 117, 49, 1920, 128},
    {12.00f, 10.70f, 13.40f, -26, 78, 97, 1920, 128},
    {14.20f, 10.95f, 13.40f, 4, 117, 49, 1920, 128},
    {12.00f, 10.70f, 13.00f, -26, -78, 97, 1920, 128},
    {14.20f, 10.45f, 13.40f, -4, -117, 49, 1920, 128},
    {14.20f, 10.45f, 13.00f, 4, -117, 49, 1920, 128},
    {16.40f, 10.70f, 13.40f, 26, -78, 97, 1920, 128},
    {16.40f, 10.70f, 13.00f, 26, 78, 97, 1920, 128},
    {14.20f, 10.70f, 13.00f, 0, 0, 127, 1920, 128},
    {14.20f, 10.70f, 13.40f, 0, 0, 127, 1920, 128},
    {16.40f, 9.40f, 13.00f, 26, 78, 97, 1920, 128},
    {14.20f, 9.65f, 13.40f, 4, 117, 49, 1920, 128},
    {16.40f, 9.40f, 13.40f, 26, -78, 97, 1920, 128},
    {14.20f, 9.65f, 13.00f, -4, 117, 49, 1920, 128},
    {12.00f, 9.40f, 13.40f, -26, 78, 97, 1920, 128},
    {12.00f, 9.40f, 13.00f, -26, -78, 97, 1920, 128},
    {14.20f, 9.15f, 13.40f, -4, -117, 49, 1920, 128},
    {14.20f, 9.15f, 13.00f, 4, -117, 49, 1920, 128},
    {14.20f, 9.40f, 13.00f, 0, 0, 127, 1920, 128},
    {14.20f, 9.40f, 13.40f, 0, 0, 127, 1920, 128},
    {16.40f, 8.10f, 13.00f, 26, 78, 97, 1920, 128},
    {14.20f, 8.35f, 13.40f, 4, 117, 49, 1920, 128},
    {16.40f, 8.10f, 13.40f, 26, -78, 97, 1920, 128},
    {14.20f, 8.35f, 13.00f, -4, 117, 49, 1920, 128},
    {12.00f, 8.10f, 13.40f, -26, 78, 97, 1920, 128},
    {12.00f, 8.10f, 13.00f, -26, -78, 97, 1920, 128},
    {14.20f, 7.85f, 13.40f, -4, -117, 49, 1920, 128},
    {14.20f, 7.85f, 13.00f, 4, -117, 49, 1920, 128},
    {14.20f, 8.10f, 13.00f, 0, 0, 127, 1920, 128},
    {14.20f, 8.10f, 13.40f, 0, 0, 127, 1920, 128},
    {-13.48f, 3.51f, 7.50f, -122, 23, -26, 1152, 128},
    {-13.13f, -0.12f, 6.12f, -82, 5, -97, 1152, 128},
    {-14.17f, 0.34f, 8.00f, -121, -24, 28, 1152, 128},
    {-12.53f, 3.09f, 5.79f, -41, -5, -120, 1152, 128},
    {-10.96f, -0.46f, 6.12f, 41, -17, -119, 1152, 128},
    {-10.55f, 2.78f, 5.79f, 71, -64, -83, 1152, 128},
    {-9.83f, -0.34f, 8.00f, 107, -67, -14, 1152, 128},
    {-9.52f, 2.89f, 7.50f, 111, -53, 30, 1152, 128},
    {-10.87f, 0.12f, 9.88f, 70, -44, 96, 1152, 128},
    {-10.47f, 3.31f, 9.21f, 44, 19, 118, 1152, 128},
    {-13.04f, 0.46f, 9.88f, -44, -23, 117, 1152, 128},
    {-12.45f, 3.62f, 9.21f, -80, 35, 93, 1152, 128},
    {-11.50f, 3.20f, 7.50f, -19, -124, 19, 1152, 128},
    {-12.00f, 0.00f, 8.00f, -19, -124, 19, 1152, 128},
    {-13.48f, 3.51f, -7.50f, -122, -17, -30, 1152, 128},
    {-13.04f, 0.46f, -9.88f, -80, -20, -96, 1152, 128},
    {-14.17f, 0.34f, -8.00f, -123, 23, 23, 1152, 128},
    {-12.45f, 3.62f, -9.21f, -36, 32, -118, 1152, 128},
    {-10.87f, 0.12f, -9.88f, 35, -35, -117, 1152, 128},
    {-10.47f, 3.31f, -9.21f, 87, 9, -93, 1152, 128},
    {-9.83f, -0.34f, -8.00f, 108, -60, -28, 1152, 128},
    {-9.52f, 2.89f, -7.50f, 110, -60, 18, 1152, 128},
    {-10.96f, -0.46f, -6.12f, 80, -20, 97, 1152, 128},
    {-10.55f, 2.78f, -5.79f, 29, -62, 107, 1152, 128},
    {-13.13f, -0.12f, -6.12f, -31, 47, 114, 1152, 128},
    {-12.53f, 3.09f, -5.79f, -87, -40, 83, 1152, 128},
    {-11.50f, 3.20f, -7.50f, -19, -124, -19, 1152, 128},
    {-12.00f, 0.00f, -8.00f, -19, -124, -19, 1152, 128},
    {9.52f, 2.89f, 7.50f, -110, -60, -18, 1152, 128},
    {10.96f, -0.46f, 6.12f, -80, -20, -97, 1152, 128},
    {9.83f, -0.34f, 8.00f, -108, -60, 28, 1152, 128},
    {10.55f, 2.78f, 5.79f, -29, -62, -107, 1152, 128},
    {10.55f, 2.78f, 5.79f, -29, -62, -107, 1152, 128},
    {13.13f, -0.12f, 6.12f, 31, 47, -114, 1152, 128},
    {10.96f, -0.46f, 6.12f, -80, -20, -97, 1152, 128},
    {12.53f, 3.09f, 5.79f, 87, -40, -83, 1152, 128},
    {14.17f, 0.34f, 8.00f, 123, 23, -23, 1152, 128},
    {13.48f, 3.51f, 7.50f, 122, -17, 30, 1152, 128},
    {13.04f, 0.46f, 9.88f, 80, -20, 96, 1152, 128},
    {12.45f, 3.62f, 9.21f, 36, 32, 118, 1152, 128},
    {10.87f, 0.12f, 9.88f, -35, -35, 117, 1152, 128},
    {10.47f, 3.31f, 9.21f, -87, 9, 93, 1152, 128},
    {9.83f, -0.34f, 8.00f, -108, -60, 28, 1152, 128},
    {9.52f, 2.89f, 7.50f, -110, -60, -18, 1152, 128},
    {11.50f, 3.20f, 7.50f, 19, -124, 19, 1152, 128},
    {12.00f, 0.00f, 8.00f, 19, -124, 19, 1152, 128},
    {9.52f, 2.89f, -7.50f, -111, -53, -30, 1152, 128},
    {10.87f, 0.12f, -9.88f, -70, -44, -96, 1152, 128},
    {9.83f, -0.34f, -8.00f, -107, -67, 14, 1152, 128},
    {10.47f, 3.31f, -9.21f, -44, 19, -118, 1152, 128},
    {13.04f, 0.46f, -9.88f, 44, -23, -117, 1152, 128},
    {12.45f, 3.62f, -9.21f, 80, 35, -93, 1152, 128},
    {14.17f, 0.34f, -8.00f, 121, -24, -28, 1152, 128},
    {13.48f, 3.51f, -7.50f, 122, 23, 26, 1152, 128},
    {13.13f, -0.12f, -6.12f, 82, 5, 97, 1152, 128},
    {12.53f, 3.09f, -5.79f, 41, -5, 120, 1152, 128},
    {10.96f, -0.46f, -6.12f, -41, -17, 119, 1152, 128},
    {10.55f, 2.78f, -5.79f, -71, -64, 83, 1152, 128},
    {11.50f, 3.20f, -7.50f, 19, -124, -19, 1152, 128},
    {12.00f, 0.00f, -8.00f, 19, -124, -19, 1152, 128},
    {0.00f, 32.80f, -2.00f, 0, 127, 0, 896, 128},
    {3.46f, 32.00f, -2.00f, 86, 93, -10, 896, 128},
    {2.45f, 32.00f, -4.14f, 52, 89, -74, 896, 128},
    {0.00f, 32.00f, -5.03f, -8, 87, -92, 896, 128},
    {0.00f, 32.80f, -2.00f, 0, 127, 0, 896, 128},
    {0.00f, 32.00f, -5.03f, -8, 87, -92, 896, 128},
    {-2.45f, 32.00f, -4.14f, -65, 91, -61, 896, 128},
    {-3.46f, 32.00f, -2.00f, -86, 93, 10, 896, 128},
    {-2.45f, 32.00f, 0.14f, -52, 89, 74, 896, 128},
    {-0.00f, 32.00f, 1.03f, 8, 87, 92, 896, 128},
    {2.45f, 32.00f, 0.14f, 65, 91, 61, 896, 128},
    {3.46f, 32.00f, -2.00f, 86, 93, -10, 896, 128},
    {3.46f, 30.40f, -2.00f, 86, -93, 10, 896, 128},
    {2.45f, 30.40f, -4.14f, 65, -91, -61, 896, 128},
    {2.45f, 32.00f, -4.14f, 52, 89, -74, 896, 128},
    {0.00f, 30.40f, -5.03f, 8, -87, -92, 896, 128},
    {-2.45f, 30.40f, -4.14f, -52, -89, -74, 896, 128},
    {-3.46f, 30.40f, -2.00f, -86, -93, -10, 896, 128},
    {-2.45f, 30.40f, 0.14f, -65, -91, 61, 896, 128},
    {-0.00f, 30.40f, 1.03f, -8, -87, 92, 896, 128},
    {2.45f, 30.40f, 0.14f, 52, -89, 74, 896, 128},
    {0.00f, 29.60f, -2.00f, 0, -127, 0, 896, 128},
    {-14.80f, 8.50f, 13.15f, -11, -14, 126, 0, 1024},
    {-8.90f, 8.50f, 13.67f, -6, -14, 126, 256, 1024},
    {-8.90f, 13.10f, 14.20f, -7, -10, 126, 256, 768},
    {-14.80f, 13.10f, 13.67f, -11, -8, 126, 0, 768},
    {-3.00f, 8.50f, 13.85f, 1, -14, 126, 512, 1024},
    {-3.00f, 13.10f, 14.37f, 0, -10, 127, 512, 768},
    {2.90f, 8.50f, 13.67f, 9, -14, 126, 768, 1024},
    {2.90f, 13.10f, 14.20f, 7, -10, 126, 768, 768},
    {8.80f, 8.50f, 13.15f, 11, -14, 126, 1024, 1024},
    {8.80f, 13.10f, 13.67f, 11, -11, 126, 1024, 768},
    {-8.90f, 17.70f, 14.37f, -8, 0, 127, 256, 512},
    {-14.80f, 17.70f, 13.85f, -11, 2, 126, 0, 512},
    {-3.00f, 17.70f, 14.55f, 0, 0, 127, 512, 512},
    {2.90f, 17.70f, 14.37f, 8, 0, 127, 768, 512},
    {8.80f, 17.70f, 13.85f, 11, -2, 126, 1024, 512},
    {-8.90f, 22.30f, 14.20f, -7, 10, 126, 256, 256},
    {-14.80f, 22.30f, 13.67f, -11, 11, 126, 0, 256},
    {-3.00f, 22.30f, 14.37f, 0, 10, 127, 512, 256},
    {2.90f, 22.30f, 14.20f, 7, 10, 126, 768, 256},
    {8.80f, 22.30f, 13.67f, 11, 8, 126, 1024, 256},
    {-8.90f, 26.90f, 13.67f, -9, 14, 126, 256, 0},
    {-14.80f, 26.90f, 13.15f, -11, 14, 126, 0, 0},
    {-3.00f, 26.90f, 13.85f, -1, 14, 126, 512, 0},
    {2.90f, 26.90f, 13.67f, 6, 14, 126, 768, 0},
    {8.80f, 26.90f, 13.15f, 11, 14, 126, 1024, 0},
    {0.37f, -0.34f, -0.00f, 88, -88, -26, 896, 128},
    {5.89f, 6.12f, -0.38f, 32, -29, -119, 896, 128},
    {6.09f, 5.93f, -0.00f, 94, -86, 4, 896, 128},
    {0.11f, -0.10f, -0.48f, 8, -12, -126, 896, 128},
    {5.56f, 6.42f, -0.24f, -73, 69, -78, 896, 128},
    {-0.30f, 0.27f, -0.29f, -87, 76, -52, 896, 128},
    {5.56f, 6.42f, 0.24f, -77, 72, 71, 896, 128},
    {-0.30f, 0.27f, 0.29f, -61, 59, 94, 896, 128},
    {5.89f, 6.12f, 0.38f, 26, -23, 122, 896, 128},
    {0.11f, -0.10f, 0.48f, 47, -42, 110, 896, 128},
    {11.39f, 12.12f, -0.38f, 52, -42, -108, 896, 128},
    {11.59f, 11.93f, -0.00f, 94, -80, 30, 896, 128},
    {11.06f, 12.42f, -0.24f, -58, 59, -97, 896, 128},
    {11.06f, 12.42f, 0.24f, -84, 82, 48, 896, 128},
    {11.39f, 12.12f, 0.38f, 10, -4, 127, 896, 128},
    {0.00f, 0.00f, -0.00f, -86, -93, 0, 896, 128},
    {11.30f, 12.20f, -0.00f, 86, 93, 0, 896, 128},
    {11.60f, 13.70f, -0.00f, 0, 127, 0, 1408, 128},
    {12.55f, 13.15f, -0.00f, 116, 50, -17, 1408, 128},
    {12.08f, 13.15f, -0.82f, 43, 50, -108, 1408, 128},
    {11.12f, 13.15f, -0.82f, -72, 50, -92, 1408, 128},
    {10.65f, 13.15f, -0.00f, -116, 50, 17, 1408, 128},
    {11.12f, 13.15f, 0.82f, -43, 50, 108, 1408, 128},
    {12.08f, 13.15f, 0.82f, 72, 50, 92, 1408, 128},
    {12.55f, 12.05f, -0.00f, 116, -50, 17, 1408, 128},
    {12.08f, 12.05f, -0.82f, 72, -50, -92, 1408, 128},
    {11.12f, 12.05f, -0.82f, -43, -50, -108, 1408, 128},
    {10.65f, 12.05f, -0.00f, -116, -50, -17, 1408, 128},
    {11.12f, 12.05f, 0.82f, -72, -50, 92, 1408, 128},
    {12.08f, 12.05f, 0.82f, 43, -50, 108, 1408, 128},
    {11.60f, 11.50f, -0.00f, 0, -127, 0, 1408, 128},
    {0.37f, 0.34f, -0.00f, 93, 82, -26, 896, 128},
    {-5.71f, 6.28f, -0.38f, 31, 30, -119, 896, 128},
    {-5.51f, 6.47f, -0.00f, 93, 87, 4, 896, 128},
    {0.11f, 0.10f, -0.48f, 13, 7, -126, 896, 128},
    {-6.04f, 5.98f, -0.24f, -74, -67, -78, 896, 128},
    {-0.30f, -0.27f, -0.29f, -82, -82, -52, 896, 128},
    {-6.04f, 5.98f, 0.24f, -78, -71, 71, 896, 128},
    {-0.30f, -0.27f, 0.29f, -60, -61, 94, 896, 128},
    {-5.71f, 6.28f, 0.38f, 25, 24, 122, 896, 128},
    {0.11f, 0.10f, 0.48f, 49, 40, 110, 896, 128},
    {-11.21f, 12.28f, -0.38f, 46, 48, -108, 896, 128},
    {-11.01f, 12.47f, -0.00f, 88, 86, 30, 896, 128},
    {-11.54f, 11.98f, -0.24f, -63, -53, -97, 896, 128},
    {-11.54f, 11.98f, 0.24f, -89, -76, 48, 896, 128},
    {-11.21f, 12.28f, 0.38f, 4, 10, 127, 896, 128},
    {0.00f, 0.00f, -0.00f, 86, -93, 0, 896, 128},
    {-11.30f, 12.20f, -0.00f, -86, 93, 0, 896, 128},
    {-11.60f, 13.70f, -0.00f, 0, 127, 0, 1408, 128},
    {-10.65f, 13.15f, -0.00f, 116, 50, -17, 1408, 128},
    {-11.12f, 13.15f, -0.82f, 43, 50, -108, 1408, 128},
    {-12.08f, 13.15f, -0.82f, -72, 50, -92, 1408, 128},
    {-12.55f, 13.15f, -0.00f, -116, 50, 17, 1408, 128},
    {-12.08f, 13.15f, 0.82f, -43, 50, 108, 1408, 128},
    {-11.12f, 13.15f, 0.82f, 72, 50, 92, 1408, 128},
    {-10.65f, 12.05f, -0.00f, 116, -50, 17, 1408, 128},
    {-11.12f, 12.05f, -0.82f, 72, -50, -92, 1408, 128},
    {-12.08f, 12.05f, -0.82f, -43, -50, -108, 1408, 128},
    {-12.55f, 12.05f, -0.00f, -116, -50, -17, 1408, 128},
    {-12.08f, 12.05f, 0.82f, -72, -50, 92, 1408, 128},
    {-11.12f, 12.05f, 0.82f, 43, -50, 108, 1408, 128},
    {-11.60f, 11.50f, -0.00f, 0, -127, 0, 1408, 128},
};
constexpr int kTvBatchCount = 15;
inline constexpr Batch kTvBatches[kTvBatchCount] = {
    { 2, 0, 32, 0, 32 },
    { 2, 32, 32, 32, 32 },
    { 2, 64, 32, 64, 32 },
    { 2, 96, 32, 96, 29 },
    { 2, 128, 32, 125, 28 },
    { 2, 160, 32, 153, 33 },
    { 2, 192, 32, 186, 42 },
    { 2, 224, 32, 228, 46 },
    { 2, 256, 30, 274, 46 },
    { 2, 286, 32, 320, 50 },
    { 2, 318, 32, 370, 48 },
    { 2, 350, 18, 418, 30 },
    { 3, 368, 25, 448, 32 },
    { 2, 393, 31, 480, 54 },
    { 2, 424, 31, 534, 54 },
};
constexpr int kTvTriCount = 588;
inline constexpr uint8_t kTvTris[kTvTriCount][3] = {
{0,1,2}, {0,3,1}, {3,4,1}, {3,5,4}, {5,6,4}, {5,7,6}, {7,8,6}, {7,9,8}, {9,10,8}, {9,11,10}, {11,12,10}, {11,13,12}, {13,14,12}, {13,15,14}, {15,16,14}, {15,17,16}, {17,18,16}, {17,19,18}, {19,20,18}, {19,21,20}, {21,22,20}, {21,23,22}, {23,24,22}, {23,25,24}, {25,26,24}, {25,27,26}, {27,28,26}, {27,29,28}, {29,30,28}, {29,31,30}, {31,2,30}, {31,0,2}, {0,1,2}, {0,3,1}, {3,4,1}, {3,5,4}, {5,6,4}, {5,7,6}, {7,8,6}, {7,9,8}, {9,10,8}, {9,11,10}, {11,12,10}, {11,13,12}, {13,14,12}, {13,15,14}, {15,16,14}, {15,17,16}, {17,18,16}, {17,19,18}, {19,20,18}, {19,21,20}, {21,22,20}, {21,23,22}, {23,24,22}, {23,25,24}, {25,26,24}, {25,27,26}, {27,28,26}, {27,29,28}, {29,30,28}, {29,31,30}, {31,2,30}, {31,0,2}, {0,1,2}, {0,3,1}, {3,4,1}, {3,5,4}, {5,6,4}, {5,7,6}, {7,8,6}, {7,9,8}, {9,10,8}, {9,11,10}, {11,12,10}, {11,13,12}, {13,14,12}, {13,15,14}, {15,16,14}, {15,17,16}, {17,18,16}, {17,19,18}, {19,20,18}, {19,21,20}, {21,22,20}, {21,23,22}, {23,24,22}, {23,25,24}, {25,26,24}, {25,27,26}, {27,28,26}, {27,29,28}, {29,30,28}, {29,31,30}, {31,2,30}, {31,0,2}, {0,1,2}, {0,2,3}, {0,3,4}, {0,4,5}, {0,5,6}, {0,6,7}, {0,7,8}, {0,8,9}, {0,9,10}, {0,10,11}, {0,11,12}, {0,12,13}, {0,13,14}, {0,14,15}, {0,15,16}, {0,16,1}, {17,18,19}, {17,19,20}, {17,20,21}, {17,21,22}, {17,22,23}, {17,23,24}, {17,24,25}, {17,25,26}, {17,26,27}, {17,27,28}, {17,28,29}, {17,29,30}, {17,30,31}, {0,1,2}, {0,2,3}, {0,3,4}, {5,6,7}, {5,8,6}, {8,9,6}, {8,10,9}, {10,11,9}, {10,12,11}, {12,13,11}, {12,14,13}, {14,15,13}, {14,16,15}, {16,17,15}, {16,18,17}, {18,19,17}, {18,20,19}, {20,21,19}, {20,22,21}, {22,23,21}, {22,24,23}, {24,25,23}, {24,26,25}, {26,27,25}, {26,28,27}, {28,29,27}, {28,30,29}, {30,31,29}, {0,1,2}, {1,3,2}, {1,4,3}, {4,5,3}, {4,6,5}, {6,7,5}, {6,8,7}, {9,8,10}, {9,10,11}, {9,11,12}, {9,12,13}, {9,13,14}, {9,14,15}, {9,15,16}, {9,16,17}, {9,17,18}, {9,18,19}, {9,19,20}, {9,20,0}, {9,0,1}, {9,1,4}, {9,4,6}, {9,6,8}, {21,7,22}, {21,22,23}, {21,23,24}, {21,24,25}, {21,25,26}, {21,26,27}, {21,27,28}, {21,28,29}, {21,29,30}, {21,30,31}, {0,1,2}, {0,2,3}, {0,3,4}, {0,4,5}, {0,5,6}, {0,6,7}, {8,9,10}, {8,11,9}, {11,12,9}, {11,13,12}, {13,14,12}, {13,15,14}, {15,16,14}, {15,17,16}, {17,18,16}, {17,19,18}, {19,20,18}, {19,21,20}, {21,22,20}, {21,23,22}, {23,10,22}, {23,8,10}, {24,8,11}, {24,11,13}, {24,13,15}, {24,15,17}, {24,17,19}, {24,19,21}, {24,21,23}, {24,23,8}, {25,10,9}, {25,9,12}, {25,12,14}, {25,14,16}, {25,16,18}, {25,18,20}, {25,20,22}, {25,22,10}, {26,27,28}, {26,29,27}, {29,30,27}, {29,31,30}, {0,1,2}, {0,3,1}, {3,4,1}, {3,5,4}, {5,6,4}, {5,7,6}, {7,8,6}, {7,9,8}, {9,10,8}, {9,11,10}, {11,12,10}, {11,13,12}, {14,13,15}, {14,15,0}, {14,0,3}, {14,3,5}, {14,5,7}, {14,7,9}, {14,9,11}, {14,11,13}, {16,12,17}, {16,17,2}, {16,2,1}, {16,1,4}, {16,4,6}, {16,6,8}, {16,8,10}, {16,10,12}, {18,19,20}, {18,21,19}, {21,22,19}, {21,23,22}, {23,24,22}, {23,25,24}, {25,20,24}, {25,18,20}, {26,18,21}, {26,21,23}, {26,23,25}, {26,25,18}, {27,20,19}, {27,19,22}, {27,22,24}, {27,24,20}, {28,29,30}, {28,31,29}, {0,1,2}, {0,3,1}, {3,4,1}, {3,5,4}, {5,6,4}, {5,7,6}, {8,7,0}, {8,0,3}, {8,3,5}, {8,5,7}, {9,6,2}, {9,2,1}, {9,1,4}, {9,4,6}, {10,11,12}, {10,13,11}, {13,14,11}, {13,15,14}, {15,16,14}, {15,17,16}, {17,12,16}, {17,10,12}, {18,10,13}, {18,13,15}, {18,15,17}, {18,17,10}, {19,12,11}, {19,11,14}, {19,14,16}, {19,16,12}, {20,21,22}, {20,23,21}, {23,24,21}, {23,25,24}, {25,26,24}, {25,27,26}, {27,22,26}, {27,20,22}, {28,20,23}, {28,23,25}, {28,25,27}, {28,27,20}, {29,22,21}, {29,21,24}, {29,24,26}, {29,26,22}, {0,1,2}, {0,3,1}, {3,4,1}, {3,5,4}, {5,6,4}, {5,7,6}, {7,8,6}, {7,9,8}, {9,10,8}, {9,11,10}, {11,2,10}, {11,0,2}, {12,3,0}, {12,3,5}, {12,5,7}, {12,7,9}, {12,11,9}, {12,11,0}, {13,2,1}, {13,4,1}, {13,4,6}, {13,6,8}, {13,8,10}, {13,10,2}, {14,15,16}, {14,17,15}, {17,18,15}, {17,19,18}, {19,20,18}, {19,21,20}, {21,22,20}, {21,23,22}, {23,24,22}, {23,25,24}, {25,16,24}, {25,14,16}, {26,14,17}, {26,19,17}, {26,19,21}, {26,21,23}, {26,23,25}, {26,25,14}, {27,16,15}, {27,15,18}, {27,18,20}, {27,20,22}, {27,24,22}, {27,16,24}, {28,29,30}, {28,31,29}, {0,1,2}, {0,3,1}, {3,4,1}, {3,5,4}, {5,6,4}, {5,7,6}, {7,8,6}, {7,9,8}, {9,10,8}, {9,11,10}, {12,11,0}, {12,0,3}, {12,3,5}, {12,5,7}, {12,9,7}, {12,9,11}, {13,10,2}, {13,1,2}, {13,4,1}, {13,4,6}, {13,6,8}, {13,8,10}, {14,15,16}, {14,17,15}, {17,18,15}, {17,19,18}, {19,20,18}, {19,21,20}, {21,22,20}, {21,23,22}, {23,24,22}, {23,25,24}, {25,16,24}, {25,14,16}, {26,14,17}, {26,19,17}, {26,19,21}, {26,23,21}, {26,23,25}, {26,25,14}, {27,16,15}, {27,15,18}, {27,18,20}, {27,20,22}, {27,24,22}, {27,24,16}, {28,29,30}, {28,30,31}, {0,1,2}, {0,2,3}, {0,3,4}, {0,4,5}, {0,5,6}, {0,6,7}, {7,8,9}, {7,9,10}, {10,9,11}, {10,11,1}, {1,11,12}, {1,12,2}, {2,12,13}, {2,13,3}, {3,13,14}, {3,14,4}, {4,14,15}, {4,15,5}, {5,15,16}, {5,16,6}, {6,16,8}, {6,8,7}, {8,17,9}, {9,17,11}, {11,17,12}, {12,17,13}, {13,17,14}, {14,17,15}, {15,17,16}, {16,17,8}, {0,1,2}, {0,2,3}, {1,4,5}, {1,5,2}, {4,6,7}, {4,7,5}, {6,8,9}, {6,9,7}, {3,2,10}, {3,10,11}, {2,5,12}, {2,12,10}, {5,7,13}, {5,13,12}, {7,9,14}, {7,14,13}, {11,10,15}, {11,15,16}, {10,12,17}, {10,17,15}, {12,13,18}, {12,18,17}, {13,14,19}, {13,19,18}, {16,15,20}, {16,20,21}, {15,17,22}, {15,22,20}, {17,18,23}, {17,23,22}, {18,19,24}, {18,24,23}, {0,1,2}, {0,3,1}, {3,4,1}, {3,5,4}, {5,6,4}, {5,7,6}, {7,8,6}, {7,9,8}, {9,2,8}, {9,0,2}, {2,10,11}, {2,1,10}, {1,12,10}, {1,4,12}, {4,13,12}, {4,6,13}, {6,14,13}, {6,8,14}, {8,11,14}, {8,2,11}, {15,3,0}, {15,5,3}, {15,7,5}, {15,7,9}, {15,0,9}, {16,11,10}, {16,10,12}, {16,12,13}, {16,13,14}, {16,14,11}, {17,18,19}, {17,19,20}, {17,20,21}, {17,21,22}, {17,22,23}, {17,23,18}, {18,24,25}, {18,25,19}, {19,25,26}, {19,26,20}, {20,26,27}, {20,27,21}, {21,27,28}, {21,28,22}, {22,28,29}, {22,29,23}, {23,29,24}, {23,24,18}, {24,30,25}, {25,30,26}, {26,30,27}, {27,30,28}, {28,30,29}, {29,30,24}, {0,1,2}, {0,3,1}, {3,4,1}, {3,5,4}, {5,6,4}, {5,7,6}, {7,8,6}, {7,9,8}, {9,2,8}, {9,0,2}, {2,10,11}, {2,1,10}, {1,12,10}, {1,4,12}, {4,13,12}, {4,6,13}, {6,14,13}, {6,8,14}, {8,11,14}, {8,2,11}, {15,3,0}, {15,5,3}, {15,7,5}, {15,9,7}, {15,0,9}, {16,11,10}, {16,10,12}, {16,12,13}, {16,13,14}, {16,14,11}, {17,18,19}, {17,19,20}, {17,20,21}, {17,21,22}, {17,22,23}, {17,23,18}, {18,24,25}, {18,25,19}, {19,25,26}, {19,26,20}, {20,26,27}, {20,27,21}, {21,27,28}, {21,28,22}, {22,28,29}, {22,29,23}, {23,29,24}, {23,24,18}, {24,30,25}, {25,30,26}, {26,30,27}, {27,30,28}, {28,30,29}, {29,30,24}
};

// ---- Laptop: 2 parts, 350 vertices in 13 batches, 418 triangles ----
constexpr int kLaptopPartCount = 2;
inline constexpr const char* kLaptopPartNames[kLaptopPartCount] = { "base", "lid" };
inline constexpr Part kLaptopParts[kLaptopPartCount] = {
    { -1, 0.00f, 0.00f, -0.00f, 0, 160, 0, 6 },
    { 0, 0.00f, 1.80f, -10.30f, 160, 190, 6, 7 },
};
constexpr int kLaptopVertCount = 350;
inline constexpr Vert kLaptopVerts[kLaptopVertCount] = {
    {15.00f, 0.00f, -0.00f, 10, 127, 0, 128, 128},
    {14.61f, 0.80f, -6.68f, 123, -3, -33, 128, 128},
    {15.20f, 0.80f, -0.00f, 127, 0, 0, 128, 128},
    {14.42f, 0.00f, -6.56f, 8, 127, -3, 128, 128},
    {12.78f, 0.80f, -9.08f, 73, 1, -104, 128, 128},
    {12.61f, 0.00f, -8.91f, 6, 127, -10, 128, 128},
    {9.40f, 0.80f, -10.38f, 17, 4, -126, 128, 128},
    {9.28f, 0.00f, -10.19f, 2, 126, -16, 128, 128},
    {0.00f, 0.80f, -10.80f, 0, 0, -127, 128, 128},
    {0.00f, 0.00f, -10.60f, 0, 126, -15, 128, 128},
    {-9.40f, 0.80f, -10.38f, -17, -4, -126, 128, 128},
    {-9.28f, 0.00f, -10.19f, -2, 126, -11, 128, 128},
    {-12.78f, 0.80f, -9.08f, -73, -1, -104, 128, 128},
    {-12.61f, 0.00f, -8.91f, -7, 127, -8, 128, 128},
    {-14.61f, 0.80f, -6.68f, -123, 3, -33, 128, 128},
    {-14.42f, 0.00f, -6.56f, -11, 126, -2, 128, 128},
    {-15.20f, 0.80f, -0.00f, -127, 0, 0, 128, 128},
    {-15.00f, 0.00f, -0.00f, -10, 127, 0, 128, 128},
    {-14.61f, 0.80f, 6.68f, -123, -3, 33, 128, 128},
    {-14.42f, 0.00f, 6.56f, -8, 127, 3, 128, 128},
    {-12.78f, 0.80f, 9.08f, -73, 1, 104, 128, 128},
    {-12.61f, 0.00f, 8.91f, -6, 127, 10, 128, 128},
    {-9.40f, 0.80f, 10.38f, -17, 4, 126, 128, 128},
    {-9.28f, 0.00f, 10.19f, -2, 126, 16, 128, 128},
    {-0.00f, 0.80f, 10.80f, 0, 0, 127, 128, 128},
    {-0.00f, 0.00f, 10.60f, 0, 126, 15, 128, 128},
    {9.40f, 0.80f, 10.38f, 17, -4, 126, 128, 128},
    {9.28f, 0.00f, 10.19f, 2, 126, 11, 128, 128},
    {12.78f, 0.80f, 9.08f, 73, -1, 104, 128, 128},
    {12.61f, 0.00f, 8.91f, 7, 127, 8, 128, 128},
    {14.61f, 0.80f, 6.68f, 123, 3, 33, 128, 128},
    {14.42f, 0.00f, 6.56f, 11, 126, 2, 128, 128},
    {15.20f, 0.80f, -0.00f, 127, 0, 0, 128, 128},
    {14.42f, 1.60f, -6.56f, 11, 127, -2, 128, 128},
    {15.00f, 1.60f, -0.00f, 10, 127, 0, 128, 128},
    {14.61f, 0.80f, -6.68f, 123, -3, -33, 128, 128},
    {12.61f, 1.60f, -8.91f, 7, 127, -8, 128, 128},
    {12.78f, 0.80f, -9.08f, 73, 1, -104, 128, 128},
    {9.28f, 1.60f, -10.19f, 2, 127, -11, 128, 128},
    {9.40f, 0.80f, -10.38f, 17, 4, -126, 128, 128},
    {0.00f, 1.60f, -10.60f, 0, 126, -14, 128, 128},
    {0.00f, 0.80f, -10.80f, 0, 0, -127, 128, 128},
    {-9.28f, 1.60f, -10.19f, -1, 126, -15, 128, 128},
    {-9.40f, 0.80f, -10.38f, -17, -4, -126, 128, 128},
    {-12.61f, 1.60f, -8.91f, -5, 127, -9, 128, 128},
    {-12.78f, 0.80f, -9.08f, -73, -1, -104, 128, 128},
    {-14.42f, 1.60f, -6.56f, -8, 127, -3, 128, 128},
    {-14.61f, 0.80f, -6.68f, -123, 3, -33, 128, 128},
    {-15.00f, 1.60f, -0.00f, -10, 127, 0, 128, 128},
    {-15.20f, 0.80f, -0.00f, -127, 0, 0, 128, 128},
    {-14.42f, 1.60f, 6.56f, -11, 127, 2, 128, 128},
    {-14.61f, 0.80f, 6.68f, -123, -3, 33, 128, 128},
    {-12.61f, 1.60f, 8.91f, -7, 127, 8, 128, 128},
    {-12.78f, 0.80f, 9.08f, -73, 1, 104, 128, 128},
    {-9.28f, 1.60f, 10.19f, -2, 127, 11, 128, 128},
    {-9.40f, 0.80f, 10.38f, -17, 4, 126, 128, 128},
    {-0.00f, 1.60f, 10.60f, 0, 126, 14, 128, 128},
    {-0.00f, 0.80f, 10.80f, 0, 0, 127, 128, 128},
    {9.28f, 1.60f, 10.19f, 1, 126, 15, 128, 128},
    {9.40f, 0.80f, 10.38f, 17, -4, 126, 128, 128},
    {12.61f, 1.60f, 8.91f, 5, 127, 9, 128, 128},
    {12.78f, 0.80f, 9.08f, 73, -1, 104, 128, 128},
    {14.42f, 1.60f, 6.56f, 8, 127, 3, 128, 128},
    {14.61f, 0.80f, 6.68f, 123, 3, 33, 128, 128},
    {0.00f, 0.00f, -0.00f, 0, 127, 0, 128, 128},
    {15.00f, 0.00f, -0.00f, 10, 127, 0, 128, 128},
    {14.42f, 0.00f, -6.56f, 8, 127, -3, 128, 128},
    {12.61f, 0.00f, -8.91f, 6, 127, -10, 128, 128},
    {9.28f, 0.00f, -10.19f, 2, 126, -16, 128, 128},
    {0.00f, 0.00f, -10.60f, 0, 126, -15, 128, 128},
    {-9.28f, 0.00f, -10.19f, -2, 126, -11, 128, 128},
    {-12.61f, 0.00f, -8.91f, -7, 127, -8, 128, 128},
    {-14.42f, 0.00f, -6.56f, -11, 126, -2, 128, 128},
    {-15.00f, 0.00f, -0.00f, -10, 127, 0, 128, 128},
    {-14.42f, 0.00f, 6.56f, -8, 127, 3, 128, 128},
    {-12.61f, 0.00f, 8.91f, -6, 127, 10, 128, 128},
    {-9.28f, 0.00f, 10.19f, -2, 126, 16, 128, 128},
    {-0.00f, 0.00f, 10.60f, 0, 126, 15, 128, 128},
    {9.28f, 0.00f, 10.19f, 2, 126, 11, 128, 128},
    {12.61f, 0.00f, 8.91f, 7, 127, 8, 128, 128},
    {14.42f, 0.00f, 6.56f, 11, 126, 2, 128, 128},
    {0.00f, 1.60f, -0.00f, 0, 127, 0, 128, 128},
    {15.00f, 1.60f, -0.00f, 10, 127, 0, 128, 128},
    {14.42f, 1.60f, -6.56f, 11, 127, -2, 128, 128},
    {12.61f, 1.60f, -8.91f, 7, 127, -8, 128, 128},
    {9.28f, 1.60f, -10.19f, 2, 127, -11, 128, 128},
    {0.00f, 1.60f, -10.60f, 0, 126, -14, 128, 128},
    {-9.28f, 1.60f, -10.19f, -1, 126, -15, 128, 128},
    {-12.61f, 1.60f, -8.91f, -5, 127, -9, 128, 128},
    {-14.42f, 1.60f, -6.56f, -8, 127, -3, 128, 128},
    {-15.00f, 1.60f, -0.00f, -10, 127, 0, 128, 128},
    {-14.42f, 1.60f, 6.56f, -11, 127, 2, 128, 128},
    {-12.61f, 1.60f, 8.91f, -7, 127, 8, 128, 128},
    {-9.28f, 1.60f, 10.19f, -2, 127, 11, 128, 128},
    {-0.00f, 1.60f, 10.60f, 0, 126, 14, 128, 128},
    {9.28f, 1.60f, 10.19f, 1, 126, 15, 128, 128},
    {0.00f, 1.60f, -0.00f, 0, 127, 0, 128, 128},
    {9.28f, 1.60f, 10.19f, 1, 126, 15, 128, 128},
    {12.61f, 1.60f, 8.91f, 5, 127, 9, 128, 128},
    {14.42f, 1.60f, 6.56f, 8, 127, 3, 128, 128},
    {15.00f, 1.60f, -0.00f, 10, 127, 0, 128, 128},
    {14.00f, 1.40f, -10.30f, 8, 124, -26, 384, 128},
    {9.90f, 2.00f, -10.72f, 5, 94, -86, 384, 128},
    {14.00f, 2.00f, -10.30f, 8, 124, 26, 384, 128},
    {9.90f, 1.40f, -10.72f, 3, 81, -98, 384, 128},
    {0.00f, 2.00f, -10.90f, 1, 70, -106, 384, 128},
    {0.00f, 1.40f, -10.90f, -1, 70, -106, 384, 128},
    {-9.90f, 2.00f, -10.72f, -3, 81, -98, 384, 128},
    {-9.90f, 1.40f, -10.72f, -5, 94, -86, 384, 128},
    {-14.00f, 2.00f, -10.30f, -8, 124, -26, 384, 128},
    {-14.00f, 1.40f, -10.30f, -8, 124, 26, 384, 128},
    {-9.90f, 2.00f, -9.88f, -5, 94, 86, 384, 128},
    {-9.90f, 1.40f, -9.88f, -3, 81, 98, 384, 128},
    {-0.00f, 2.00f, -9.70f, -1, 70, 106, 384, 128},
    {-0.00f, 1.40f, -9.70f, 1, 70, 106, 384, 128},
    {9.90f, 2.00f, -9.88f, 3, 81, 98, 384, 128},
    {9.90f, 1.40f, -9.88f, 5, 94, 86, 384, 128},
    {0.00f, 1.40f, -10.30f, 0, 127, 0, 384, 128},
    {0.00f, 2.00f, -10.30f, 0, 127, 0, 384, 128},
    {-13.20f, 0.20f, 8.00f, -57, -113, -11, 640, 128},
    {-12.60f, -0.20f, 6.96f, -38, -113, -44, 640, 128},
    {-13.20f, -0.20f, 8.00f, -57, -113, 11, 640, 128},
    {-12.60f, 0.20f, 6.96f, -19, -113, -54, 640, 128},
    {-11.40f, -0.20f, 6.96f, 19, -113, -54, 640, 128},
    {-11.40f, 0.20f, 6.96f, 38, -113, -44, 640, 128},
    {-10.80f, -0.20f, 8.00f, 57, -113, -11, 640, 128},
    {-10.80f, 0.20f, 8.00f, 57, -113, 11, 640, 128},
    {-11.40f, -0.20f, 9.04f, 38, -113, 44, 640, 128},
    {-10.80f, 0.20f, 8.00f, 57, -113, 11, 640, 128},
    {-11.40f, 0.20f, 9.04f, 19, -113, 54, 640, 128},
    {-11.40f, -0.20f, 9.04f, 38, -113, 44, 640, 128},
    {-12.60f, -0.20f, 9.04f, -19, -113, 54, 640, 128},
    {-12.60f, 0.20f, 9.04f, -38, -113, 44, 640, 128},
    {-13.20f, -0.20f, 8.00f, -57, -113, 11, 640, 128},
    {-13.20f, 0.20f, 8.00f, -57, -113, -11, 640, 128},
    {-12.00f, 0.20f, 8.00f, 0, -127, 0, 640, 128},
    {-12.60f, 0.20f, 6.96f, -19, -113, -54, 640, 128},
    {-11.40f, 0.20f, 6.96f, 38, -113, -44, 640, 128},
    {-12.00f, -0.20f, 8.00f, 0, -127, 0, 640, 128},
    {-12.60f, -0.20f, 6.96f, -38, -113, -44, 640, 128},
    {-11.40f, -0.20f, 6.96f, 19, -113, -54, 640, 128},
    {-10.80f, -0.20f, 8.00f, 57, -113, -11, 640, 128},
    {10.80f, 0.20f, 8.00f, -57, -113, -11, 640, 128},
    {11.40f, -0.20f, 6.96f, -38, -113, -44, 640, 128},
    {10.80f, -0.20f, 8.00f, -57, -113, 11, 640, 128},
    {11.40f, 0.20f, 6.96f, -19, -113, -54, 640, 128},
    {12.60f, -0.20f, 6.96f, 19, -113, -54, 640, 128},
    {12.60f, 0.20f, 6.96f, 38, -113, -44, 640, 128},
    {13.20f, -0.20f, 8.00f, 57, -113, -11, 640, 128},
    {13.20f, 0.20f, 8.00f, 57, -113, 11, 640, 128},
    {12.60f, -0.20f, 9.04f, 38, -113, 44, 640, 128},
    {12.60f, 0.20f, 9.04f, 19, -113, 54, 640, 128},
    {11.40f, -0.20f, 9.04f, -19, -113, 54, 640, 128},
    {11.40f, 0.20f, 9.04f, -38, -113, 44, 640, 128},
    {12.00f, 0.20f, 8.00f, 0, -127, 0, 640, 128},
    {12.00f, -0.20f, 8.00f, 0, -127, 0, 640, 128},
    {-12.80f, 1.68f, 8.80f, 0, 127, 0, 16, 496},
    {12.80f, 1.68f, 8.80f, 0, 127, 0, 1008, 496},
    {12.80f, 1.68f, -7.80f, 0, 127, 0, 1008, 16},
    {-12.80f, 1.68f, -7.80f, 0, 127, 0, 16, 16},
    {-13.40f, 1.48f, 0.48f, 0, 33, 123, 16, 1008},
    {-6.70f, 1.48f, 0.48f, 0, 33, 123, 264, 1008},
    {-6.70f, 5.92f, -0.71f, 0, 33, 123, 264, 760},
    {-13.40f, 5.92f, -0.71f, 0, 33, 123, 16, 760},
    {0.00f, 1.48f, 0.48f, 0, 33, 123, 512, 1008},
    {0.00f, 5.92f, -0.71f, 0, 33, 123, 512, 760},
    {6.70f, 1.48f, 0.48f, 0, 33, 123, 760, 1008},
    {6.70f, 5.92f, -0.71f, 0, 33, 123, 760, 760},
    {13.40f, 1.48f, 0.48f, 0, 33, 123, 1008, 1008},
    {13.40f, 5.92f, -0.71f, 0, 33, 123, 1008, 760},
    {-6.70f, 10.36f, -1.91f, 0, 33, 123, 264, 512},
    {-13.40f, 10.36f, -1.91f, 0, 33, 123, 16, 512},
    {0.00f, 10.36f, -1.91f, 0, 33, 123, 512, 512},
    {6.70f, 10.36f, -1.91f, 0, 33, 123, 760, 512},
    {13.40f, 10.36f, -1.91f, 0, 33, 123, 1008, 512},
    {-6.70f, 14.80f, -3.10f, 0, 33, 123, 264, 264},
    {-13.40f, 14.80f, -3.10f, 0, 33, 123, 16, 264},
    {0.00f, 14.80f, -3.10f, 0, 33, 123, 512, 264},
    {6.70f, 14.80f, -3.10f, 0, 33, 123, 760, 264},
    {13.40f, 14.80f, -3.10f, 0, 33, 123, 1008, 264},
    {-6.70f, 19.24f, -4.30f, 0, 33, 123, 264, 16},
    {-13.40f, 19.24f, -4.30f, 0, 33, 123, 16, 16},
    {0.00f, 19.24f, -4.30f, 0, 33, 123, 512, 16},
    {6.70f, 19.24f, -4.30f, 0, 33, 123, 760, 16},
    {13.40f, 19.24f, -4.30f, 0, 33, 123, 1008, 16},
    {15.20f, 0.39f, -0.10f, 84, -93, -19, 128, 128},
    {14.71f, 9.54f, -3.02f, 28, -32, -120, 128, 128},
    {15.30f, 9.66f, -2.60f, 127, 0, -3, 128, 128},
    {14.61f, 0.29f, -0.46f, 19, -57, -112, 128, 128},
    {12.87f, 9.50f, -3.17f, 6, -33, -123, 128, 128},
    {12.78f, 0.26f, -0.59f, 4, -42, -120, 128, 128},
    {9.46f, 9.48f, -3.25f, 1, -33, -123, 128, 128},
    {9.40f, 0.24f, -0.66f, 1, -39, -121, 128, 128},
    {0.00f, 9.47f, -3.27f, 0, -33, -123, 128, 128},
    {0.00f, 0.23f, -0.68f, 0, -39, -121, 128, 128},
    {-9.46f, 9.48f, -3.25f, -1, -33, -123, 128, 128},
    {-9.40f, 0.24f, -0.66f, -1, -41, -120, 128, 128},
    {-12.87f, 9.50f, -3.17f, -6, -33, -122, 128, 128},
    {-12.78f, 0.26f, -0.59f, -6, -43, -119, 128, 128},
    {-14.71f, 9.54f, -3.02f, -29, -32, -119, 128, 128},
    {-14.61f, 0.29f, -0.46f, -38, -20, -120, 128, 128},
    {-15.30f, 9.66f, -2.60f, -127, 1, 2, 128, 128},
    {-15.20f, 0.39f, -0.10f, -113, 13, 56, 128, 128},
    {-14.71f, 9.77f, -2.18f, -28, 32, 119, 128, 128},
    {-14.61f, 0.48f, 0.25f, -19, 23, 123, 128, 128},
    {-12.87f, 9.81f, -2.03f, -6, 33, 122, 128, 128},
    {-12.78f, 0.52f, 0.38f, -4, 32, 123, 128, 128},
    {-9.46f, 9.83f, -1.95f, -1, 33, 123, 128, 128},
    {-9.40f, 0.54f, 0.45f, -1, 33, 123, 128, 128},
    {-0.00f, 9.84f, -1.92f, 0, 33, 123, 128, 128},
    {-0.00f, 0.54f, 0.48f, 0, 37, 122, 128, 128},
    {9.46f, 9.83f, -1.95f, 1, 33, 123, 128, 128},
    {9.40f, 0.54f, 0.45f, 1, 34, 122, 128, 128},
    {12.87f, 9.81f, -2.03f, 6, 33, 123, 128, 128},
    {12.78f, 0.52f, 0.38f, 6, 32, 123, 128, 128},
    {14.71f, 9.77f, -2.18f, 29, 32, 119, 128, 128},
    {14.61f, 0.48f, 0.25f, 38, 18, 120, 128, 128},
    {15.30f, 9.66f, -2.60f, 127, 0, -3, 128, 128},
    {14.51f, 19.70f, -5.69f, 37, -59, -106, 128, 128},
    {15.10f, 19.80f, -5.33f, 113, 17, 55, 128, 128},
    {14.71f, 9.54f, -3.02f, 28, -32, -120, 128, 128},
    {12.70f, 19.66f, -5.82f, 7, -32, -123, 128, 128},
    {12.87f, 9.50f, -3.17f, 6, -33, -123, 128, 128},
    {9.34f, 19.65f, -5.88f, 1, -26, -124, 128, 128},
    {9.46f, 9.48f, -3.25f, 1, -33, -123, 128, 128},
    {0.00f, 19.64f, -5.91f, 0, -27, -124, 128, 128},
    {0.00f, 9.47f, -3.27f, 0, -33, -123, 128, 128},
    {-9.34f, 19.65f, -5.88f, -1, -28, -124, 128, 128},
    {-9.46f, 9.48f, -3.25f, -1, -33, -123, 128, 128},
    {-12.70f, 19.66f, -5.82f, -4, -32, -123, 128, 128},
    {-12.87f, 9.50f, -3.17f, -6, -33, -122, 128, 128},
    {-14.51f, 19.70f, -5.69f, -19, -53, -114, 128, 128},
    {-14.71f, 9.54f, -3.02f, -29, -32, -119, 128, 128},
    {-15.10f, 19.80f, -5.33f, -113, -13, -56, 128, 128},
    {-15.30f, 9.66f, -2.60f, -127, 1, 2, 128, 128},
    {-14.51f, 19.89f, -4.97f, -37, 61, 105, 128, 128},
    {-14.71f, 9.77f, -2.18f, -28, 32, 119, 128, 128},
    {-12.70f, 19.93f, -4.84f, -7, 43, 119, 128, 128},
    {-12.87f, 9.81f, -2.03f, -6, 33, 122, 128, 128},
    {-9.34f, 19.95f, -4.77f, -1, 32, 123, 128, 128},
    {-9.46f, 9.83f, -1.95f, -1, 33, 123, 128, 128},
    {-0.00f, 19.95f, -4.75f, 0, 29, 124, 128, 128},
    {-0.00f, 9.84f, -1.92f, 0, 33, 123, 128, 128},
    {9.34f, 19.95f, -4.77f, 1, 33, 123, 128, 128},
    {9.46f, 9.83f, -1.95f, 1, 33, 123, 128, 128},
    {12.70f, 19.93f, -4.84f, 4, 41, 120, 128, 128},
    {12.87f, 9.81f, -2.03f, 6, 33, 123, 128, 128},
    {14.51f, 19.89f, -4.97f, 19, 55, 113, 128, 128},
    {14.71f, 9.77f, -2.18f, 29, 32, 119, 128, 128},
    {0.00f, 0.39f, -0.10f, 0, -123, 33, 128, 128},
    {14.61f, 0.29f, -0.46f, 19, -57, -112, 128, 128},
    {15.20f, 0.39f, -0.10f, 84, -93, -19, 128, 128},
    {12.78f, 0.26f, -0.59f, 4, -42, -120, 128, 128},
    {9.40f, 0.24f, -0.66f, 1, -39, -121, 128, 128},
    {0.00f, 0.23f, -0.68f, 0, -39, -121, 128, 128},
    {-9.40f, 0.24f, -0.66f, -1, -41, -120, 128, 128},
    {-12.78f, 0.26f, -0.59f, -6, -43, -119, 128, 128},
    {-14.61f, 0.29f, -0.46f, -38, -20, -120, 128, 128},
    {-15.20f, 0.39f, -0.10f, -113, 13, 56, 128, 128},
    {-14.61f, 0.48f, 0.25f, -19, 23, 123, 128, 128},
    {-12.78f, 0.52f, 0.38f, -4, 32, 123, 128, 128},
    {-9.40f, 0.54f, 0.45f, -1, 33, 123, 128, 128},
    {-0.00f, 0.54f, 0.48f, 0, 37, 122, 128, 128},
    {9.40f, 0.54f, 0.45f, 1, 34, 122, 128, 128},
    {12.78f, 0.52f, 0.38f, 6, 32, 123, 128, 128},
    {14.61f, 0.48f, 0.25f, 38, 18, 120, 128, 128},
    {0.00f, 19.80f, -5.33f, 0, 123, -33, 128, 128},
    {14.51f, 19.70f, -5.69f, 37, -59, -106, 128, 128},
    {15.10f, 19.80f, -5.33f, 113, 17, 55, 128, 128},
    {12.70f, 19.66f, -5.82f, 7, -32, -123, 128, 128},
    {9.34f, 19.65f, -5.88f, 1, -26, -124, 128, 128},
    {0.00f, 19.64f, -5.91f, 0, -27, -124, 128, 128},
    {-9.34f, 19.65f, -5.88f, -1, -28, -124, 128, 128},
    {-12.70f, 19.66f, -5.82f, -4, -32, -123, 128, 128},
    {-14.51f, 19.70f, -5.69f, -19, -53, -114, 128, 128},
    {-15.10f, 19.80f, -5.33f, -113, -13, -56, 128, 128},
    {-14.51f, 19.89f, -4.97f, -37, 61, 105, 128, 128},
    {-12.70f, 19.93f, -4.84f, -7, 43, 119, 128, 128},
    {-9.34f, 19.95f, -4.77f, -1, 32, 123, 128, 128},
    {-0.00f, 19.95f, -4.75f, 0, 29, 124, 128, 128},
    {9.34f, 19.95f, -4.77f, 1, 33, 123, 128, 128},
    {0.00f, 19.80f, -5.33f, 0, 123, -33, 128, 128},
    {9.34f, 19.95f, -4.77f, 1, 33, 123, 128, 128},
    {12.70f, 19.93f, -4.84f, 4, 41, 120, 128, 128},
    {14.51f, 19.89f, -4.97f, 19, 55, 113, 128, 128},
    {15.10f, 19.80f, -5.33f, 113, 17, 55, 128, 128},
    {14.60f, 1.13f, 0.37f, 38, -31, -117, 640, 128},
    {13.59f, 19.45f, -4.67f, 6, -36, -122, 640, 128},
    {14.60f, 19.48f, -4.57f, 38, 13, 121, 640, 128},
    {13.59f, 1.11f, 0.27f, 3, -32, -123, 640, 128},
    {10.32f, 19.45f, -4.71f, 1, -33, -123, 640, 128},
    {10.32f, 1.10f, 0.23f, 0, -34, -122, 640, 128},
    {0.00f, 19.44f, -4.72f, 0, -32, -123, 640, 128},
    {0.00f, 1.10f, 0.22f, 0, -34, -122, 640, 128},
    {-10.32f, 19.45f, -4.71f, 0, -33, -123, 640, 128},
    {-10.32f, 1.10f, 0.23f, -1, -33, -123, 640, 128},
    {-13.59f, 19.45f, -4.67f, -3, -35, -122, 640, 128},
    {-13.59f, 1.11f, 0.27f, -6, -34, -122, 640, 128},
    {-14.60f, 19.48f, -4.57f, -38, -50, -111, 640, 128},
    {-14.60f, 1.13f, 0.37f, -38, 13, 121, 640, 128},
    {-13.59f, 19.51f, -4.47f, -6, 30, 123, 640, 128},
    {-13.59f, 1.16f, 0.47f, -3, 32, 123, 640, 128},
    {-10.32f, 19.52f, -4.44f, -1, 32, 123, 640, 128},
    {-10.32f, 1.17f, 0.50f, 0, 33, 123, 640, 128},
    {-0.00f, 19.52f, -4.43f, 0, 32, 123, 640, 128},
    {-0.00f, 1.17f, 0.51f, 0, 33, 123, 640, 128},
    {10.32f, 19.52f, -4.44f, 0, 32, 123, 640, 128},
    {10.32f, 1.17f, 0.50f, 1, 33, 123, 640, 128},
    {13.59f, 19.51f, -4.47f, 3, 31, 123, 640, 128},
    {13.59f, 1.16f, 0.47f, 6, 30, 123, 640, 128},
    {0.00f, 1.13f, 0.37f, 0, -123, 33, 640, 128},
    {0.00f, 19.48f, -4.57f, 0, -123, 33, 640, 128},
    {0.00f, 13.83f, -3.58f, 0, 127, 0, 1664, 128},
    {2.94f, 12.13f, -3.58f, 89, 39, -82, 1664, 128},
    {2.38f, 12.13f, -3.74f, 13, 7, -126, 1664, 128},
    {0.91f, 12.13f, -3.83f, 3, 5, -127, 1664, 128},
    {-0.91f, 12.13f, -3.83f, -5, 5, -127, 1664, 128},
    {-2.38f, 12.13f, -3.74f, -18, 9, -125, 1664, 128},
    {-2.94f, 12.13f, -3.58f, -89, 39, 82, 1664, 128},
    {-2.38f, 12.13f, -3.43f, -13, 7, 126, 1664, 128},
    {-0.91f, 12.13f, -3.34f, -3, 5, 127, 1664, 128},
    {0.91f, 12.13f, -3.34f, 5, 5, 127, 1664, 128},
    {2.38f, 12.13f, -3.43f, 18, 9, 125, 1664, 128},
    {2.94f, 8.73f, -3.58f, 89, -39, 82, 1664, 128},
    {2.38f, 8.73f, -3.74f, 18, -9, -125, 1664, 128},
    {0.91f, 8.73f, -3.83f, 5, -5, -127, 1664, 128},
    {-0.91f, 8.73f, -3.83f, -3, -5, -127, 1664, 128},
    {-2.38f, 8.73f, -3.74f, -13, -7, -126, 1664, 128},
    {-2.94f, 8.73f, -3.58f, -89, -39, -82, 1664, 128},
    {-2.38f, 8.73f, -3.43f, -18, -9, 125, 1664, 128},
    {-0.91f, 8.73f, -3.34f, -5, -5, 127, 1664, 128},
    {0.91f, 8.73f, -3.34f, 3, -5, 127, 1664, 128},
    {2.38f, 8.73f, -3.43f, 13, -7, 126, 1664, 128},
    {0.00f, 7.03f, -3.58f, 0, -127, 0, 1664, 128},
    {-1.60f, 16.37f, -4.75f, 0, 127, 0, 384, 128},
    {-0.40f, 14.77f, -4.75f, 127, 0, 0, 384, 128},
    {-1.00f, 14.77f, -5.06f, 21, 0, -125, 384, 128},
    {-2.20f, 14.77f, -5.06f, -21, 0, -125, 384, 128},
    {-2.80f, 14.77f, -4.75f, -127, 0, 0, 384, 128},
    {-2.20f, 14.77f, -4.45f, -21, 0, 125, 384, 128},
    {-1.00f, 14.77f, -4.45f, 21, 0, 125, 384, 128},
    {-1.60f, 13.17f, -4.75f, 0, -127, 0, 384, 128},
    {1.60f, 16.37f, -4.75f, 0, 127, 0, 384, 128},
    {2.80f, 14.77f, -4.75f, 127, 0, 0, 384, 128},
    {2.20f, 14.77f, -5.06f, 21, 0, -125, 384, 128},
    {1.00f, 14.77f, -5.06f, -21, 0, -125, 384, 128},
    {0.40f, 14.77f, -4.75f, -127, 0, 0, 384, 128},
    {1.00f, 14.77f, -4.45f, -21, 0, 125, 384, 128},
    {2.20f, 14.77f, -4.45f, 21, 0, 125, 384, 128},
    {1.60f, 13.17f, -4.75f, 0, -127, 0, 384, 128},
};
constexpr int kLaptopBatchCount = 13;
inline constexpr Batch kLaptopBatches[kLaptopBatchCount] = {
    { 8, 0, 32, 0, 32 },
    { 8, 32, 32, 32, 32 },
    { 8, 64, 32, 64, 29 },
    { 8, 96, 32, 93, 42 },
    { 8, 128, 28, 135, 41 },
    { 9, 156, 4, 176, 2 },
    { 3, 160, 25, 178, 32 },
    { 8, 185, 32, 210, 32 },
    { 8, 217, 32, 242, 32 },
    { 8, 249, 32, 274, 29 },
    { 8, 281, 31, 303, 51 },
    { 8, 312, 30, 354, 52 },
    { 8, 342, 8, 406, 12 },
};
constexpr int kLaptopTriCount = 418;
inline constexpr uint8_t kLaptopTris[kLaptopTriCount][3] = {
{0,1,2}, {0,3,1}, {3,4,1}, {3,5,4}, {5,6,4}, {5,7,6}, {7,8,6}, {7,9,8}, {9,10,8}, {9,11,10}, {11,12,10}, {11,13,12}, {13,14,12}, {13,15,14}, {15,16,14}, {15,17,16}, {17,18,16}, {17,19,18}, {19,20,18}, {19,21,20}, {21,22,20}, {21,23,22}, {23,24,22}, {23,25,24}, {25,26,24}, {25,27,26}, {27,28,26}, {27,29,28}, {29,30,28}, {29,31,30}, {31,2,30}, {31,0,2}, {0,1,2}, {0,3,1}, {3,4,1}, {3,5,4}, {5,6,4}, {5,7,6}, {7,8,6}, {7,9,8}, {9,10,8}, {9,11,10}, {11,12,10}, {11,13,12}, {13,14,12}, {13,15,14}, {15,16,14}, {15,17,16}, {17,18,16}, {17,19,18}, {19,20,18}, {19,21,20}, {21,22,20}, {21,23,22}, {23,24,22}, {23,25,24}, {25,26,24}, {25,27,26}, {27,28,26}, {27,29,28}, {29,30,28}, {29,31,30}, {31,2,30}, {31,0,2}, {0,1,2}, {0,2,3}, {0,3,4}, {0,4,5}, {0,5,6}, {0,6,7}, {0,7,8}, {0,8,9}, {0,9,10}, {0,10,11}, {0,11,12}, {0,12,13}, {0,13,14}, {0,14,15}, {0,15,16}, {0,16,1}, {17,18,19}, {17,19,20}, {17,20,21}, {17,21,22}, {17,22,23}, {17,23,24}, {17,24,25}, {17,25,26}, {17,26,27}, {17,27,28}, {17,28,29}, {17,29,30}, {17,30,31}, {0,1,2}, {0,2,3}, {0,3,4}, {5,6,7}, {5,8,6}, {8,9,6}, {8,10,9}, {10,11,9}, {10,12,11}, {12,13,11}, {12,14,13}, {14,15,13}, {14,16,15}, {16,17,15}, {16,18,17}, {18,19,17}, {18,20,19}, {20,7,19}, {20,5,7}, {21,5,8}, {21,8,10}, {21,10,12}, {21,12,14}, {21,14,16}, {21,16,18}, {21,18,20}, {21,20,5}, {22,7,6}, {22,6,9}, {22,9,11}, {22,11,13}, {22,13,15}, {22,15,17}, {22,17,19}, {22,19,7}, {23,24,25}, {23,26,24}, {26,27,24}, {26,28,27}, {28,29,27}, {28,30,29}, {30,31,29}, {0,1,2}, {1,3,2}, {1,4,3}, {4,5,3}, {4,6,5}, {7,6,8}, {7,8,9}, {7,9,0}, {7,0,1}, {7,1,4}, {7,4,6}, {10,5,11}, {10,11,12}, {10,12,13}, {10,13,2}, {10,2,3}, {10,3,5}, {14,15,16}, {14,17,15}, {17,18,15}, {17,19,18}, {19,20,18}, {19,21,20}, {21,22,20}, {21,23,22}, {23,24,22}, {23,25,24}, {25,16,24}, {25,14,16}, {26,14,17}, {26,17,19}, {26,19,21}, {26,21,23}, {26,23,25}, {26,25,14}, {27,16,15}, {27,15,18}, {27,18,20}, {27,20,22}, {27,22,24}, {27,24,16}, {0,1,2}, {0,2,3}, {0,1,2}, {0,2,3}, {1,4,5}, {1,5,2}, {4,6,7}, {4,7,5}, {6,8,9}, {6,9,7}, {3,2,10}, {3,10,11}, {2,5,12}, {2,12,10}, {5,7,13}, {5,13,12}, {7,9,14}, {7,14,13}, {11,10,15}, {11,15,16}, {10,12,17}, {10,17,15}, {12,13,18}, {12,18,17}, {13,14,19}, {13,19,18}, {16,15,20}, {16,20,21}, {15,17,22}, {15,22,20}, {17,18,23}, {17,23,22}, {18,19,24}, {18,24,23}, {0,1,2}, {0,3,1}, {3,4,1}, {3,5,4}, {5,6,4}, {5,7,6}, {7,8,6}, {7,9,8}, {9,10,8}, {9,11,10}, {11,12,10}, {11,13,12}, {13,14,12}, {13,15,14}, {15,16,14}, {15,17,16}, {17,18,16}, {17,19,18}, {19,20,18}, {19,21,20}, {21,22,20}, {21,23,22}, {23,24,22}, {23,25,24}, {25,26,24}, {25,27,26}, {27,28,26}, {27,29,28}, {29,30,28}, {29,31,30}, {31,2,30}, {31,0,2}, {0,1,2}, {0,3,1}, {3,4,1}, {3,5,4}, {5,6,4}, {5,7,6}, {7,8,6}, {7,9,8}, {9,10,8}, {9,11,10}, {11,12,10}, {11,13,12}, {13,14,12}, {13,15,14}, {15,16,14}, {15,17,16}, {17,18,16}, {17,19,18}, {19,20,18}, {19,21,20}, {21,22,20}, {21,23,22}, {23,24,22}, {23,25,24}, {25,26,24}, {25,27,26}, {27,28,26}, {27,29,28}, {29,30,28}, {29,31,30}, {31,2,30}, {31,0,2}, {0,1,2}, {0,3,1}, {0,4,3}, {0,5,4}, {0,6,5}, {0,7,6}, {0,8,7}, {0,8,9}, {0,10,9}, {0,10,11}, {0,12,11}, {0,12,13}, {0,13,14}, {0,15,14}, {0,15,16}, {0,2,16}, {17,18,19}, {17,20,18}, {17,20,21}, {17,21,22}, {17,22,23}, {17,23,24}, {17,25,24}, {17,26,25}, {17,26,27}, {17,27,28}, {17,28,29}, {17,30,29}, {17,31,30}, {0,1,2}, {0,2,3}, {0,3,4}, {5,6,7}, {5,8,6}, {8,9,6}, {8,10,9}, {10,11,9}, {10,12,11}, {12,13,11}, {12,14,13}, {14,15,13}, {14,16,15}, {16,17,15}, {16,18,17}, {18,19,17}, {18,20,19}, {20,21,19}, {20,22,21}, {22,23,21}, {22,24,23}, {24,25,23}, {24,26,25}, {26,27,25}, {26,28,27}, {28,7,27}, {28,5,7}, {29,5,8}, {29,10,8}, {29,12,10}, {29,14,12}, {29,14,16}, {29,18,16}, {29,20,18}, {29,20,22}, {29,24,22}, {29,24,26}, {29,28,26}, {29,5,28}, {30,6,7}, {30,9,6}, {30,9,11}, {30,11,13}, {30,15,13}, {30,17,15}, {30,19,17}, {30,21,19}, {30,23,21}, {30,25,23}, {30,27,25}, {30,7,27}, {0,1,2}, {0,2,3}, {0,3,4}, {0,4,5}, {0,5,6}, {0,6,7}, {0,7,8}, {0,8,9}, {0,9,10}, {0,10,1}, {1,11,12}, {1,12,2}, {2,12,13}, {2,13,3}, {3,13,14}, {3,14,4}, {4,14,15}, {4,15,5}, {5,15,16}, {5,16,6}, {6,16,17}, {6,17,7}, {7,17,18}, {7,18,8}, {8,18,19}, {8,19,9}, {9,19,20}, {9,20,10}, {10,20,11}, {10,11,1}, {11,21,12}, {12,21,13}, {13,21,14}, {14,21,15}, {15,21,16}, {16,21,17}, {17,21,18}, {18,21,19}, {19,21,20}, {20,21,11}, {22,23,24}, {22,24,25}, {22,25,26}, {22,26,27}, {22,27,28}, {22,28,23}, {23,29,24}, {24,29,25}, {25,29,26}, {26,29,27}, {27,29,28}, {28,29,23}, {0,1,2}, {0,2,3}, {0,3,4}, {0,4,5}, {0,5,6}, {0,6,1}, {1,7,2}, {2,7,3}, {3,7,4}, {4,7,5}, {5,7,6}, {6,7,1}
};

} // namespace avriella_toys
} // namespace royale
